temp,no_wgt_comm,adj_sample_wgt_comm,no_wgt_low,adj_sample_wgt_low,no_wgt_high,adj_sample_wgt_high
16,1532,.0002508240458248,1525,.0002496332158763,7,1.19082994843e-06
16.7,1753,.0002646435433,1731,.0002619163592996,22,2.72718400041e-06
16.9,1516,.0002798207610759,1510,.0002779611668693,6,1.85959420662e-06
17.1,1826,.0001962385249072,1810,.0001946019377463,16,1.63658716090e-06
17.2,1725,.0002508669902923,1715,.000249424008139,10,1.44298215332e-06
17.4,3567,.0005086922743338,3531,.0005023348309514,36,6.35744338240e-06
17.5,1586,.0001849976919139,1575,.0001829127209199,11,2.08497099408e-06
17.9,1789,.0001926664380214,1773,.0001911068397291,16,1.55959829229e-06
18,5519,.0006827095956794,5480,.0006778146252593,39,4.89497042011e-06
18.1,1867,.0002057412523051,1850,.0002038888832843,17,1.85236902084e-06
18.2,3197,.0004624663119266,3171,.0004590577434733,26,3.40856845327e-06
18.4,3250,.0003805141646147,3224,.0003770780645453,26,3.43610006937e-06
18.5,1844,.0002579457257781,1834,.0002557369668708,10,2.20875890733e-06
18.6,8449,.0012000415762401,8398,.0011919144960721,51,8.12708016795e-06
18.7,5271,.0007069888985143,5229,.0007007172014148,42,6.27169709944e-06
19,6569,.0008720196037011,6537,.0008686056827258,32,3.41392097525e-06
19.2,1392,.0002158109355115,1381,.0002144550461232,11,1.35588938832e-06
19.3,3392,.0004200156551342,3374,.000417744225178,18,2.27142995612e-06
19.4,1696,.0002267784565362,1685,.0002253521644775,11,1.42629205868e-06
19.5,4477,.0012225754008099,4447,.001211681668984,30,.0000108937318259
19.6,8308,.0010549955338988,8251,.001045477974138,57,9.51755976075e-06
19.7,3270,.0004142991196439,3244,.0004107848707697,26,3.51424887413e-06
19.8,1488,.0002064315525665,1476,.0002038620257423,12,2.56952682420e-06
19.9,3409,.0004316458222355,3390,.0004283447895119,19,3.30103272361e-06
20,4519,.0005802907084451,4477,.000574243284639,42,6.04742380617e-06
20.2,7422,.0015148774774261,7375,.001504699138664,47,.000010178338762
20.3,1493,.0001811849473761,1481,.0001798132619406,12,1.37168543546e-06
20.4,5127,.0007058322870428,5092,.0007011426292145,35,4.68965782829e-06
20.6,8968,.0019339134365346,8909,.0019197381503666,59,.000014175286168
20.7,5913,.0017004539619414,5871,.0016846695007686,42,.0000157844611728
20.8,7435,.003515289857134,7401,.0035001379424813,34,.0000151519146527
20.9,6026,.0014374326821809,5984,.0014269002832279,42,.000010532398953
21,1680,.0002540027719675,1665,.0002511459929266,15,2.85677904088e-06
21.1,9144,.0018711951008932,9086,.0018578617864975,58,.0000133333143957
21.2,1756,.0001887652936539,1750,.0001882066177821,6,5.58675871787e-07
21.3,5812,.0013624716058978,5781,.001355249768082,31,7.22183781576e-06
21.4,1447,.0002047824889466,1429,.0002025465043971,18,2.23598454951e-06
21.5,7145,.0035347001986423,7103,.0035126453151832,42,.0000220548834591
21.6,4933,.0022340853973475,4915,.0022250213003474,18,9.06409700008e-06
21.7,16006,.0043920419807399,15918,.0043678969927043,88,.0000241449880356
21.8,5095,.0013153840073343,5063,.0013058677971607,32,9.51621017364e-06
21.9,5317,.0007000308930962,5301,.0006976276163861,16,2.40327671008e-06
22,8726,.0031315067635056,8698,.0031243468824904,28,7.15988101518e-06
22.1,8672,.0028137971654765,8628,.0027995971753683,44,.0000141999901082
22.2,4853,.0018692613719224,4827,.0018586664499338,26,.0000105949219886
22.3,3867,.0013427421046615,3840,.0013347997578848,27,7.94234677670e-06
22.4,8156,.0025804089724524,8105,.0025563389424583,51,.000024070029994
22.5,4792,.0023321069144799,4770,.0023190534541015,22,.0000130534603784
22.6,7243,.0034345653763239,7214,.0034205290812821,29,.0000140362950418
22.7,11631,.0046926861899976,11558,.004664068159105,73,.0000286180308926
22.8,11502,.0043441877392034,11431,.0043162619683628,71,.0000279257708407
22.9,7043,.0022487744044639,7007,.0022369533460314,36,.0000118210584326
23,7221,.0032909930258924,7185,.003273607515915,36,.0000173855099774
23.1,9573,.0029571173597454,9499,.0029333288789104,74,.000023788480835
23.3,4029,.0010636591194633,4003,.0010556070496825,26,8.05206978072e-06
23.4,4303,.0015840893248082,4290,.0015757260366911,13,8.36328811715e-06
23.5,1914,.0004099334999026,1906,.0004081224054673,8,1.81109443531e-06
23.6,6567,.0021680818023988,6537,.0021542916792647,30,.0000137901231341
23.7,9375,.0033445291769638,9342,.0033291484063511,33,.0000153807706127
23.8,8890,.0024547319956945,8819,.0024349249060691,71,.0000198070896253
23.9,4457,.0018211688053711,4427,.0018109610223149,30,.0000102077830562
24,2640,.0012892532510165,2627,.0012844925974491,13,4.76065356736e-06
24.1,6935,.0026255823517403,6909,.0026139607562925,26,.0000116215954478
24.2,8566,.0028709353111118,8509,.0028495020477237,57,.0000214332633881
24.3,10805,.0032836546630506,10738,.0032654561487142,67,.0000181985143364
24.4,6679,.00230811661865,6638,.0022957126606897,41,.0000124039579603
24.5,1959,.0005411754738418,1955,.0005402643298851,4,9.11143956728e-07
24.6,11168,.0046279216190115,11098,.0045988120378624,70,.0000291095811491
24.7,5575,.001704406334774,5558,.0017001203596649,17,4.28597510904e-06
24.8,7690,.0022331048872317,7655,.002220309273234,35,.0000127956139977
24.9,13878,.0052697839529081,13787,.0052369164666679,91,.0000328674862402
25,6709,.0020569432308193,6663,.0020431596568358,46,.0000137835739835
25.1,9770,.0034252949870286,9711,.0034039814642099,59,.0000213135228186
25.2,4205,.0017190140212904,4193,.0017114061636647,12,7.60785762566e-06
25.3,9177,.0027328939513716,9132,.0027211869940977,45,.0000117069572738
25.4,14962,.002878463495712,14848,.0028574215822097,114,.0000210419135023
25.5,4893,.0008204831920011,4860,.0008140571877711,33,6.42600423006e-06
25.6,13851,.0027974931388535,13777,.0027805949040278,74,.0000168982348256
25.7,11047,.0032493005498289,10974,.0032279779689297,73,.0000213225808992
25.8,11162,.0029079939396262,11113,.0028966619735691,49,.0000113319660571
25.9,11630,.0027623368936105,11537,.0027394211646197,93,.0000229157289908
26,13818,.0026583178191295,13734,.0026430121845387,84,.0000153056345908
26.1,17132,.0036567149066613,17059,.003642422473682,73,.0000142924329793
26.2,13649,.003633077905608,13587,.003620265814039,62,.000012812091569
26.3,21505,.0042848077615059,21395,.0042654052576534,110,.0000194025038525
26.4,27144,.0061276060029165,26975,.0060873719710131,169,.0000402340319035
26.5,24297,.0063910292729394,24181,.0063549802655358,116,.0000360490074036
26.6,17363,.0028974222752183,17247,.0028784702312521,116,.0000189520439662
26.7,21560,.0045657025561496,21434,.0045427584612519,126,.0000229440948978
26.8,15698,.0029207502080411,15585,.0029018855910534,113,.0000188646169876
26.9,16066,.0030254683431679,15957,.0030079508496605,109,.0000175174935073
27,13422,.0021084101285496,13339,.0020944942063572,83,.0000139159221924
27.1,19789,.0036991634034251,19670,.0036754014504261,119,.000023761952999
27.2,9477,.0015484420965031,9395,.0015302788200806,82,.0000181632764225
27.3,19124,.0046183479635999,18997,.0045846970963233,127,.0000336508672767
27.4,18632,.003749844907972,18523,.0037275518163042,109,.0000222930916678
27.5,12479,.0021395820310381,12401,.0021211498453404,78,.0000184321856977
27.6,17431,.0034208185385047,17328,.0033976010177668,103,.000023217520738
27.7,17293,.0032473505037629,17193,.0032317869029512,100,.0000155636008117
27.8,23191,.0047993690382206,23039,.0047718231104206,152,.0000275459278001
27.9,19865,.0034927690979121,19735,.0034715883643504,130,.0000211807335617
28,19543,.004159690310523,19417,.0041350111354568,126,.0000246791750662
28.1,13900,.0025809846759657,13820,.0025654570185338,80,.0000155276574318
28.2,13788,.0021792257224522,13718,.0021681512952583,70,.0000110744271939
28.3,15528,.0033581638552569,15439,.003337721326929,89,.0000204425283279
28.4,5602,.0010285710577911,5569,.0010231275096011,33,5.44354818999e-06
28.5,17756,.0026497047517973,17631,.00262956901748,125,.0000201357343173
28.6,9339,.0014388788524506,9280,.0014292678302148,59,9.61102223584e-06
28.7,9331,.0019803160863789,9281,.001967956133325,50,.0000123599530539
28.8,5911,.001063374344497,5869,.0010561207809658,42,7.25356353115e-06
28.9,10200,.00174919991127,10135,.0017349005551495,65,.0000142993561205
29,3234,.0004980399048975,3207,.0004931500464451,27,4.88985845237e-06
29.1,5498,.0012170191943746,5444,.0012061910883006,54,.000010828106074
29.2,10577,.0018091781838088,10529,.00180048096286,48,8.69722094876e-06
29.4,4026,.0010810257539724,4017,.0010791051135648,9,1.92064040760e-06
29.5,4655,.0012493336251787,4627,.0012408236151877,28,8.51000999091e-06
29.6,5108,.0009292237534435,5070,.0009230159591969,38,6.20779424665e-06
29.7,4817,.0012413659446082,4797,.0012354137536761,20,5.95219093213e-06
29.8,1914,.0005413299238199,1908,.0005402459087662,6,1.08401505372e-06
29.9,1311,.0001615708761129,1300,.0001603995169539,11,1.17135915900e-06
30,1366,.0001883748650826,1355,.0001870880255161,11,1.28683956646e-06
30.3,2391,.0002643954799666,2372,.0002617681800636,19,2.62729990297e-06
