temp,yhat_low,se_low,lowerci_low,upperci_low,yhat_high,se_high,lowerci_high,upperci_high
-20,4.3252416,80.108047,-152.68364,161.33412,1441.1855,6390.9756,-11084.896,13967.268
-19.9,4.1692929,79.172829,-151.00661,159.34518,1427.9149,6338.6772,-10995.664,13851.494
-19.8,4.0149579,78.245697,-149.34378,157.3737,1414.7251,6286.6992,-10906.979,13736.429
-19.7,3.8622282,77.326599,-147.69513,155.41959,1401.6157,6235.0396,-10818.837,13622.068
-19.6,3.7110953,76.415512,-146.06055,153.48274,1388.5865,6183.6973,-10731.237,13508.41
-19.5,3.5615509,75.512383,-144.44,151.56311,1375.6371,6132.6714,-10644.178,13395.452
-19.4,3.4135866,74.61718,-142.8334,149.66057,1362.7672,6081.9604,-10557.656,13283.19
-19.3,3.2671943,73.729866,-141.24069,147.77507,1349.9767,6031.563,-10471.669,13171.622
-19.2,3.1223652,72.850395,-139.66179,145.90651,1337.265,5981.4775,-10386.216,13060.746
-19.1,2.9790912,71.978729,-138.09663,144.05481,1324.6321,5931.7031,-10301.293,12950.557
-19,2.8373637,71.114838,-136.54517,142.21989,1312.0776,5882.2388,-10216.898,12841.054
-18.9,2.6971748,70.258675,-135.00731,140.40166,1299.6012,5833.0825,-10133.031,12732.233
-18.8,2.558516,69.41021,-133.483,138.60002,1287.2026,5784.2339,-10049.688,12624.093
-18.7,2.4213791,68.569397,-131.97217,136.81493,1274.8816,5735.6909,-9966.8662,12516.629
-18.6,2.2857556,67.736198,-130.47476,135.04626,1262.6378,5687.4521,-9884.5645,12409.84
-18.5,2.1516378,66.910583,-128.99069,133.29398,1250.4709,5639.5171,-9802.7793,12303.722
-18.4,2.019017,66.092514,-127.51992,131.55795,1238.3807,5591.8843,-9721.5107,12198.272
-18.3,1.8878851,65.281944,-126.06237,129.83813,1226.3671,5544.5522,-9640.7549,12093.489
-18.2,1.758234,64.478836,-124.61797,128.13443,1214.4294,5497.5195,-9560.5107,11989.369
-18.1,1.6300557,63.683167,-123.18665,126.44677,1202.5676,5450.7852,-9480.7754,11885.91
-18,1.5033418,62.89489,-121.76837,124.77505,1190.7813,5404.3477,-9401.5459,11783.108
-17.9,1.3780843,62.113968,-120.36305,123.11922,1179.0703,5358.2065,-9322.8213,11680.962
-17.8,1.254275,61.340366,-118.97063,121.47918,1167.4342,5312.3594,-9244.5986,11579.467
-17.7,1.1319059,60.574047,-117.59104,119.85486,1155.8728,5266.8057,-9166.877,11478.622
-17.6,1.010969,59.814976,-116.22424,118.24617,1144.3859,5221.5439,-9089.6523,11378.424
-17.5,.89145613,59.063118,-114.87013,116.65304,1132.973,5176.5732,-9012.9238,11278.87
-17.4,.7733593,58.318436,-113.52867,115.07539,1121.634,5131.8921,-8936.6895,11179.958
-17.3,.65667051,57.580894,-112.19981,113.51315,1110.3687,5087.499,-8860.9463,11081.684
-17.2,.54138172,56.850456,-110.88346,111.96622,1099.1765,5043.3931,-8785.6924,10984.046
-17.1,.42748496,56.127087,-109.57958,110.43455,1088.0574,4999.5732,-8710.9258,10887.041
-17,.31497234,55.410748,-108.2881,108.91805,1077.011,4956.0381,-8636.6445,10790.667
-16.9,.20383584,54.701412,-107.00896,107.41663,1066.0371,4912.7861,-8562.8467,10694.921
-16.8,.094067581,53.999039,-105.7421,105.93024,1055.1353,4869.8164,-8489.5293,10599.8
-16.7,-.014340355,53.303596,-104.48746,104.45879,1044.3054,4827.1274,-8416.6904,10505.302
-16.6,-.12139586,52.615047,-103.245,103.0022,1033.5471,4784.7188,-8344.3291,10411.423
-16.5,-.22710678,51.933357,-102.01462,101.5604,1022.8602,4742.5879,-8272.4414,10318.162
-16.4,-.33148098,51.258495,-100.79629,100.13332,1012.2443,4700.7349,-8201.0264,10225.516
-16.3,-.43452632,50.590427,-99.589935,98.720886,1001.6992,4659.1577,-8130.082,10133.48
-16.2,-.53625053,49.929115,-98.395515,97.323013,991.22455,4617.8555,-8059.606,10042.056
-16.1,-.63666153,49.274529,-97.212959,95.939636,980.82019,4576.8271,-7989.5962,9951.2363
-16,-.73576701,48.626633,-96.042221,94.570686,970.48578,4536.0713,-7920.0503,9861.0215
-15.9,-.83357471,47.985397,-94.883224,93.21608,960.22107,4495.5864,-7850.9663,9771.4082
-15.8,-.93009245,47.350788,-93.735931,91.875748,950.02576,4455.3716,-7782.3423,9682.3936
-15.7,-1.0253279,46.722767,-92.600273,90.549614,939.89954,4415.4258,-7714.1763,9593.9756
-15.6,-1.1192888,46.101311,-91.476196,89.237617,929.84222,4375.748,-7646.4663,9506.1504
-15.5,-1.2119828,45.486378,-90.363647,87.939682,919.85352,4336.3364,-7579.2095,9418.917
-15.4,-1.3034177,44.877945,-89.262573,86.655739,909.93311,4297.1904,-7512.4048,9332.2715
-15.3,-1.3936009,44.27597,-88.172913,85.385712,900.08069,4258.3081,-7446.0498,9246.2109
-15.2,-1.4825402,43.680431,-87.094612,84.129532,890.29614,4219.689,-7380.1426,9160.7344
-15.1,-1.5702432,43.09129,-86.027618,82.887131,880.57904,4181.3315,-7314.6807,9075.8389
-15,-1.6567174,42.508514,-84.971878,81.65844,870.92914,4143.2349,-7249.6621,8991.5205
-14.9,-1.7419707,41.932079,-83.927338,80.44339,861.34625,4105.3979,-7185.0854,8907.7783
-14.8,-1.8260102,41.361946,-82.893936,79.24192,851.83008,4067.8186,-7120.9482,8824.6084
-14.7,-1.9088438,40.798092,-81.871635,78.053947,842.38031,4030.4968,-7057.248,8742.0088
-14.6,-1.9904788,40.240479,-80.860367,76.87941,832.99664,3993.4307,-6993.9839,8659.9775
-14.5,-2.0709229,39.689079,-79.860092,75.718246,823.67896,3956.6196,-6931.1528,8578.5107
-14.4,-2.1501832,39.143867,-78.87075,74.570381,814.42682,3920.0618,-6868.7534,8497.6064
-14.3,-2.2282677,38.604805,-77.892296,73.43576,805.24005,3883.7566,-6806.7832,8417.2637
-14.2,-2.3051836,38.071865,-76.924667,72.314301,796.11841,3847.7026,-6745.2402,8337.4775
-14.1,-2.3809383,37.545021,-75.967827,71.205948,787.06152,3811.8989,-6684.123,8258.2461
-14,-2.4555392,37.024239,-75.021713,70.110634,778.06921,3776.3442,-6623.4292,8179.5679
-13.9,-2.5289938,36.509495,-74.086288,69.028297,769.14124,3741.0371,-6563.1572,8101.4395
-13.8,-2.6013095,36.000751,-73.161491,67.95887,760.27722,3705.9771,-6503.3042,8023.8584
-13.7,-2.6724935,35.49799,-72.247276,66.902283,751.47705,3671.1621,-6443.8687,7946.8228
-13.6,-2.7425532,35.001175,-71.34359,65.858482,742.7403,3636.592,-6384.8491,7870.3296
-13.5,-2.811496,34.510277,-70.450394,64.8274,734.06683,3602.2649,-6326.2427,7794.3765
-13.4,-2.8793292,34.025272,-69.567635,63.808975,725.4563,3568.1799,-6268.0479,7718.9604
-13.3,-2.9460602,33.546127,-68.695267,62.803143,716.90851,3534.3362,-6210.2632,7644.0801
-13.2,-3.0116959,33.072819,-67.833237,61.809841,708.4231,3500.7322,-6152.8857,7569.7319
-13.1,-3.0762439,32.60532,-66.981499,60.82901,699.99994,3467.3669,-6095.9141,7495.9141
-13,-3.1397111,32.1436,-66.140007,59.860584,691.63867,3434.2393,-6039.3467,7422.624
-12.9,-3.2021053,31.68763,-65.308716,58.904507,683.33905,3401.3481,-5983.1807,7349.8589
-12.8,-3.263433,31.237385,-64.487587,57.960716,675.10089,3368.6924,-5927.4146,7277.6167
-12.7,-3.3237019,30.792839,-63.676559,57.029152,666.92383,3336.2708,-5872.0469,7205.8945
-12.6,-3.3829188,30.353964,-62.875595,56.109756,658.80768,3304.0825,-5817.0752,7134.6904
-12.5,-3.4410913,29.920732,-62.084648,55.202465,650.75214,3272.1262,-5762.4976,7064.002
-12.4,-3.4982259,29.493118,-61.303673,54.307224,642.75696,3240.4009,-5708.3125,6993.8262
-12.3,-3.5543303,29.071095,-60.532627,53.423969,634.82184,3208.9055,-5654.5171,6924.1611
-12.2,-3.6094112,28.654636,-59.771465,52.552643,626.94666,3177.6387,-5601.1108,6855.0039
-12.1,-3.663476,28.243715,-59.020142,51.693192,619.13098,3146.5996,-5548.0908,6786.353
-12,-3.7165313,27.838308,-58.278614,50.845551,611.37469,3115.7871,-5495.4556,6718.2051
-11.9,-3.7685845,27.438389,-57.546837,50.009666,603.67749,3085.2,-5443.2031,6650.5581
-11.8,-3.8196425,27.043928,-56.824768,49.185482,596.03912,3054.8372,-5391.3315,6583.4097
-11.7,-3.8697124,26.654903,-56.112362,48.37294,588.45929,3024.6975,-5339.8389,6516.7573
-11.6,-3.9188011,26.271288,-55.40958,47.57198,580.93781,2994.7803,-5288.7236,6450.5991
-11.5,-3.9669156,25.893057,-54.716377,46.782543,573.47437,2965.084,-5237.9834,6384.9321
-11.4,-4.0140624,25.520185,-54.032707,46.004581,566.06873,2935.6077,-5187.6162,6319.7539
-11.3,-4.0602493,25.152647,-53.358532,45.238033,558.72058,2906.3503,-5137.6211,6255.0625
-11.2,-4.1054826,24.790417,-52.693806,44.482838,551.42981,2877.3108,-5087.9956,6190.855
-11.1,-4.1497693,24.433468,-52.038486,43.738949,544.19611,2848.488,-5038.7378,6127.1299
-11,-4.1931162,24.081778,-51.392532,43.006302,537.0191,2819.8809,-4989.8462,6063.8843
-10.9,-4.2355304,23.735319,-50.755901,42.28484,529.89874,2791.4885,-4941.3184,6001.1157
-10.8,-4.2770185,23.394068,-50.128551,41.574512,522.83459,2763.3098,-4893.1528,5938.8223
-10.7,-4.3175879,23.058001,-49.510437,40.875263,515.82654,2735.3435,-4845.3481,5877.001
-10.6,-4.357244,22.727087,-48.901516,40.187027,508.87427,2707.5886,-4797.9019,5815.6504
-10.5,-4.3959951,22.401306,-48.30175,39.509758,501.97754,2680.0439,-4750.8125,5754.7676
-10.4,-4.4338474,22.080631,-47.71109,38.843395,495.13611,2652.709,-4704.0776,5694.3501
-10.3,-4.4708071,21.765036,-47.129494,38.187881,488.3497,2625.582,-4657.6968,5634.396
-10.2,-4.5068817,21.454496,-46.556923,37.543156,481.6181,2598.6624,-4611.6665,5574.9028
-10.1,-4.542078,21.148985,-45.993324,36.909168,474.94104,2571.949,-4565.9863,5515.8682
-10,-4.5764017,20.848476,-45.438663,36.285862,468.31827,2545.4407,-4520.6538,5457.29
-9.9,-4.6098604,20.552944,-44.892891,35.673168,461.74957,2519.1365,-4475.667,5399.166
-9.800000000000001,-4.6424608,20.262363,-44.355961,35.071041,455.23468,2493.0352,-4431.0244,5341.4941
-9.699999999999999,-4.6742086,19.976706,-43.827831,34.479412,448.77332,2467.136,-4386.7246,5284.271
-9.6,-4.7051115,19.695944,-43.308453,33.898228,442.3653,2441.438,-4342.7651,5227.4956
-9.5,-4.7351751,19.420052,-42.797779,33.327427,436.01035,2415.9397,-4299.1445,5171.165
-9.4,-4.7644067,19.149002,-42.295761,32.766949,429.70822,2390.6404,-4255.8608,5115.2773
-9.300000000000001,-4.7928128,18.882767,-41.802357,32.216728,423.45865,2365.5391,-4212.9126,5059.8301
-9.199999999999999,-4.8203998,18.621317,-41.317509,31.67671,417.26144,2340.6345,-4170.2979,5004.8208
-9.1,-4.8471742,18.364624,-40.841175,31.146828,411.1163,2315.9258,-4128.0146,4950.2476
-9,-4.8731422,18.112658,-40.373299,30.627016,405.02304,2291.4119,-4086.062,4896.1079
-8.9,-4.8983111,17.865391,-39.913834,30.11721,398.98135,2267.092,-4044.4373,4842.3999
-8.800000000000001,-4.9226866,17.622791,-39.462723,29.61735,392.99106,2242.9648,-4003.1392,4789.1211
-8.699999999999999,-4.9462757,17.384829,-39.019913,29.127361,387.05188,2219.0293,-3962.1658,4736.2695
-8.6,-4.9690847,17.15147,-38.58535,28.647179,381.16357,2195.2847,-3921.5154,4683.8423
-8.5,-4.9911194,16.922686,-38.158974,28.176735,375.32593,2171.7297,-3881.1863,4631.8384
-8.4,-5.0123873,16.698442,-37.74073,27.715958,369.53867,2148.3638,-3841.177,4580.2544
-8.300000000000001,-5.0328937,16.478704,-37.330563,27.264774,363.80157,2125.1855,-3801.4854,4529.0884
-8.199999999999999,-5.0526457,16.263441,-36.928402,26.823111,358.11441,2102.1938,-3762.1101,4478.3389
-8.1,-5.0716496,16.052614,-36.534195,26.390896,352.4769,2079.3882,-3723.0491,4428.0029
-8,-5.0899115,15.846189,-36.147869,25.968048,346.88885,2056.7673,-3684.301,4378.0786
-7.9,-5.1074376,15.644129,-35.769367,25.554493,341.35004,2034.3302,-3645.8638,4328.564
-7.8,-5.1242342,15.446397,-35.398617,25.150148,335.86017,2012.0758,-3607.7361,4279.4565
-7.7,-5.1403079,15.252954,-35.035549,24.754932,330.41904,1990.0034,-3569.916,4230.7539
-7.6,-5.1556649,15.06376,-34.680092,24.368763,325.0264,1968.1118,-3532.4019,4182.4546
-7.5,-5.170311,14.878776,-34.332176,23.991554,319.68201,1946.4,-3495.1919,4134.5562
-7.4,-5.1842532,14.697959,-33.991722,23.623217,314.38565,1924.8672,-3458.2847,4087.0559
-7.3,-5.1974969,14.521268,-33.658657,23.263664,309.13708,1903.5122,-3421.6782,4039.9524
-7.2,-5.2100487,14.348658,-33.332901,22.912804,303.9361,1882.3342,-3385.3713,3993.2434
-7.1,-5.2219148,14.180085,-33.01437,22.570541,298.78241,1861.3323,-3349.3618,3946.9265
-7,-5.2331009,14.015504,-32.702984,22.236782,293.67578,1840.5052,-3313.6482,3900.9998
-6.9,-5.2436137,13.854867,-32.398655,21.911427,288.61606,1819.8523,-3278.229,3855.4612
-6.8,-5.253459,13.698128,-32.101295,21.594378,283.60291,1799.3726,-3243.1025,3810.3083
-6.7,-5.2626433,13.545236,-31.810818,21.285532,278.63617,1779.0648,-3208.2668,3765.5391
-6.6,-5.271172,13.396142,-31.527128,20.984783,273.71558,1758.9283,-3173.7205,3721.1519
-6.5,-5.2790513,13.250794,-31.250132,20.692028,268.84091,1738.962,-3139.4622,3677.1438
-6.4,-5.2862878,13.109141,-30.979733,20.407156,264.01196,1719.165,-3105.4895,3633.5134
-6.3,-5.2928872,12.971128,-30.715832,20.130058,259.22842,1699.5364,-3071.8015,3590.2585
-6.2,-5.2988553,12.836702,-30.45833,19.860619,254.49016,1680.0751,-3038.3965,3547.3767
-6.1,-5.3041983,12.705807,-30.207121,19.598724,249.79689,1660.7803,-3005.2725,3504.8665
-6,-5.3089223,12.578384,-29.962103,19.344259,245.14839,1641.6509,-2972.4282,3462.7251
-5.9,-5.3130331,12.454379,-29.723167,19.097101,240.54443,1622.6862,-2939.8621,3420.9509
-5.8,-5.3165359,12.333731,-29.490204,18.857132,235.98479,1603.885,-2907.572,3379.5417
-5.7,-5.319438,12.216381,-29.263105,18.624228,231.46924,1585.2466,-2875.5569,3338.4954
-5.6,-5.3217444,12.102268,-29.041754,18.398266,226.99754,1566.7699,-2843.8152,3297.8101
-5.5,-5.3234611,11.991331,-28.826038,18.179115,222.56947,1548.4541,-2812.3447,3257.4839
-5.4,-5.3245945,11.883508,-28.615841,17.966652,218.18483,1530.2982,-2781.1445,3217.5142
-5.3,-5.3251495,11.778734,-28.411045,17.760746,213.84335,1512.3014,-2750.2129,3177.8997
-5.2,-5.3251324,11.676949,-28.211531,17.561266,209.54483,1494.4625,-2719.5479,3138.6377
-5.1,-5.3245492,11.578084,-28.017178,17.368078,205.28905,1476.7809,-2689.1484,3099.7266
-5,-5.3234053,11.482077,-27.827862,17.181051,201.07578,1459.2556,-2659.0127,3061.1641
-4.9,-5.3217068,11.388861,-27.643463,17.00005,196.90477,1441.8855,-2629.1389,3022.9485
-4.8,-5.3194594,11.29837,-27.463858,16.82494,192.77582,1424.6699,-2599.5261,2985.0776
-4.7,-5.3166685,11.210538,-27.288919,16.655582,188.68872,1407.6079,-2570.1721,2947.5496
-4.6,-5.3133402,11.125298,-27.118523,16.491842,184.64322,1390.6985,-2541.0757,2910.3623
-4.5,-5.3094797,11.042582,-26.952541,16.333582,180.63911,1373.9408,-2512.2354,2873.5137
-4.4,-5.3050933,10.962323,-26.790852,16.180664,176.67616,1357.334,-2483.6494,2837.002
-4.3,-5.3001866,10.884454,-26.633324,16.032949,172.75417,1340.8771,-2455.3167,2800.825
-4.2,-5.294765,10.808907,-26.479832,15.890303,168.87289,1324.5692,-2427.2351,2764.9807
-4.1,-5.2888336,10.735614,-26.33025,15.752582,165.03212,1308.4095,-2399.4033,2729.4675
-4,-5.2823992,10.664508,-26.18445,15.619652,161.23163,1292.3971,-2371.8201,2694.2832
-3.9,-5.2754664,10.595521,-26.042307,15.491374,157.47121,1276.531,-2344.4836,2659.426
-3.8,-5.2680411,10.528587,-25.903694,15.367612,153.75063,1260.8104,-2317.3926,2624.8938
-3.7,-5.260129,10.46364,-25.768486,15.248228,150.06967,1245.2346,-2290.5452,2590.6846
-3.6,-5.2517352,10.400612,-25.636559,15.133089,146.42813,1229.8024,-2263.9402,2556.7966
-3.5,-5.2428656,10.339437,-25.50779,15.022058,142.82578,1214.5132,-2237.5762,2523.2278
-3.4,-5.2335258,10.28005,-25.382053,14.915003,139.26237,1199.3658,-2211.4514,2489.9763
-3.3,-5.2237206,10.222387,-25.259232,14.81179,135.73775,1184.3597,-2185.5647,2457.0403
-3.2,-5.2134566,10.166384,-25.139202,14.71229,132.25166,1169.4939,-2159.9143,2424.4175
-3.1,-5.2027383,10.111976,-25.021847,14.616371,128.80388,1154.7675,-2134.4988,2392.1064
-3,-5.1915712,10.059101,-24.907047,14.523906,125.39422,1140.1796,-2109.3167,2360.105
-2.9,-5.1799607,10.007698,-24.794689,14.434768,122.02245,1125.7294,-2084.3665,2328.4114
-2.8,-5.167913,9.9577055,-24.684658,14.348832,118.68835,1111.416,-2059.647,2297.0237
-2.7,-5.1554322,9.9090633,-24.576839,14.265975,115.39172,1097.2386,-2035.1565,2265.9399
-2.6,-5.1425247,9.8617125,-24.471127,14.186076,112.13234,1083.1964,-2010.8936,2235.1582
-2.5,-5.1291957,9.8155947,-24.367409,14.109017,108.90999,1069.2885,-1986.8568,2204.6768
-2.4,-5.1154499,9.7706537,-24.265579,14.034679,105.72446,1055.5139,-1963.0449,2174.4939
-2.3,-5.1012931,9.7268324,-24.165535,13.962949,102.57555,1041.8721,-1939.4562,2144.6072
-2.2,-5.08673,9.6840773,-24.067173,13.893713,99.463028,1028.3619,-1916.0894,2115.0154
-2.1,-5.0717669,9.642334,-23.970394,13.82686,96.386696,1014.9827,-1892.943,2085.7163
-2,-5.0564079,9.6015501,-23.875101,13.762284,93.346344,1001.7336,-1870.0155,2056.7083
-1.9,-5.0406594,9.5616741,-23.781197,13.699878,90.341751,988.61383,-1847.3057,2027.9893
-1.8,-5.0245252,9.5226564,-23.688589,13.639538,87.372719,975.62244,-1824.8121,1999.5575
-1.7,-5.0080118,9.4844475,-23.597187,13.581163,84.439026,962.75861,-1802.5332,1971.4113
-1.6,-4.9911237,9.4469995,-23.506903,13.524655,81.540474,950.02161,-1780.4678,1943.5487
-1.5,-4.973866,9.4102669,-23.41765,13.469919,78.676849,937.41058,-1758.6141,1915.9679
-1.4,-4.956244,9.3742046,-23.329348,13.41686,75.847939,924.92474,-1736.9712,1888.6671
-1.3,-4.9382629,9.338768,-23.241913,13.365387,73.053543,912.56317,-1715.5375,1861.6445
-1.2,-4.9199281,9.303915,-23.155268,13.315412,70.293449,900.32513,-1694.3114,1834.8983
-1.1,-4.9012437,9.2696047,-23.069334,13.266848,67.567451,888.20984,-1673.2919,1808.4268
-1,-4.8822155,9.235795,-22.984041,13.219611,64.875351,876.21643,-1652.4773,1782.228
-.9,-4.8628488,9.2024498,-22.899319,13.173621,62.21693,864.34412,-1631.8665,1756.3003
-.8,-4.8431478,9.169529,-22.815094,13.128799,59.591988,852.5921,-1611.4579,1730.6418
-.7,-4.8231177,9.1369982,-22.731304,13.085069,57.00032,840.95959,-1591.2502,1705.2509
-.6,-4.8027644,9.1048203,-22.647884,13.042356,54.441719,829.4458,-1571.2422,1680.1256
-.5,-4.7820916,9.0729628,-22.564772,13.000588,51.915985,818.04993,-1551.4324,1655.2643
-.4,-4.7611051,9.0413923,-22.481909,12.959699,49.422913,806.77112,-1531.8195,1630.6653
-.3,-4.7398095,9.0100784,-22.399239,12.91962,46.962296,795.6087,-1512.4021,1606.3267
-.2,-4.7182097,8.9789896,-22.316706,12.880285,44.533936,784.56177,-1493.1788,1582.2467
-.1,-4.696311,8.9480963,-22.234257,12.841636,42.137627,773.62964,-1474.1486,1558.4238
0,-4.674118,8.9173717,-22.151844,12.803609,39.773167,762.81146,-1455.3098,1534.8561
.1,-4.6516352,8.8867874,-22.069418,12.766149,37.440357,752.10651,-1436.6613,1511.542
.2,-4.6288681,8.8563185,-21.986935,12.729198,35.138996,741.51392,-1418.2017,1488.4796
.3,-4.6058207,8.8259411,-21.904346,12.692705,32.868885,731.03308,-1399.9296,1465.6674
.4,-4.5824986,8.7956285,-21.821615,12.656617,30.629818,720.66302,-1381.8438,1443.1034
.5,-4.5589066,8.7653608,-21.738699,12.620886,28.4216,710.40314,-1363.943,1420.7863
.6,-4.535049,8.735116,-21.655561,12.585464,26.24403,700.25262,-1346.2258,1398.714
.7,-4.5109305,8.7048721,-21.572166,12.550305,24.09691,690.21069,-1328.6912,1376.885
.8,-4.4865561,8.6746101,-21.488478,12.515367,21.980043,680.27655,-1311.3375,1355.2976
.9,-4.4619303,8.644311,-21.404469,12.480607,19.893229,670.44952,-1294.1637,1333.9501
1,-4.4370584,8.6139565,-21.320103,12.445986,17.836269,660.72876,-1277.1683,1312.8409
1.1,-4.4119444,8.5835304,-21.235355,12.411467,15.808971,651.11365,-1260.3503,1291.9683
1.2,-4.3865933,8.5530167,-21.150198,12.377011,13.811135,641.60327,-1243.7083,1271.3304
1.3,-4.3610096,8.5223999,-21.064606,12.342587,11.842566,632.19702,-1227.2408,1250.9259
1.4,-4.3351979,8.4916649,-20.978556,12.30816,9.9030695,622.8941,-1210.9469,1230.7531
1.5,-4.3091631,8.4607992,-20.892025,12.273699,7.9924483,613.69373,-1194.8252,1210.8101
1.6,-4.2829094,8.4297895,-20.804993,12.239175,6.1105089,604.59521,-1178.8744,1191.0953
1.7,-4.2564416,8.3986235,-20.717442,12.204558,4.2570572,595.59784,-1163.0933,1171.6074
1.8,-4.2297645,8.3672905,-20.629353,12.169824,2.4318993,586.70087,-1147.4806,1152.3445
1.9,-4.2028818,8.3357801,-20.54071,12.134946,.63484174,577.9035,-1132.0353,1133.3049
2,-4.1757989,8.304081,-20.451498,12.0999,-1.1343081,569.20508,-1116.7557,1114.4872
2.1,-4.14852,8.2721853,-20.361706,12.064665,-2.8757424,560.60486,-1101.6411,1095.8896
2.2,-4.1210494,8.2400837,-20.271317,12.029219,-4.5896535,552.10211,-1086.6899,1077.5106
2.3,-4.0933919,8.2077694,-20.180325,11.993541,-6.2762327,543.69617,-1071.9011,1059.3486
2.4,-4.0655513,8.1752338,-20.088717,11.957613,-7.9356704,535.38623,-1057.2733,1041.402
2.5,-4.0375328,8.1424713,-19.996485,11.921418,-9.5681581,527.17157,-1042.8055,1023.6692
2.6,-4.0093403,8.1094751,-19.90362,11.884939,-11.173885,519.05157,-1028.4963,1006.1486
2.7,-3.9809787,8.0762405,-19.81012,11.848162,-12.753041,511.02551,-1014.3447,988.83856
2.8,-3.9524519,8.0427618,-19.715975,11.811071,-14.305816,503.09262,-1000.3492,971.73761
2.9,-3.9237645,8.0090342,-19.621183,11.773654,-15.832397,495.25226,-986.50897,954.84418
3,-3.8949206,7.9750543,-19.52574,11.735899,-17.332975,487.50366,-972.82257,938.15662
3.1,-3.8659246,7.9408188,-19.429644,11.697794,-18.807735,479.84619,-959.28894,921.67346
3.2,-3.836781,7.9063244,-19.332891,11.659329,-20.256866,472.27908,-945.90686,905.39313
3.3,-3.8074939,7.8715682,-19.235485,11.620496,-21.680553,464.80173,-932.67523,889.31409
3.4,-3.7780676,7.8365488,-19.137421,11.581285,-23.078985,457.41339,-919.59277,873.43475
3.5,-3.7485065,7.8012643,-19.038704,11.54169,-24.452349,450.11337,-906.65839,857.75366
3.6,-3.7188144,7.7657127,-18.939333,11.501703,-25.800825,442.90103,-893.87091,842.26923
3.7,-3.6889961,7.7298946,-18.839312,11.461319,-27.124603,435.77563,-881.22919,826.97998
3.8,-3.6590552,7.6938081,-18.738642,11.420531,-28.423864,428.73654,-868.73206,811.88434
3.9,-3.6289964,7.657454,-18.637331,11.379337,-29.698797,421.78305,-856.37842,796.98083
4,-3.5988233,7.620832,-18.535379,11.337732,-30.949581,414.91452,-844.16711,782.26794
4.1,-3.5685406,7.5839429,-18.432795,11.295714,-32.176403,408.13025,-832.09698,767.7442
4.2,-3.538152,7.5467873,-18.329584,11.253279,-33.37944,401.42957,-820.16693,753.40808
4.3,-3.5076621,7.5093665,-18.22575,11.210426,-34.55888,394.81183,-808.37585,739.25806
4.4,-3.4770741,7.4716825,-18.121304,11.167154,-35.714905,388.27637,-796.7226,725.29279
4.5,-3.446393,7.4337363,-18.016249,11.123463,-36.847694,381.82251,-785.20605,711.51068
4.6,-3.4156225,7.3955307,-17.910597,11.079351,-37.957428,375.44962,-773.82513,697.91028
4.7,-3.3847663,7.3570671,-17.804354,11.034821,-39.044285,369.15698,-762.57867,684.49011
4.8,-3.3538289,7.3183494,-17.697531,10.989872,-40.108452,362.94403,-751.4657,671.24878
4.9,-3.3228142,7.2793789,-17.590136,10.944507,-41.150105,356.81009,-740.48499,658.18481
5,-3.2917259,7.24016,-17.482178,10.898726,-42.169418,350.75446,-729.63556,645.29669
5.1,-3.2605681,7.200695,-17.373671,10.852535,-43.166576,344.77655,-718.9162,632.58307
5.2,-3.2293448,7.1609883,-17.264624,10.805934,-44.141758,338.87573,-708.32599,620.04248
5.3,-3.19806,7.1210427,-17.155046,10.758927,-45.095139,333.0513,-697.86371,607.6734
5.4,-3.1667173,7.0808625,-17.044952,10.711518,-46.026897,327.30267,-687.52838,595.47455
5.5,-3.1353209,7.0404515,-16.934353,10.663711,-46.937206,321.62921,-677.31891,583.44446
5.6,-3.1038744,6.999815,-16.823259,10.61551,-47.826248,316.03027,-667.23419,571.58173
5.7,-3.072382,6.9589558,-16.711685,10.566921,-48.694195,310.50522,-657.27325,559.88489
5.8,-3.0408471,6.9178796,-16.599642,10.517948,-49.541222,305.05347,-647.435,548.35254
5.9,-3.0092738,6.8765912,-16.487144,10.468597,-50.367508,299.67435,-637.71838,536.9834
6,-2.9776659,6.8350945,-16.374205,10.418874,-51.173222,294.36725,-628.12244,525.776
6.1,-2.946027,6.7933955,-16.260838,10.368784,-51.958542,289.13156,-618.646,514.72894
6.2,-2.9143608,6.7514992,-16.147057,10.318334,-52.723644,283.96667,-609.28815,503.84085
6.3,-2.8826714,6.7094102,-16.032873,10.267531,-53.468697,278.87201,-600.04779,493.11038
6.4,-2.8509622,6.6671343,-15.918305,10.216381,-54.193871,273.84689,-590.92389,482.53616
6.5,-2.819237,6.6246772,-15.803366,10.164892,-54.899345,268.89075,-581.91553,472.11685
6.6,-2.7874997,6.5820446,-15.688069,10.11307,-55.585289,264.00299,-573.02161,461.85104
6.7,-2.7557535,6.5392413,-15.572431,10.060925,-56.251873,259.18298,-564.24115,451.73743
6.8,-2.7240024,6.496274,-15.456466,10.008461,-56.899265,254.43015,-555.57318,441.77466
6.9,-2.6922498,6.4531484,-15.340188,9.9556885,-57.527641,249.7439,-547.01666,431.9614
7,-2.6604996,6.4098697,-15.223614,9.9026146,-58.137169,245.12361,-538.57062,422.2963
7.1,-2.6287553,6.3664451,-15.106758,9.849247,-58.72802,240.56874,-530.23407,412.77805
7.2,-2.5970201,6.3228793,-14.989636,9.7955961,-59.300362,236.07866,-522.00604,403.4053
7.3,-2.5652983,6.2791796,-14.872265,9.7416677,-59.854359,231.6528,-513.8855,394.17679
7.4,-2.5335927,6.235352,-14.754658,9.6874723,-60.390186,227.29059,-505.87155,385.09119
7.5,-2.5019073,6.1914024,-14.636833,9.6330185,-60.908009,222.99144,-497.9632,376.14719
7.6,-2.4702454,6.147337,-14.518805,9.5783138,-61.40799,218.75478,-490.15945,367.34348
7.7,-2.4386106,6.1031628,-14.40059,9.5233688,-61.890305,214.58002,-482.45941,358.6788
7.8,-2.407006,6.0588856,-14.282204,9.4681911,-62.355114,210.4666,-474.86206,350.15182
7.9,-2.3754356,6.0145116,-14.163662,9.4127903,-62.802582,206.41396,-467.36649,341.76132
8,-2.3439026,5.970048,-14.044982,9.3571768,-63.23288,202.42151,-459.97174,333.50598
8.1,-2.3124104,5.9255009,-13.926178,9.3013582,-63.646172,198.48872,-452.67691,325.38458
8.199999999999999,-2.2809622,5.8808765,-13.807268,9.2453442,-64.042618,194.61501,-445.48102,317.39581
8.300000000000001,-2.2495615,5.8361816,-13.688268,9.1891441,-64.422386,190.79984,-438.38318,309.53842
8.4,-2.2182119,5.7914228,-13.569192,9.1327677,-64.785637,187.04263,-431.38245,301.81119
8.5,-2.1869166,5.7466063,-13.450058,9.0762243,-65.13253,183.34283,-424.47791,294.21283
8.6,-2.1556787,5.7017388,-13.330881,9.0195236,-65.463242,179.69994,-417.66864,286.74216
8.699999999999999,-2.1245019,5.656827,-13.211679,8.9626751,-65.777924,176.11334,-410.95374,279.39789
8.800000000000001,-2.093389,5.611877,-13.092465,8.9056873,-66.076736,172.58255,-404.33231,272.17883
8.9,-2.0623436,5.5668955,-12.973259,8.8485718,-66.359848,169.10699,-397.80347,265.08377
9,-2.031369,5.5218892,-12.854074,8.7913351,-66.627419,165.68614,-391.36627,258.11145
9.1,-2.0004683,5.4768648,-12.734926,8.7339897,-66.879601,162.31946,-385.0199,251.26068
9.199999999999999,-1.9696447,5.431828,-12.615832,8.6765432,-67.116562,159.00641,-378.7634,244.53027
9.300000000000001,-1.9389014,5.386786,-12.496808,8.6190052,-67.338463,155.74648,-372.59595,237.91901
9.4,-1.9082416,5.3417449,-12.37787,8.5613861,-67.545456,152.53911,-366.51663,231.4257
9.5,-1.8776685,5.2967114,-12.259032,8.5036945,-67.737701,149.3838,-360.5246,225.04918
9.6,-1.8471851,5.2516913,-12.140311,8.445941,-67.915367,146.28004,-354.61899,218.78825
9.699999999999999,-1.8167948,5.2066917,-12.021723,8.388133,-68.078598,143.22729,-348.79892,212.64174
9.800000000000001,-1.7865003,5.1617184,-11.903282,8.3302813,-68.227554,140.22504,-343.06357,206.60847
9.9,-1.7563051,5.1167774,-11.785005,8.2723942,-68.362396,137.27277,-337.41208,200.68729
10,-1.726212,5.071876,-11.666906,8.2144823,-68.483276,134.36998,-331.8436,194.87703
10.1,-1.6962242,5.0270195,-11.549002,8.1565533,-68.590355,131.51614,-326.35727,189.17656
10.2,-1.6663446,4.9822145,-11.431306,8.0986166,-68.683792,128.71078,-320.95227,183.5847
10.3,-1.6365763,4.9374671,-11.313834,8.0406809,-68.763725,125.95337,-315.62781,178.10034
10.4,-1.6069224,4.8927832,-11.196601,7.9827561,-68.83033,123.24342,-310.383,172.72232
10.5,-1.5773855,4.8481688,-11.079621,7.9248505,-68.883743,120.58042,-305.21701,167.44954
10.6,-1.547969,4.8036299,-10.962911,7.8669724,-68.924126,117.96389,-300.12909,162.28084
10.7,-1.5186757,4.7591724,-10.846482,7.8091311,-68.951637,115.39333,-295.11841,157.21513
10.8,-1.4895084,4.7148027,-10.730351,7.7513351,-68.966415,112.86825,-290.18411,152.25128
10.9,-1.4604701,4.6705256,-10.614532,7.6935921,-68.968628,110.38817,-285.32544,147.3882
11,-1.4315636,4.6263475,-10.499039,7.6359115,-68.958412,107.95259,-280.5416,142.62477
11.1,-1.4027919,4.582274,-10.383884,7.5783005,-68.935936,105.56104,-275.83176,137.9599
11.2,-1.3741578,4.5383105,-10.269083,7.5207677,-68.901337,103.21304,-271.19516,133.3925
11.3,-1.3456641,4.494463,-10.15465,7.4633212,-68.854767,100.9081,-266.63101,128.92148
11.4,-1.3173137,4.450736,-10.040596,7.4059691,-68.796379,98.64576,-262.13852,124.54575
11.5,-1.2891092,4.407136,-9.9269371,7.3487186,-68.726326,96.425537,-257.71692,120.26426
11.6,-1.2610537,4.3636675,-9.8136854,7.2915778,-68.644753,94.246971,-253.36542,116.07592
11.7,-1.2331496,4.3203363,-9.7008533,7.2345538,-68.551804,92.109581,-249.08327,111.97966
11.8,-1.2054,4.2771468,-9.5884542,7.1776538,-68.447632,90.012917,-244.86971,107.97443
11.9,-1.1778073,4.2341051,-9.4765005,7.1208858,-68.33239,87.956497,-240.72395,104.05918
12,-1.1503745,4.191215,-9.3650055,7.0642562,-68.206215,85.939873,-236.64528,100.23284
12.1,-1.1231041,4.1484823,-9.2539806,7.007772,-68.06926,83.962585,-232.6329,96.494385
12.2,-1.0959988,4.1059117,-9.1434374,6.9514403,-67.921669,82.02417,-228.6861,92.842751
12.3,-1.0690612,4.0635076,-9.03339,6.8952675,-67.763596,80.124184,-224.80411,89.276917
12.4,-1.042294,4.021275,-8.9238482,6.8392596,-67.595169,78.262161,-220.98619,85.795845
12.5,-1.0156999,3.9792178,-8.8148232,6.7834239,-67.41655,76.437653,-217.2316,82.398499
12.6,-.9892813,3.9373412,-8.7063284,6.7277656,-67.227875,74.650223,-213.53961,79.08387
12.7,-.96304095,3.8956492,-8.5983725,6.6722908,-67.029289,72.899406,-209.9095,75.850922
12.8,-.93698132,3.854146,-8.4909687,6.6170058,-66.820938,71.184769,-206.34053,72.698647
12.9,-.91110504,3.8128357,-8.3841257,6.5619159,-66.602966,69.505867,-202.83195,69.62603
13,-.88541454,3.7717228,-8.2778549,6.5070262,-66.375511,67.862251,-199.38309,66.632065
13.1,-.8599124,3.7308106,-8.1721668,6.452342,-66.13871,66.253494,-195.99318,63.715744
13.2,-.83460104,3.6901035,-8.067071,6.3978691,-65.892723,64.679138,-192.66151,60.876064
13.3,-.80948299,3.649605,-7.9625773,6.3436112,-65.637672,63.138763,-189.38737,58.112026
13.4,-.78456062,3.6093185,-7.858695,6.2895737,-65.373711,61.63192,-186.17006,55.422634
13.5,-.75983649,3.569248,-7.755434,6.2357612,-65.100975,60.15818,-183.00885,52.806892
13.6,-.73531294,3.5293965,-7.6528034,6.1821775,-64.819611,58.717106,-179.90302,50.263809
13.7,-.71099234,3.4897678,-7.5508113,6.1288266,-64.529739,57.308266,-176.85188,47.792397
13.8,-.68687713,3.4503644,-7.4494672,6.0757127,-64.231522,55.931225,-173.85471,45.391666
13.9,-.66296971,3.4111898,-7.3487787,6.0228395,-63.925083,54.585552,-170.9108,43.060635
14,-.63927227,3.3722467,-7.2487545,5.9702101,-63.610565,53.270817,-168.01945,40.798317
14.1,-.61578733,3.3335383,-7.1494026,5.9178276,-63.288109,51.986588,-165.17995,38.603729
14.2,-.59251702,3.2950671,-7.0507298,5.865696,-62.957844,50.73243,-162.39159,36.475891
14.3,-.56946373,3.2568355,-6.952744,5.8138165,-62.619915,49.507919,-159.65366,34.413822
14.4,-.54662973,3.2188463,-6.8554525,5.7621932,-62.274452,48.312618,-156.96545,32.416542
14.5,-.52401721,3.1811016,-6.758862,5.7108274,-61.921597,47.146103,-154.32626,30.483065
14.6,-.50162852,3.1436038,-6.6629786,5.6597219,-61.561481,46.007935,-151.73538,28.612415
14.7,-.47946575,3.106355,-6.5678091,5.6088777,-61.194237,44.897686,-149.19209,26.803612
14.8,-.45753115,3.0693567,-6.4733601,5.5582976,-60.820007,43.814926,-146.69568,25.055672
14.9,-.43582693,3.0326114,-6.3796358,5.5079823,-60.438919,42.75922,-144.24545,23.367611
15,-.41435525,2.9961205,-6.2866435,5.4579329,-60.051105,41.730129,-141.84065,21.738447
15.1,-.3931182,2.9598854,-6.194387,5.4081507,-59.656704,40.727226,-139.48061,20.167194
15.2,-.37211797,2.9239078,-6.1028719,5.3586359,-59.255844,39.750072,-137.16455,18.652864
15.3,-.35135663,2.8881891,-6.0121031,5.3093901,-58.84866,38.798229,-134.89178,17.194468
15.4,-.33083627,2.85273,-5.9220848,5.2604122,-58.435284,37.871254,-132.66158,15.791013
15.5,-.31055897,2.8175323,-5.8328209,5.2117028,-58.015846,36.968716,-130.47319,14.441504
15.6,-.29052681,2.7825963,-5.7443151,5.1632614,-57.590473,36.090164,-128.3259,13.144945
15.7,-.27074179,2.7479229,-5.6565719,5.115088,-57.159302,35.235157,-126.21894,11.900333
15.8,-.25120592,2.7135129,-5.5695934,5.0671816,-56.722462,34.403248,-124.15159,10.706668
15.9,-.23192126,2.6793668,-5.4833837,5.0195413,-56.280079,33.593994,-122.12309,9.5629387
16,-.21288973,2.6454847,-5.3979445,4.9721651,-55.832283,32.806938,-120.13271,8.4681377
16.1,-.19411333,2.6118672,-5.3132792,4.9250526,-55.379204,32.041637,-118.17966,7.4212499
16.2,-.17559399,2.5785143,-5.2293892,4.878201,-54.920967,31.297628,-116.26319,6.4212575
16.3,-.15733363,2.5454259,-5.1462765,4.8316092,-54.457703,30.574463,-114.38255,5.4671407
16.4,-.13933417,2.5126019,-5.0639429,4.785275,-53.98954,29.871679,-112.53696,4.5578742
16.5,-.12159751,2.4800417,-4.9823899,4.7391949,-53.516602,29.188818,-110.72563,3.6924312
16.6,-.10412551,2.4477453,-4.901618,4.693367,-53.039013,28.525419,-108.94781,2.8697808
16.7,-.08692003,2.4157119,-4.8216281,4.647788,-52.556904,27.88102,-107.2027,2.0888896
16.8,-.069982909,2.3839407,-4.7424207,4.6024551,-52.0704,27.255154,-105.48952,1.3487219
16.9,-.05331596,2.3524311,-4.6639962,4.557364,-51.57962,26.647358,-103.80748,.6482392
17,-.036920987,2.321182,-4.5863538,4.5125117,-51.084698,26.057161,-102.1558,-.013597829
17.1,-.020799773,2.2901921,-4.5094938,4.4678946,-50.585751,25.4841,-100.53367,-.63783032
17.2,-.0049540801,2.2594604,-4.4334154,4.4235072,-50.082901,24.927704,-98.9403,-1.2254997
17.3,.010614344,2.2289855,-4.3581171,4.3793459,-49.576275,24.387503,-97.374901,-1.7776477
17.4,.025903771,2.198766,-4.2835984,4.3354058,-49.065994,23.863031,-95.836678,-2.295315
17.5,.04091249,2.1688001,-4.2098575,4.2916827,-48.552185,23.353819,-94.324829,-2.7795413
17.6,.055638809,2.139086,-4.1368928,4.2481704,-48.034962,22.8594,-92.838562,-3.2313635
17.7,.070081055,2.109622,-4.064702,4.204864,-47.514454,22.379307,-91.37709,-3.6518157
17.8,.084237576,2.080406,-3.993283,4.1617579,-46.990772,21.913078,-89.939621,-4.0419278
17.9,.098106727,2.0514357,-3.9226332,4.1188464,-46.464046,21.460253,-88.525368,-4.4027252
18,.11168689,2.0227089,-3.8527498,4.0761237,-45.934391,21.020369,-87.133553,-4.7352271
18.1,.12497646,1.9942237,-3.7836301,4.0335832,-45.401928,20.592972,-85.763412,-5.0404449
18.2,.13797387,1.9659771,-3.7152705,3.9912181,-44.866776,20.17761,-84.414162,-5.3193827
18.3,.15067755,1.9379667,-3.6476674,3.9490225,-44.329048,19.77384,-83.08506,-5.5730357
18.4,.16308592,1.9101899,-3.5808172,3.9069891,-43.788872,19.381214,-81.775352,-5.8023887
18.5,.1751975,1.8826436,-3.5147161,3.8651111,-43.246361,18.9993,-80.484306,-6.0084152
18.6,.18701075,1.8553251,-3.4493597,3.8233812,-42.70163,18.627665,-79.211182,-6.1920762
18.7,.19852418,1.8282315,-3.3847437,3.7817919,-42.154797,18.265884,-77.955269,-6.35432
18.8,.20973633,1.8013594,-3.3208632,3.7403359,-41.605976,17.913542,-76.715874,-6.4960804
18.9,.22064573,1.7747058,-3.2577138,3.6990051,-41.05529,17.570229,-75.492302,-6.6182747
19,.23125093,1.7482674,-3.1952901,3.6577921,-40.50285,17.235542,-74.28389,-6.721806
19.1,.24155053,1.7220407,-3.1335871,3.6166883,-39.948769,16.90909,-73.089973,-6.8075585
19.2,.25154313,1.6960223,-3.0725994,3.5756857,-39.393162,16.590488,-71.90992,-6.8764
19.3,.26122734,1.6702086,-3.0123212,3.534776,-38.836143,16.279364,-70.743111,-6.9291778
19.4,.27060178,1.644596,-2.9527471,3.4939506,-38.277828,15.975348,-69.588936,-6.9667215
19.5,.27966511,1.6191808,-2.8938711,3.4532013,-37.71833,15.678089,-68.446823,-6.9898396
19.6,.288416,1.5939593,-2.8356867,3.4125187,-37.157761,15.387242,-67.3162,-6.9993196
19.7,.29685315,1.5689275,-2.7781885,3.3718946,-36.59623,15.102471,-66.196533,-6.9959288
19.8,.30497527,1.5440818,-2.7213693,3.3313198,-36.033852,14.823455,-65.087288,-6.9804125
19.9,.31278107,1.5194179,-2.6652234,3.2907856,-35.470737,14.549881,-63.987976,-6.9534936
20,.32026929,1.4949321,-2.6097436,3.2502823,-34.906994,14.281446,-62.898117,-6.9158735
20.1,.32743868,1.47062,-2.5549235,3.209801,-34.342739,14.017863,-61.817245,-6.8682308
20.2,.33428806,1.4464779,-2.5007565,3.1693327,-33.778076,13.758852,-60.74493,-6.8112216
20.3,.3408162,1.4225014,-2.4472353,3.1288679,-33.213116,13.504145,-59.680752,-6.7454791
20.4,.34702191,1.3986865,-2.3943534,3.088397,-32.647968,13.253486,-58.624325,-6.6716146
20.5,.35290402,1.375029,-2.3421032,3.0479112,-32.082745,13.006631,-57.575272,-6.5902166
20.6,.35846141,1.3515245,-2.290478,3.0074008,-31.517548,12.763346,-56.533245,-6.5018506
20.7,.36369294,1.328169,-2.2394702,2.9668562,-30.952488,12.523408,-55.497917,-6.4070611
20.8,.36859748,1.304958,-2.1890733,2.9262681,-30.387672,12.286605,-54.468975,-6.3063693
20.9,.37317392,1.2818875,-2.1392794,2.8856273,-29.823208,12.052737,-53.44614,-6.2002764
21,.37742123,1.2589532,-2.0900817,2.8449242,-29.259199,11.821614,-52.429138,-6.0892615
21.1,.38133833,1.2361507,-2.0414727,2.8041492,-28.695753,11.593055,-51.417725,-5.9737825
21.2,.38492417,1.2134759,-1.9934449,2.7632933,-28.132975,11.366891,-50.411671,-5.8542781
21.3,.38817775,1.1909245,-1.9459913,2.7223468,-27.570969,11.142962,-49.41077,-5.7311659
21.4,.39109808,1.1684922,-1.8991046,2.6813006,-27.00984,10.921117,-48.414837,-5.6048446
21.5,.39368412,1.1461749,-1.8527775,2.6401455,-26.449692,10.701216,-47.423691,-5.4756947
21.6,.39593494,1.1239684,-1.8070027,2.5988724,-25.890629,10.483128,-46.43718,-5.3440766
21.7,.39784956,1.1018685,-1.761773,2.5574722,-25.332752,10.266727,-45.45517,-5.2103357
21.8,.39942709,1.0798712,-1.7170814,2.5159357,-24.776167,10.051903,-44.477535,-5.0747981
21.9,.40066659,1.0579722,-1.6729208,2.4742539,-24.220972,9.8385477,-43.504169,-4.9377737
22,.40156719,1.0361676,-1.629284,2.4324183,-23.667273,9.6265621,-42.534988,-4.7995572
22.1,.40212798,1.0144535,-1.5861644,2.3904204,-23.115168,9.4158564,-41.569904,-4.660428
22.2,.40234813,.99282587,-1.5435548,2.3482511,-22.564758,9.2063465,-40.608864,-4.5206499
22.3,.40222678,.97128075,-1.5014485,2.305902,-22.016144,8.9979563,-39.651814,-4.3804741
22.4,.40176311,.94981444,-1.459839,2.2633653,-21.469427,8.7906151,-38.698715,-4.2401366
22.5,.40095633,.92842317,-1.4187196,2.2206323,-20.924704,8.5842609,-37.749546,-4.0998621
22.6,.39980564,.90710318,-1.3780839,2.1776953,-20.382076,8.3788338,-36.804287,-3.9598629
22.7,.39831024,.88585091,-1.3379256,2.134546,-19.84164,8.174283,-35.862942,-3.820339
22.8,.39646947,.86466277,-1.2982384,2.0911772,-19.303495,7.9705625,-34.92551,-3.6814799
22.9,.39428252,.8435353,-1.2590163,2.0475812,-18.767738,7.7676291,-33.992012,-3.5434649
23,.39174867,.82246512,-1.2202533,2.0037506,-18.234467,7.5654473,-33.062469,-3.4064629
23.1,.38886729,.80144894,-1.1819438,1.9596783,-17.703777,7.3639841,-32.136921,-3.2706339
23.2,.38563764,.78048354,-1.144082,1.9153572,-17.175766,7.1632113,-31.215403,-3.1361296
23.3,.3820591,.75956577,-1.1066624,1.8707806,-16.650528,6.9631052,-30.297964,-3.0030928
23.4,.378131,.73869264,-1.0696799,1.8259419,-16.12816,6.7636452,-29.384661,-2.871659
23.5,.37385276,.71786118,-1.0331292,1.7808348,-15.608755,6.5648136,-28.475554,-2.7419569
23.6,.36922371,.69706851,-.99700552,1.7354529,-15.092409,6.3665972,-27.570709,-2.6141078
23.7,.36424333,.67631203,-.96130383,1.6897905,-14.579215,6.1689844,-26.670202,-2.4882278
23.8,.35891101,.65558892,-.92601973,1.6438417,-14.069266,5.9719672,-25.774107,-2.3644264
23.9,.35322618,.63489681,-.89114869,1.5976011,-13.562657,5.7755389,-24.882505,-2.2428083
24,.34718835,.61423314,-.85668653,1.5510633,-13.059479,5.5796971,-23.995483,-2.1234734
24.1,.34079701,.59359568,-.82262921,1.5042232,-12.559823,5.384439,-23.113129,-2.0065172
24.2,.33405161,.57298219,-.78897285,1.4570761,-12.063783,5.1897645,-22.235535,-1.8920312
24.3,.32695174,.55239052,-.75571382,1.4096173,-11.571449,4.9956765,-21.362795,-1.7801032
24.4,.31949687,.53181875,-.72284865,1.3618424,-11.082911,4.802177,-20.495005,-1.670818
24.5,.31168664,.51126492,-.6903742,1.3137474,-10.598262,4.6092706,-19.632265,-1.5642571
24.6,.30352053,.49072728,-.65828723,1.2653283,-10.117588,4.4169631,-18.774677,-1.4605
24.7,.2949982,.47020417,-.62658507,1.2165815,-9.6409817,4.2252603,-17.922338,-1.3596238
24.8,.28611925,.44969407,-.59526491,1.1675035,-9.1685295,4.0341692,-17.075356,-1.2617034
24.9,.2768833,.42919549,-.56432444,1.118091,-8.7003212,3.8436975,-16.233829,-1.1668124
25,.26729,.40870717,-.53376132,1.0683414,-8.2364445,3.6538534,-15.397865,-1.0750232
25.1,.25733903,.38822782,-.50357354,1.0182515,-7.7769866,3.4646451,-14.567567,-.9864068
25.2,.24703006,.3677564,-.47375923,.96781933,-7.3220353,3.2760813,-13.743036,-.90103382
25.3,.2363628,.34729189,-.44431677,.91704237,-6.8716764,3.0881703,-12.924379,-.81897408
25.4,.22533695,.3268334,-.41524473,.86591864,-6.4259968,2.9009204,-12.111696,-.7402972
25.5,.21395229,.30638015,-.38654178,.81444639,-5.9850817,2.7143402,-11.305091,-.66507262
25.6,.20220853,.28593153,-.35820693,.76262403,-5.5490165,2.5284376,-10.504663,-.59336996
25.7,.19010548,.2654869,-.33023927,.71045023,-5.1178861,2.3432202,-9.7105131,-.52525914
25.8,.17764293,.24504586,-.30263811,.657924,-4.6917748,2.158695,-8.922739,-.46081051
25.9,.16482067,.22460803,-.27540296,.60504431,-4.2707663,1.9748685,-8.1414375,-.40009511
26,.15163855,.20417318,-.24853352,.55181062,-3.8549442,1.7917469,-7.3667035,-.34318486
26.1,.13809641,.18374112,-.2220296,.49822238,-3.4443915,1.6093352,-6.5986304,-.29015249
26.2,.1241941,.16331184,-.19589123,.44427943,-3.0391903,1.4276377,-5.8373089,-.24107192
26.3,.10993153,.14288536,-.17011863,.38998169,-2.6394234,1.2466582,-5.0828285,-.19601823
26.4,.095308594,.1224618,-.14471212,.33532932,-2.2451718,1.0663991,-4.3352757,-.15506782
26.5,.080325209,.10204139,-.11967224,.28032264,-1.8565167,.88686234,-3.5947351,-.11829848
26.6,.064981304,.081624426,-.094999626,.22496223,-1.4735391,.70804852,-2.8612888,-.085789524
26.7,.049276855,.061211299,-.070695087,.1692488,-1.0963191,.52995735,-2.1350164,-.057621829
26.8,.03321182,.040802479,-.046759572,.11318322,-.72493643,.35258737,-1.415995,-.033877917
26.9,.016786199,.020398509,-.023194144,.05676654,-.35947046,.17593612,-.70429891,-.01464199
27,0,0,0,0,0,0,0,0
27.1,-.017146748,.020392362,-.057115041,.022821547,.35339651,.17522575,.0099603357,.69683266
27.2,-.034653995,.040777829,-.11457707,.04526908,.70064104,.34974703,.015149504,1.3861326
27.3,-.052521683,.061155595,-.17238444,.067341082,1.0416563,.52357084,.015476187,2.0678363
27.4,-.070749722,.081524789,-.23053537,.089035936,1.3763649,.69670546,.010847252,2.7418826
27.5,-.089338012,.10188451,-.28902799,.11035195,1.7046906,.86916023,.0011677538,3.4082134
27.6,-.10828644,.12223379,-.34786025,.13128738,2.026557,1.0409456,-.013659022,4.0667729
27.7,-.12759486,.14257161,-.40703011,.15184037,2.3418884,1.2120733,-.033731554,4.7175088
27.8,-.14726312,.16289698,-.46653533,.17200908,2.65061,1.3825561,-.059150074,5.3603702
27.9,-.16729106,.18320878,-.52637368,.19179155,2.9526467,1.5524076,-.090016477,5.9953098
28,-.18767847,.20350595,-.58654279,.21118587,3.2479241,1.7216431,-.12643427,6.6222825
28.1,-.20842513,.22378737,-.64704031,.23019005,3.5363686,1.8902781,-.16850853,7.2412457
28.2,-.22953084,.24405192,-.70786381,.24880213,3.8179066,2.0583298,-.21634586,7.852159
28.3,-.25099534,.26429847,-.76901084,.26702014,4.0924649,2.225816,-.27005428,8.4549847
28.4,-.27281839,.2845259,-.83047885,.2848421,4.359972,2.3927557,-.32974306,9.0496864
28.5,-.29499966,.30473307,-.8922655,.30226618,4.6203547,2.5591683,-.39552277,9.6362324
28.6,-.31753889,.3249189,-.95436817,.31929043,4.8735423,2.7250743,-.4675051,10.214589
28.7,-.34043571,.34508228,-1.0167845,.33591312,5.119463,2.8904948,-.54580265,10.784729
28.8,-.36368987,.36522219,-1.0795121,.35213244,5.3580465,3.0554519,-.63052917,11.346622
28.9,-.38730094,.38533756,-1.1425487,.36794683,5.5892229,3.2199681,-.72179884,11.900245
29,-.41126856,.40542749,-1.2058918,.38335469,5.8129215,3.3840663,-.81972671,12.44557
29.1,-.43559238,.42549101,-1.2695395,.39835471,6.0290742,3.5477705,-.92442834,12.982576
29.2,-.46027192,.44552732,-1.3334894,.41294554,6.2376108,3.7111042,-1.0360194,13.511242
29.3,-.48530683,.46553558,-1.3977398,.42712611,6.4384642,3.8740919,-1.1546161,14.031545
29.4,-.51069665,.48551512,-1.4622889,.44089553,6.631566,4.0367579,-1.2803345,14.543467
29.5,-.53644085,.50546533,-1.5271348,.45425302,6.8168483,4.1991277,-1.4132905,15.046988
29.6,-.56253904,.52538574,-1.5922762,.46719813,6.9942446,4.3612256,-1.5536,15.542089
29.7,-.58899063,.54527593,-1.6577119,.47973055,7.1636882,4.5230761,-1.701378,16.028755
29.8,-.6157952,.5651356,-1.7234406,.49185026,7.3251133,4.6847048,-1.8567394,16.506966
29.9,-.64295208,.58496463,-1.7894617,.5035575,7.4784532,4.8461356,-2.019798,16.976706
30,-.67046088,.60476303,-1.8557746,.51485294,7.6236439,5.0073934,-2.1906669,17.437954
30.1,-.69832093,.62453103,-1.9223791,.52573735,7.7606201,5.1685019,-2.3694577,17.890697
30.2,-.72653162,.64426881,-1.9892753,.53621203,7.8893175,5.3294849,-2.5562811,18.334917
30.3,-.75509238,.66397697,-2.0564635,.5462786,8.0096722,5.4903655,-2.751246,18.770592
30.4,-.78400266,.68365628,-2.1239443,.55593902,8.1216211,5.651166,-2.9544599,19.197702
30.5,-.81326163,.70330751,-2.1917191,.56519568,8.2251015,5.8119078,-3.1660283,19.616232
30.6,-.8428688,.72293186,-2.2597892,.57405156,8.3200502,5.9726124,-3.3860545,20.026155
30.7,-.87282342,.74253064,-2.3281567,.58250993,8.4064064,6.1332994,-3.61464,20.427452
30.8,-.90312475,.76210552,-2.3968241,.59057462,8.484107,6.2939887,-3.8518841,20.820097
30.9,-.93377215,.78165835,-2.4657943,.59825009,8.553092,6.4546976,-4.0978827,21.204067
31,-.96476489,.80119127,-2.5350709,.60554117,8.6133003,6.6154432,-4.3527303,21.57933
31.1,-.99610215,.82070673,-2.6046576,.61245346,8.6646719,6.7762408,-4.6165166,21.94586
31.2,-1.0277832,.8402074,-2.6745594,.61899304,8.7071466,6.9371057,-4.8893309,22.303623
31.3,-1.0598072,.85969633,-2.744781,.62516671,8.7406654,7.0980501,-5.171257,22.652588
31.4,-1.0921733,.87917703,-2.8153286,.63098192,8.7651711,7.2590861,-5.4623766,22.992718
31.5,-1.1248809,.89865309,-2.8862088,.63644677,8.7806025,7.4202232,-5.7627678,23.323973
31.6,-1.1579291,.91812879,-2.9574282,.64157033,8.7869034,7.58147,-6.072505,23.646311
31.7,-1.1913167,.93760848,-3.0289955,.64636213,8.7840157,7.7428331,-6.3916583,23.95969
31.8,-1.2250432,.95709711,-3.100919,.65083265,8.771884,7.9043179,-6.720295,24.264061
31.9,-1.2591076,.97659999,-3.1732085,.6549933,8.7504492,8.0659266,-7.0584774,24.559376
32,-1.2935089,.9961229,-3.2458739,.65885615,8.7196569,8.2276621,-7.4062648,24.845579
32.1,-1.3282462,1.015672,-3.3189268,.66243434,8.679451,8.3895226,-7.763711,25.122614
32.2,-1.3633187,1.035254,-3.392379,.66574186,8.629777,8.551506,-8.130867,25.390421
32.3,-1.3987252,1.054876,-3.466244,.66879368,8.5705786,8.7136078,-8.5077782,25.648935
32.4,-1.4344648,1.0745455,-3.5405352,.67160577,8.5018034,8.8758211,-8.8944864,25.898094
32.5,-1.4705365,1.0942709,-3.615268,.67419511,8.4233961,9.0381384,-9.291028,26.137821
32.6,-1.5069393,1.1140609,-3.6904583,.67657983,8.3353043,9.2005472,-9.6974363,26.368046
32.7,-1.5436721,1.1339245,-3.7661233,.67877901,8.2374754,9.3630362,-10.113738,26.588688
32.8,-1.5807339,1.1538717,-3.8422809,.68081295,8.1298561,9.525589,-10.539956,26.799667
32.9,-1.6181237,1.1739128,-3.9189503,.68270302,8.012394,9.6881905,-10.97611,27.000898
33,-1.6558402,1.1940587,-3.9961522,.68447185,7.8850389,9.8508196,-11.422212,27.192289
33.1,-1.6938823,1.214321,-4.0739079,.68614316,7.7477388,10.013454,-11.878272,27.373751
33.2,-1.732249,1.234712,-4.1522403,.68774205,7.6004438,10.176073,-12.344294,27.545181
33.3,-1.7709392,1.2552445,-4.231173,.68929476,7.4431033,10.338649,-12.820276,27.706482
33.4,-1.8099515,1.2759317,-4.3107319,.69082874,7.2756672,10.501153,-13.306214,27.857548
33.5,-1.8492849,1.296788,-4.3909426,.69237292,7.0980873,10.663555,-13.802098,27.998272
33.6,-1.8889382,1.3178281,-4.4718337,.69395733,6.9103136,10.825825,-14.307913,28.12854
33.7,-1.92891,1.3390672,-4.5534334,.6956135,6.7122989,10.987926,-14.823639,28.248236
33.8,-1.9691992,1.3605216,-4.6357727,.69737417,6.5039945,11.149821,-15.349253,28.357243
33.9,-2.0098045,1.382208,-4.7188826,.69927341,6.2853537,11.311473,-15.884726,28.455433
34,-2.0507247,1.4041438,-4.8027959,.70134676,6.0563288,11.47284,-16.430025,28.542683
34.1,-2.0919583,1.4263473,-4.8875475,.70363098,5.8168736,11.633882,-16.985115,28.618862
34.2,-2.1335042,1.448837,-4.9731727,.70616424,5.5669417,11.79455,-17.549952,28.683836
34.3,-2.1753609,1.4716327,-5.0597081,.70898604,5.3064885,11.954802,-18.124493,28.737469
34.4,-2.2175274,1.4947543,-5.147192,.71213728,5.0354681,12.114587,-18.708685,28.779621
34.5,-2.2600019,1.5182227,-5.2356639,.7156601,4.7538357,12.273855,-19.302479,28.81015
34.6,-2.302783,1.5420594,-5.3251643,.71959794,4.4615474,12.432556,-19.905815,28.828909
34.7,-2.3458698,1.5662866,-5.4157352,.72399569,4.1585593,12.590636,-20.518633,28.835752
34.8,-2.3892603,1.5909269,-5.5074196,.72889924,3.8448284,12.74804,-21.140871,28.830528
34.9,-2.4329534,1.6160039,-5.6002626,.73435599,3.5203114,12.904713,-21.772461,28.813084
35,-2.4769475,1.6415414,-5.6943092,.74041438,3.1849661,13.060596,-22.413334,28.783264
35.1,-2.5212412,1.6675639,-5.7896066,.74712408,2.8387504,13.215633,-23.063416,28.740915
35.2,-2.5658329,1.6940969,-5.8862019,.75453597,2.4816227,13.369762,-23.72263,28.685875
35.3,-2.6107213,1.7211659,-5.9841447,.76270187,2.1135426,13.522924,-24.390903,28.617989
35.4,-2.6559048,1.7487972,-6.0834842,.77167487,1.7344687,13.675058,-25.068153,28.53709
35.5,-2.7013814,1.7770175,-6.1842718,.78150874,1.3443613,13.826102,-25.754301,28.443024
35.6,-2.7471502,1.805854,-6.2865591,.79225856,.9431808,13.975992,-26.449261,28.335623
35.7,-2.7932093,1.8353344,-6.390399,.80398005,.53088784,14.124668,-27.152952,28.214729
35.8,-2.8395572,1.8654869,-6.4958444,.8167299,.10744365,14.272065,-27.865292,28.080177
35.9,-2.8861921,1.8963397,-6.6029496,.83056545,-.32719004,14.418122,-28.586191,27.93181
36,-2.9331124,1.9279218,-6.7117696,.84554493,-.77305108,14.562777,-29.315567,27.769466
36.1,-2.9803166,1.9602623,-6.82236,.86172706,-1.2301768,14.705965,-30.053337,27.592983
36.2,-3.0278027,1.9933907,-6.9347768,.87917119,-1.6986043,14.847627,-30.799417,27.402208
36.3,-3.0755694,2.0273366,-7.0490761,.89793724,-2.17837,14.987701,-31.553724,27.196985
36.4,-3.1236148,2.06213,-7.1653152,.91808558,-2.6695099,15.12613,-32.316181,26.97716
36.5,-3.1719372,2.097801,-7.2835517,.93967688,-3.1720595,15.262855,-33.086704,26.742584
36.6,-3.2205348,2.1343796,-7.403842,.96277231,-3.686054,15.397818,-33.865223,26.493114
36.7,-3.2694061,2.1718965,-7.5262451,.98743302,-4.2115278,15.530967,-34.651665,26.228607
36.8,-3.3185487,2.2103822,-7.6508183,1.0137206,-4.7485156,15.66225,-35.445961,25.948929
36.9,-3.3679614,2.249867,-7.7776198,1.0416968,-5.297051,15.791615,-36.248051,25.653948
37,-3.4176421,2.2903814,-7.9067073,1.0714232,-5.8571668,15.91902,-37.057873,25.343538
37.1,-3.4675889,2.3319564,-8.0381393,1.1029615,-6.4288964,16.044418,-37.875378,25.017586
37.2,-3.5178003,2.3746221,-8.1719742,1.1363736,-7.0122724,16.167772,-38.700523,24.675978
37.3,-3.568274,2.4184091,-8.3082685,1.171721,-7.607326,16.289045,-39.533268,24.318619
37.4,-3.6190083,2.4633479,-8.4470816,1.209065,-8.2140884,16.408211,-40.373589,23.945412
37.5,-3.6700013,2.5094688,-8.5884695,1.248467,-8.832592,16.525238,-41.221462,23.556278
37.6,-3.721251,2.5568016,-8.7324905,1.289988,-9.4628668,16.64011,-42.076881,23.15115
37.7,-3.7727556,2.6053767,-8.8792,1.3336889,-10.104941,16.752813,-42.93985,22.729967
37.8,-3.824513,2.6552236,-9.028656,1.3796299,-10.758848,16.863338,-43.810383,22.292688
37.9,-3.8765211,2.7063725,-9.1809139,1.4278713,-11.424614,16.971687,-44.688507,21.839281
38,-3.9287782,2.7588522,-9.3360291,1.4784729,-12.102268,17.077866,-45.574272,21.369736
38.1,-3.981282,2.8126924,-9.4940577,1.5314939,-12.79184,17.181892,-46.467731,20.884052
38.2,-4.0340304,2.8679221,-9.655055,1.5869935,-13.493356,17.283792,-47.368965,20.382254
38.3,-4.0870218,2.9245701,-9.8190737,1.6450298,-14.206844,17.383598,-48.278072,19.864382
38.4,-4.140254,2.9826646,-9.9861689,1.7056613,-14.932332,17.481358,-49.195164,19.330502
38.5,-4.1937246,3.0422344,-10.156395,1.7689453,-15.669845,17.577129,-50.120384,18.780695
38.6,-4.2474318,3.1033075,-10.329803,1.8349394,-16.419409,17.67098,-51.053894,18.215076
38.7,-4.301373,3.1659117,-10.506446,1.9036998,-17.181049,17.762995,-51.99588,17.63378
38.8,-4.3555465,3.2300744,-10.686376,1.975283,-17.954794,17.853268,-52.946552,17.036968
38.9,-4.4099498,3.2958231,-10.869644,2.0497448,-18.740664,17.941912,-53.906166,16.424837
39,-4.464581,3.3631849,-11.056303,2.1271403,-19.538685,18.029055,-54.874985,15.797615
39.1,-4.5194378,3.4321868,-11.246401,2.2075248,-20.348879,18.114841,-55.853317,15.155558
39.2,-4.5745182,3.5028555,-11.439989,2.2909522,-21.171272,18.199434,-56.841511,14.498963
39.3,-4.6298199,3.575217,-11.637116,2.3774769,-22.005888,18.283014,-57.839939,13.828164
39.4,-4.6853399,3.6492977,-11.837832,2.4671521,-22.852745,18.365786,-58.849022,13.143533
39.5,-4.7410769,3.7251239,-12.042186,2.5600314,-23.711866,18.447968,-59.869221,12.445487
39.6,-4.7970281,3.8027208,-12.250224,2.6561673,-24.583275,18.52981,-60.901035,11.734488
39.7,-4.8531914,3.8821142,-12.461995,2.7556124,-25.466991,18.611582,-61.945023,11.01104
39.8,-4.9095645,3.9633296,-12.677547,2.8584185,-26.363035,18.693577,-63.00177,10.275702
39.9,-4.966145,4.046392,-12.896927,2.9646373,-27.271425,18.776115,-64.071938,9.5290823
40,-5.0229301,4.1313262,-13.120181,3.0743206,-28.192184,18.859545,-65.156212,8.771843
40.1,-5.0799179,4.2181578,-13.347355,3.1875191,-29.125332,18.944242,-66.255363,8.0046997
40.2,-5.1371059,4.3069105,-13.578496,3.3042839,-30.070883,19.030611,-67.370193,7.2284293
40.3,-5.1944919,4.3976102,-13.813649,3.4246652,-31.028858,19.119087,-68.501579,6.4438653
40.4,-5.2520733,4.4902797,-14.05286,3.5487137,-31.999275,19.210138,-69.650452,5.6519051
40.5,-5.3098474,4.5849447,-14.296174,3.6764793,-32.982151,19.304262,-70.81781,4.853508
40.6,-5.3678117,4.6816287,-14.543635,3.808012,-33.977501,19.401987,-72.0047,4.049695
40.7,-5.4259644,4.7803559,-14.79529,3.9433615,-34.985344,19.50388,-73.212242,3.2415564
40.8,-5.484302,4.8811507,-15.051182,4.0825777,-36.005695,19.610535,-74.441635,2.4302449
40.9,-5.5428228,4.9840364,-15.311355,4.2257094,-37.03857,19.722582,-75.694122,1.6169792
41,-5.6015234,5.0890374,-15.575853,4.3728061,-38.083984,19.840685,-76.971016,.8030436
41.1,-5.6604023,5.196177,-15.844723,4.5239177,-39.141953,19.96554,-78.273689,-.010214236
41.2,-5.7194562,5.3054795,-16.118006,4.6790924,-40.212486,20.097872,-79.603592,-.82138258
41.3,-5.7786827,5.4169683,-16.395746,4.8383799,-41.295601,20.23844,-80.962219,-1.6289895
41.4,-5.8380795,5.5306668,-16.677988,5.0018287,-42.391312,20.388031,-82.35112,-2.4315052
41.5,-5.8976431,5.6465993,-16.964775,5.1694884,-43.49963,20.547462,-83.771912,-3.2273457
41.6,-5.9573717,5.7647891,-17.256151,5.3414073,-44.620567,20.717571,-85.226257,-4.0148749
41.7,-6.017262,5.8852596,-17.55216,5.5176353,-45.754135,20.899221,-86.715858,-4.7924123
41.8,-6.077312,6.0080352,-17.852844,5.6982203,-46.900345,21.093302,-88.242455,-5.5582361
41.9,-6.1375184,6.1331382,-18.158249,5.8832121,-48.059212,21.300709,-89.807831,-6.3105903
42,-6.1978784,6.2605934,-18.468416,6.072659,-49.23074,21.52236,-91.413788,-7.0476904
42.1,-6.2583899,6.3904243,-18.78339,6.2666111,-50.414944,21.759182,-93.062157,-7.7677302
42.2,-6.3190498,6.5226536,-19.103216,6.465117,-51.611832,22.012108,-94.754768,-8.4688911
42.3,-6.3798547,6.6573062,-19.427935,6.6682258,-52.821411,22.282074,-96.493469,-9.1493483
42.4,-6.4408031,6.7944055,-19.757593,6.8759871,-54.043694,22.570015,-98.280106,-9.8072767
42.5,-6.5018911,6.9339747,-20.092232,7.08845,-55.278683,22.876858,-100.1165,-10.440865
42.6,-6.5631161,7.0760384,-20.431896,7.3056645,-56.526394,23.203527,-102.00447,-11.048313
42.7,-6.6244755,7.2206202,-20.77663,7.5276799,-57.786827,23.55093,-103.9458,-11.627852
42.8,-6.6859665,7.367744,-21.126478,7.7545462,-59.059994,23.919956,-105.94225,-12.177741
42.9,-6.7475858,7.5174336,-21.481485,7.9863133,-60.345898,24.311476,-107.99551,-12.69628
43,-6.8093309,7.669713,-21.841692,8.223031,-61.644547,24.726341,-110.10728,-13.181809
43.1,-6.8711982,7.8246069,-22.207146,8.4647493,-62.955944,25.165371,-112.27917,-13.632726
43.2,-6.9331856,7.9821391,-22.57789,8.7115192,-64.280098,25.62936,-114.51272,-14.047474
43.3,-6.9952898,8.142334,-22.953972,8.9633913,-65.617012,26.119078,-116.80946,-14.424561
43.4,-7.0575075,8.3052158,-23.335432,9.2204161,-66.966682,26.635252,-119.17082,-14.76255
43.5,-7.1198363,8.470809,-23.722317,9.4826431,-68.329132,27.178591,-121.59819,-15.06007
43.6,-7.1822729,8.6391373,-24.114672,9.7501259,-69.704346,27.74976,-124.09287,-15.315812
43.7,-7.2448139,8.8102274,-24.512541,10.022914,-71.092331,28.349398,-126.65613,-15.52853
43.8,-7.307457,8.9841013,-24.915972,10.301059,-72.493088,28.978109,-129.28914,-15.697041
43.9,-7.3701982,9.1607857,-25.325008,10.584613,-73.906631,29.636467,-131.99304,-15.820221
44,-7.4330354,9.3403053,-25.739697,10.873627,-75.332947,30.325014,-134.76889,-15.897009
44.1,-7.4959645,9.5226841,-26.160082,11.168154,-76.772041,31.044268,-137.61769,-15.926394
44.2,-7.5589833,9.7079477,-26.586212,11.468245,-78.223923,31.794714,-140.54041,-15.907427
44.3,-7.622088,9.896122,-27.018129,11.773953,-79.688576,32.576809,-143.53795,-15.839201
44.4,-7.685276,10.087231,-27.455883,12.085332,-81.166016,33.390999,-146.61116,-15.720858
44.5,-7.7485433,10.2813,-27.899521,12.402433,-82.656227,34.237694,-149.76086,-15.551584
44.6,-7.8118877,10.478354,-28.349085,12.72531,-84.159218,35.117287,-152.98784,-15.3306
44.7,-7.8753052,10.678421,-28.804626,13.054016,-85.674988,36.030163,-156.29282,-15.057164
44.8,-7.9387927,10.881525,-29.26619,13.388605,-87.203529,36.976681,-159.6765,-14.730564
44.9,-8.002347,11.087692,-29.733824,13.72913,-88.744843,37.957191,-163.13957,-14.350114
45,-8.0659657,11.296947,-30.207577,14.075644,-90.29892,38.972027,-166.68269,-13.915151
45.1,-8.1296444,11.509317,-30.687492,14.428205,-91.865761,40.021519,-170.3065,-13.425028
45.2,-8.1933794,11.724829,-31.173622,14.786862,-93.445366,41.105984,-174.01161,-12.879121
45.3,-8.2571688,11.943507,-31.666012,15.151674,-95.03772,42.225731,-177.79863,-12.276812
45.4,-8.3210087,12.165379,-32.164711,15.522695,-96.64283,43.381069,-181.66817,-11.617495
45.5,-8.3848953,12.39047,-32.669769,15.899979,-98.260681,44.572304,-185.62079,-10.900573
45.6,-8.4488258,12.618807,-33.181232,16.283581,-99.891273,45.799732,-189.6571,-10.12545
45.7,-8.5127964,12.850417,-33.69915,16.673559,-101.5346,47.063652,-193.77766,-9.2915373
45.8,-8.5768032,13.085327,-34.223572,17.069967,-103.19065,48.364361,-197.98305,-8.3982401
45.9,-8.6408443,13.323564,-34.754547,17.47286,-104.85941,49.702164,-202.27386,-7.4449677
46,-8.7049141,13.565153,-35.292126,17.882298,-106.54089,51.077351,-206.65067,-6.4311233
46.1,-8.7690115,13.810123,-35.836357,18.298332,-108.23508,52.490234,-211.11404,-5.3561058
46.2,-8.8331318,14.058501,-36.387287,18.721025,-109.94195,53.941113,-215.66458,-4.2193108
46.3,-8.8972712,14.310314,-36.944973,19.150431,-111.66151,55.430298,-220.30289,-3.020123
46.4,-8.9614267,14.56559,-37.509457,19.586605,-113.39374,56.958096,-225.02956,-1.7579225
46.5,-9.0255938,14.824355,-38.080795,20.029608,-115.13864,58.52483,-229.8452,-.43208039
46.6,-9.0897703,15.086637,-38.659039,20.479496,-116.89619,60.130817,-234.75043,.9580428
46.7,-9.1539526,15.352467,-39.244232,20.936329,-118.66639,61.776386,-239.74588,2.4130962
46.8,-9.2181358,15.621867,-39.836433,21.400162,-120.44923,63.461861,-244.83218,3.9337375
46.9,-9.2823172,15.894871,-40.435692,21.871056,-122.24467,65.187584,-250.00998,5.5206361
47,-9.3464937,16.171503,-41.042057,22.34907,-124.05273,66.953888,-255.27994,7.1744738
