temp,yhat_low,se_low,lowerci_low,upperci_low,yhat_high,se_high,lowerci_high,upperci_high
-20,-72.3918,94.148178,-256.91885,112.13525,-34.110298,292.12424,-606.66327,538.44263
-19.9,-71.718796,93.045296,-254.08423,110.64663,-33.001713,288.61893,-598.68445,532.68103
-19.799999,-71.05027,91.952003,-251.27287,109.17235,-31.908211,285.14291,-590.77808,526.96161
-19.700001,-70.386208,90.868271,-248.48474,107.71234,-30.829704,281.69604,-582.94379,521.28442
-19.6,-69.726563,89.794022,-245.7196,106.26648,-29.766043,278.27808,-575.18103,515.64893
-19.5,-69.071335,88.729218,-242.9774,104.83473,-28.717144,274.88892,-567.4895,510.05521
-19.4,-68.420509,87.67382,-240.25804,103.41702,-27.682898,271.52841,-559.86877,504.50299
-19.299999,-67.774055,86.627777,-237.56139,102.01328,-26.663197,268.19641,-552.31848,498.9921
-19.200001,-67.131973,85.591072,-234.88739,100.62344,-25.657955,264.89285,-544.83844,493.52249
-19.1,-66.494217,84.563614,-232.23584,99.247421,-24.667028,261.61746,-537.42786,488.09378
-19,-65.860779,83.545372,-229.60669,97.885147,-23.690331,258.37015,-530.08655,482.70587
-18.9,-65.231636,82.536308,-226.99983,96.536552,-22.727753,255.15079,-522.81409,477.35861
-18.799999,-64.606781,81.536377,-224.41513,95.201576,-21.779196,251.95921,-515.61017,472.05179
-18.700001,-63.986198,80.545547,-221.85257,93.880173,-20.844568,248.79535,-508.47449,466.78537
-18.6,-63.369846,79.563736,-219.3119,92.572212,-19.923731,245.65894,-501.4064,461.55893
-18.5,-62.757717,78.590927,-216.79311,91.277672,-19.016598,242.5499,-494.40564,456.37244
-18.4,-62.149796,77.627068,-214.29605,89.99646,-18.123066,239.46806,-487.47186,451.22574
-18.299999,-61.546059,76.672119,-211.82065,88.728531,-17.243032,236.41333,-480.60464,446.11859
-18.200001,-60.946499,75.726044,-209.36682,87.473824,-16.37641,233.3856,-473.8038,441.05096
-18.1,-60.351078,74.78878,-206.93439,86.232231,-15.523062,230.38461,-467.0686,436.02249
-18,-59.759789,73.860283,-204.52328,85.003708,-14.682904,227.41029,-460.3989,431.03308
-17.9,-59.172607,72.940521,-202.13341,83.788193,-13.855834,224.46251,-453.79425,426.08258
-17.799999,-58.589523,72.029457,-199.76466,82.585609,-13.04175,221.54109,-447.2543,421.17081
-17.700001,-58.010521,71.127045,-197.41698,81.395927,-12.240565,218.646,-440.77884,416.2977
-17.6,-57.435562,70.233231,-195.09016,80.219032,-11.452149,215.77695,-434.36719,411.46289
-17.5,-56.864643,69.347969,-192.78416,79.054878,-10.676416,212.93387,-428.01913,406.66629
-17.4,-56.297741,68.47123,-190.49889,77.903397,-9.9132671,210.11664,-421.73431,401.90778
-17.299999,-55.73484,67.602966,-188.23421,76.764534,-9.1625996,207.3251,-415.51233,397.18713
-17.200001,-55.17593,66.743149,-185.9901,75.638237,-8.4243307,204.55919,-409.35297,392.5043
-17.1,-54.620975,65.891716,-183.76636,74.524414,-7.6983309,201.81865,-403.25562,387.85895
-17,-54.069962,65.04863,-181.56293,73.423004,-6.9845161,199.10341,-397.22003,383.25098
-16.9,-53.522877,64.213852,-179.37971,72.333961,-6.2827888,196.41333,-391.24582,378.68024
-16.799999,-52.979702,63.387348,-177.21661,71.257217,-5.5930495,193.74828,-385.33267,374.14658
-16.700001,-52.440426,62.569084,-175.07358,70.192726,-4.9152136,191.10817,-379.48035,369.6499
-16.6,-51.90501,61.758991,-172.95041,69.140388,-4.2491574,188.49277,-373.6882,365.18988
-16.5,-51.373451,60.957047,-170.84708,68.100166,-3.5947971,185.90201,-367.95605,360.76645
-16.4,-50.84573,60.163212,-168.76346,67.071999,-2.9520357,183.33575,-362.28351,356.37943
-16.299999,-50.321823,59.377441,-166.69946,66.055817,-2.3207767,180.79385,-356.67023,352.02866
-16.200001,-49.801727,58.599712,-164.65504,65.051598,-1.7009357,178.27625,-351.11597,347.71408
-16.1,-49.285404,57.829956,-162.63004,64.059219,-1.092393,175.7827,-345.62015,343.43536
-16,-48.772846,57.068146,-160.62436,63.078663,-.49506518,173.31314,-340.18256,339.19244
-15.9,-48.264034,56.314247,-158.63792,62.109859,.091142997,170.86742,-334.80286,334.98514
-15.8,-47.758957,55.568226,-156.67067,61.152763,.66632092,168.44545,-329.48071,330.81335
-15.7,-47.257584,54.830029,-154.72246,60.207294,1.230574,166.04706,-324.21567,326.67682
-15.6,-46.759907,54.099628,-152.79323,59.273418,1.7839857,163.67215,-319.00754,322.5755
-15.5,-46.265903,53.37698,-150.88286,58.351055,2.3266604,161.32057,-313.85583,318.50916
-15.4,-45.775558,52.662048,-148.99127,57.440159,2.858686,158.9922,-308.76031,314.47769
-15.3,-45.288857,51.954803,-147.11839,56.540684,3.380151,156.68695,-303.72064,310.48093
-15.2,-44.805775,51.255192,-145.2641,55.652554,3.8911581,154.40465,-298.73639,306.51871
-15.1,-44.326302,50.56319,-143.42834,54.775734,4.3917899,152.14522,-293.80734,302.59091
-15,-43.85041,49.878754,-141.61098,53.910149,4.8821478,149.90848,-288.93307,298.69736
-14.9,-43.378094,49.201847,-139.81194,53.055756,5.362319,147.69434,-284.11325,294.83789
-14.8,-42.909332,48.53244,-138.03117,52.212505,5.8323908,145.5027,-279.34766,291.01245
-14.7,-42.444103,47.870487,-136.26854,51.380333,6.2924628,143.33339,-274.63583,287.22076
-14.6,-41.982395,47.215961,-134.52399,50.559193,6.7426171,141.18636,-269.97754,283.46277
-14.5,-41.524185,46.568817,-132.79739,49.749023,7.1829529,139.0614,-265.37238,279.73828
-14.4,-41.069458,45.929024,-131.0887,48.94978,7.6135554,136.95845,-260.82007,276.04718
-14.3,-40.618202,45.296555,-129.39781,48.161411,8.0345106,134.87741,-256.32034,272.38937
-14.2,-40.170391,44.671356,-127.72464,47.383858,8.4459162,132.8181,-251.87277,268.76462
-14.1,-39.726021,44.053413,-126.06912,46.617081,8.8478537,130.78046,-247.47714,265.17285
-14,-39.285057,43.442673,-124.43113,45.861015,9.2404175,128.76433,-243.13304,261.61386
-13.9,-38.847496,42.839111,-122.81061,45.11562,9.6236944,126.76962,-238.84019,258.08759
-13.8,-38.413319,42.242699,-121.20749,44.380848,9.9977684,124.79623,-234.59836,254.59389
-13.7,-37.982502,41.653389,-119.62164,43.656639,10.362734,122.84401,-230.4071,251.13257
-13.6,-37.555038,41.071159,-118.05303,42.942955,10.718671,120.91289,-226.26622,247.70357
-13.5,-37.130901,40.495968,-116.50154,42.239735,11.065674,119.0027,-222.17534,244.30669
-13.4,-36.710079,39.927784,-114.9671,41.54694,11.403826,117.11338,-218.13417,240.94183
-13.3,-36.292557,39.366581,-113.44965,40.864525,11.73321,115.24481,-214.14247,237.60889
-13.2,-35.878315,38.812321,-111.94906,40.192432,12.053918,113.39687,-210.19984,234.30768
-13.1,-35.467339,38.264973,-110.4653,39.530628,12.36603,111.56946,-206.30609,231.03815
-13,-35.059608,37.724499,-108.99826,38.879047,12.669637,109.76246,-202.46083,227.80009
-12.9,-34.655106,37.190868,-107.54787,38.237659,12.964822,107.97577,-198.66379,224.59344
-12.8,-34.253822,36.664063,-106.11407,37.606415,13.251665,106.2093,-194.91475,221.41808
-12.7,-33.855736,36.144032,-104.69673,36.985264,13.530258,104.46293,-191.21332,218.27383
-12.6,-33.460835,35.630756,-103.29583,36.374165,13.800677,102.73656,-187.5593,215.16064
-12.5,-33.069092,35.124199,-101.91125,35.773067,14.063013,101.03009,-183.95233,212.07835
-12.4,-32.6805,34.624325,-100.54293,35.181931,14.317347,99.343414,-180.39217,209.02686
-12.3,-32.295044,34.131119,-99.190811,34.600719,14.563757,97.676453,-176.87857,206.00607
-12.2,-31.912703,33.644535,-97.854774,34.029369,14.802332,96.029068,-173.41118,203.01585
-12.1,-31.533464,33.164547,-96.534782,33.467857,15.033149,94.401207,-169.98982,200.05611
-12,-31.157305,32.691124,-95.230736,32.916122,15.256294,92.792732,-166.61412,197.12671
-11.9,-30.784216,32.224239,-93.942558,32.37413,15.471848,91.203575,-163.28387,194.22757
-11.8,-30.414179,31.763859,-92.670197,31.841841,15.67989,89.633644,-159.99883,191.3586
-11.7,-30.047176,31.309952,-91.413551,31.319201,15.880503,88.082825,-156.75867,188.51967
-11.6,-29.683197,30.862494,-90.172569,30.806177,16.073765,86.551056,-153.56319,185.71071
-11.5,-29.322218,30.421444,-88.947151,30.302719,16.25976,85.038208,-150.41208,182.93159
-11.4,-28.964226,29.98678,-87.737236,29.808784,16.438566,83.544228,-147.30511,180.18224
-11.3,-28.609209,29.558477,-86.542755,29.324341,16.61026,82.069023,-144.24207,177.46259
-11.2,-28.257145,29.136494,-85.363625,28.849331,16.774925,80.612488,-141.22266,174.77251
-11.1,-27.908026,28.720808,-84.199776,28.383724,16.932636,79.174568,-138.24667,172.11194
-11,-27.561827,28.311384,-83.051125,27.927467,17.083477,77.75515,-135.31383,169.48077
-10.9,-27.218536,27.908195,-81.917595,27.480522,17.227522,76.354172,-132.4239,166.87895
-10.8,-26.878143,27.511217,-80.799141,27.04285,17.364847,74.971565,-129.57672,164.30641
-10.7,-26.540625,27.120409,-79.695648,26.614399,17.495535,73.607224,-126.77198,161.76305
-10.6,-26.205971,26.735748,-78.607079,26.195133,17.619659,72.261108,-124.00951,159.24883
-10.5,-25.874159,26.357199,-77.533325,25.785002,17.737297,70.933105,-121.28903,156.76363
-10.4,-25.545179,25.984734,-76.474327,25.383965,17.848526,69.623161,-118.61036,154.30742
-10.3,-25.219019,25.618326,-75.430016,24.991978,17.953423,68.331223,-115.97331,151.88016
-10.2,-24.895655,25.257936,-74.400299,24.608992,18.052061,67.057198,-113.37762,149.48175
-10.1,-24.575077,24.903542,-73.385124,24.234966,18.144516,65.801033,-110.82314,147.11218
-10,-24.257267,24.555101,-72.384384,23.869848,18.230865,64.56266,-108.30962,144.77135
-9.8999996,-23.942211,24.212591,-71.398018,23.513596,18.311182,63.342014,-105.83688,142.45924
-9.8000002,-23.629898,23.875978,-70.425957,23.166162,18.38554,62.13905,-103.40476,140.17584
-9.6999998,-23.320303,23.545227,-69.468102,22.827494,18.454014,60.953693,-101.01303,137.92107
-9.6000004,-23.013422,23.220308,-68.524391,22.497545,18.51668,59.785908,-98.661552,135.6949
-9.5,-22.70923,22.901182,-67.594727,22.176264,18.573606,58.63562,-96.350098,133.49731
-9.3999996,-22.407717,22.58782,-66.679031,21.8636,18.62487,57.502792,-94.078529,131.32828
-9.3000002,-22.10887,22.28019,-65.777237,21.559502,18.670544,56.387383,-91.846695,129.18779
-9.1999998,-21.812666,21.978251,-64.889244,21.263912,18.710699,55.289333,-89.654404,127.0758
-9.1000004,-21.5191,21.681971,-64.014984,20.97678,18.745407,54.208614,-87.501526,124.99234
-9,-21.228151,21.39131,-63.154346,20.698044,18.77474,53.145172,-85.387878,122.93736
-8.8999996,-20.939804,21.106232,-62.307259,20.42765,18.798769,52.098972,-83.313339,120.91088
-8.8000002,-20.654049,20.826704,-61.47364,20.165543,18.817566,51.07,-81.277794,118.91293
-8.6999998,-20.370865,20.552683,-60.653381,19.911652,18.831202,50.058197,-79.281059,116.94347
-8.6000004,-20.090242,20.28413,-59.846409,19.665922,18.839745,49.063557,-77.323059,115.00255
-8.5,-19.812162,20.021006,-59.052608,19.428286,18.843267,48.086029,-75.403618,113.09016
-8.3999996,-19.536612,19.763266,-58.2719,19.198677,18.841837,47.12561,-73.522659,111.20633
-8.3000002,-19.263578,19.510874,-57.504189,18.97703,18.835524,46.182278,-71.680077,109.35113
-8.1999998,-18.993044,19.263781,-56.749363,18.763271,18.824398,45.256004,-69.87574,107.52454
-8.1000004,-18.724998,19.021948,-56.007332,18.557333,18.808527,44.34679,-68.109581,105.72664
-8,-18.459423,18.785322,-55.277981,18.359135,18.787977,43.454601,-66.381477,103.95744
-7.9000001,-18.196304,18.553865,-54.561211,18.168602,18.762821,42.579449,-64.691368,102.21701
-7.8000002,-17.935629,18.327524,-53.856918,17.985659,18.733122,41.721317,-63.039154,100.5054
-7.6999998,-17.677382,18.106253,-53.164982,17.810221,18.69895,40.880196,-61.424763,98.822662
-7.5999999,-17.421549,17.889999,-52.485302,17.642204,18.660372,40.056095,-59.848137,97.168877
-7.5,-17.168116,17.678713,-51.817757,17.481524,18.617451,39.249012,-58.309196,95.544098
-7.4000001,-16.91707,17.472342,-51.162228,17.328091,18.570257,38.458942,-56.807888,93.948402
-7.3000002,-16.668394,17.27083,-50.5186,17.18181,18.518856,37.685898,-55.344147,92.381859
-7.1999998,-16.422075,17.074123,-49.886742,17.042593,18.46331,36.929874,-53.917915,90.844536
-7.0999999,-16.178101,16.882168,-49.266541,16.910339,18.403688,36.190891,-52.529156,89.336533
-7,-15.936455,16.694902,-48.65786,16.78495,18.340052,35.468952,-51.177814,87.857918
-6.9000001,-15.697125,16.512268,-48.060574,16.666325,18.272469,34.764061,-49.863838,86.408775
-6.8000002,-15.460096,16.334206,-47.474548,16.554358,18.201002,34.076233,-48.587189,84.989189
-6.6999998,-15.225353,16.16065,-46.899647,16.448938,18.125715,33.405472,-47.347805,83.599236
-6.5999999,-14.992886,15.991542,-46.335732,16.34996,18.046671,32.751789,-46.145657,82.238998
-6.5,-14.762677,15.826815,-45.782661,16.257309,17.963934,32.115192,-44.98069,80.908554
-6.4000001,-14.534714,15.666402,-45.240299,16.17087,17.877565,31.495687,-43.852848,79.607979
-6.3000002,-14.308984,15.510238,-44.708492,16.090525,17.78763,30.893274,-42.762074,78.337334
-6.1999998,-14.08547,15.358252,-44.187092,16.016151,17.694187,30.307949,-41.708298,77.096672
-6.0999999,-13.864162,15.210377,-43.675953,15.947628,17.597301,29.739712,-40.691463,75.88607
-6,-13.645045,15.06654,-43.174919,15.88483,17.497034,29.188553,-39.711479,74.705551
-5.9000001,-13.428106,14.926669,-42.683842,15.827627,17.393444,28.654455,-38.768257,73.555145
-5.8000002,-13.213331,14.790692,-42.202557,15.775892,17.286594,28.137396,-37.861691,72.434875
-5.6999998,-13.000705,14.658533,-41.730904,15.729492,17.176542,27.637344,-36.991657,71.344742
-5.5999999,-12.790217,14.530119,-41.268726,15.688293,17.063353,27.154264,-36.158028,70.284729
-5.5,-12.581853,14.405373,-40.815865,15.65216,16.947081,26.688105,-35.360641,69.254807
-5.4000001,-12.375598,14.284217,-40.37215,15.620953,16.827789,26.238808,-34.599327,68.254906
-5.3000002,-12.171441,14.166574,-39.937416,15.594534,16.705536,25.806301,-33.873886,67.284958
-5.1999998,-11.969366,14.052364,-39.511494,15.572763,16.580378,25.390499,-33.184082,66.344841
-5.0999999,-11.769361,13.941511,-39.094223,15.555498,16.452377,24.991306,-32.529682,65.434433
-5,-11.571415,13.833933,-38.685425,15.542595,16.321589,24.608608,-31.910395,64.553574
-4.9000001,-11.375512,13.72955,-38.284935,15.533911,16.188072,24.242275,-31.325912,63.702057
-4.8000002,-11.181641,13.628282,-37.892582,15.529301,16.051886,23.89216,-30.77589,62.879658
-4.6999998,-10.989785,13.530046,-37.50819,15.528618,15.913082,23.5581,-30.259947,62.086109
-4.5999999,-10.799935,13.434764,-37.131588,15.531717,15.771722,23.239916,-29.777674,61.321117
-4.5,-10.612078,13.342353,-36.762608,15.538453,15.62786,22.937403,-29.328621,60.584343
-4.4000001,-10.426199,13.252731,-36.401073,15.548677,15.481554,22.650341,-28.9123,59.875408
-4.3000002,-10.242286,13.165819,-36.046814,15.562245,15.332858,22.378494,-28.528183,59.193901
-4.1999998,-10.060324,13.081533,-35.699657,15.57901,15.181827,22.121599,-28.175709,58.539364
-4.0999999,-9.8803034,12.999795,-35.359432,15.598825,15.028517,21.879379,-27.854279,57.911312
-4,-9.7022104,12.920523,-35.02597,15.621548,14.872983,21.651539,-27.563251,57.309219
-3.9000001,-9.5260324,12.843636,-34.699097,15.647031,14.715279,21.437757,-27.301954,56.732513
-3.8,-9.3517561,12.769055,-34.378643,15.675133,14.555458,21.237703,-27.069675,56.180592
-3.7,-9.179369,12.696702,-34.064445,15.705709,14.393575,21.051023,-26.865671,55.652821
-3.5999999,-9.0088577,12.626496,-33.756336,15.738621,14.229682,20.877348,-26.689169,55.148533
-3.5,-8.8402119,12.558363,-33.454151,15.773727,14.063833,20.716297,-26.539362,54.66703
-3.4000001,-8.6734171,12.492223,-33.157722,15.810889,13.896082,20.567471,-26.415422,54.207584
-3.3,-8.508461,12.427999,-32.866894,15.849972,13.726478,20.43046,-26.31649,53.769444
-3.2,-8.3453321,12.36562,-32.581501,15.890839,13.555075,20.304846,-26.241692,53.351841
-3.0999999,-8.1840162,12.305009,-32.301392,15.933357,13.381924,20.190195,-26.190132,52.953979
-3,-8.0245037,12.246093,-32.026405,15.977397,13.207076,20.086073,-26.160902,52.575054
-2.9000001,-7.8667803,12.1888,-31.75639,16.022829,13.030582,19.992033,-26.15308,52.214245
-2.8,-7.710834,12.13306,-31.491194,16.069527,12.852494,19.907627,-26.165739,51.870728
-2.7,-7.556653,12.078803,-31.230673,16.117367,12.672862,19.832407,-26.197943,51.543667
-2.5999999,-7.4042249,12.025961,-30.974674,16.166225,12.491734,19.765921,-26.248758,51.232224
-2.5,-7.2535377,11.974466,-30.723061,16.215984,12.30916,19.707714,-26.317251,50.93557
-2.4000001,-7.104579,11.924253,-30.475687,16.266529,12.125192,19.657343,-26.402491,50.652874
-2.3,-6.9573369,11.875259,-30.232416,16.317743,11.939875,19.614357,-26.503557,50.383308
-2.2,-6.8117995,11.827419,-29.993114,16.369516,11.75326,19.57832,-26.619539,50.12606
-2.0999999,-6.6679544,11.780673,-29.757648,16.42174,11.565393,19.548794,-26.749538,49.880325
-2,-6.5257902,11.73496,-29.525888,16.474308,11.376326,19.525356,-26.89267,49.645321
-1.9,-6.3852949,11.690222,-29.297709,16.527119,11.186102,19.507587,-27.048067,49.420273
-1.8,-6.2464561,11.646401,-29.072983,16.58007,10.994771,19.495079,-27.214882,49.204426
-1.7,-6.1092629,11.603443,-28.851593,16.633068,10.802379,19.487432,-27.392286,48.997044
-1.6,-5.9737029,11.561294,-28.633421,16.686016,10.608973,19.484261,-27.579477,48.797421
-1.5,-5.8397646,11.519898,-28.418352,16.738823,10.414597,19.485188,-27.775667,48.604862
-1.4,-5.7074366,11.479209,-28.206272,16.791399,10.219299,19.489847,-27.980101,48.418697
-1.3,-5.5767064,11.439174,-27.997076,16.843662,10.023125,19.49789,-28.192039,48.238289
-1.2,-5.4475636,11.399746,-27.790655,16.895529,9.8261175,19.508978,-28.410778,48.063015
-1.1,-5.3199959,11.360879,-27.586908,16.946917,9.6283236,19.522783,-28.63563,47.892277
-1,-5.1939917,11.322526,-27.385735,16.997753,9.4297867,19.538994,-28.865938,47.725513
-.89999998,-5.0695395,11.284646,-27.187038,17.04796,9.2305517,19.557308,-29.101068,47.562172
-.80000001,-4.9466286,11.247195,-26.990725,17.097469,9.0306625,19.577438,-29.340414,47.401737
-.69999999,-4.8252468,11.210133,-26.796703,17.14621,8.8301611,19.599112,-29.583393,47.243713
-.60000002,-4.7053833,11.173421,-26.604885,17.194118,8.6290913,19.622066,-29.829451,47.087635
-.5,-4.5870266,11.13702,-26.415184,17.241131,8.427496,19.646051,-30.078056,46.933048
-.40000001,-4.4701657,11.100895,-26.22752,17.287188,8.2254181,19.67083,-30.328699,46.779537
-.30000001,-4.3547888,11.06501,-26.041809,17.332232,8.0228996,19.696177,-30.580898,46.626698
-.2,-4.2408853,11.029331,-25.857979,17.376207,7.8199811,19.72188,-30.834194,46.474155
-.1,-4.1284442,10.993828,-25.675951,17.419062,7.6167049,19.747738,-31.08815,46.32156
0,-4.0174537,10.958467,-25.495653,17.460747,7.4131122,19.773558,-31.342348,46.168571
.1,-3.9079032,10.92322,-25.31702,17.501213,7.2092433,19.799158,-31.596395,46.014881
.2,-3.7997818,10.888057,-25.13998,17.540417,7.0051384,19.824373,-31.84992,45.860195
.30000001,-3.6930783,10.852952,-24.964472,17.578316,6.800838,19.849041,-32.10257,45.704243
.40000001,-3.5877821,10.817878,-24.790434,17.614868,6.5963817,19.873013,-32.354004,45.546768
.5,-3.483882,10.782811,-24.617804,17.65004,6.391809,19.896143,-32.603916,45.387535
.60000002,-3.3813672,10.747726,-24.446524,17.68379,6.1871581,19.918306,-32.852005,45.226322
.69999999,-3.2802272,10.712603,-24.276543,17.716087,5.9824691,19.939375,-33.097988,45.062923
.80000001,-3.1804512,10.677417,-24.107803,17.746901,5.7777791,19.959234,-33.341602,44.89716
.89999998,-3.0820282,10.64215,-23.940258,17.776201,5.5731263,19.977779,-33.5826,44.728851
1,-2.9849477,10.606781,-23.773855,17.803961,5.3685489,19.994907,-33.820747,44.557846
1.1,-2.8891993,10.571293,-23.608551,17.830153,5.1640835,20.010527,-34.055828,44.383995
1.2,-2.7947721,10.535667,-23.4443,17.854755,4.9597678,20.024553,-34.287636,44.207172
1.3,-2.7016559,10.499888,-23.281059,17.877747,4.7556381,20.036907,-34.515976,44.027252
1.4,-2.6098399,10.463941,-23.118786,17.899107,4.5517306,20.047514,-34.740673,43.844135
1.5,-2.5193138,10.42781,-22.957445,17.918818,4.3480816,20.056307,-34.961559,43.657722
1.6,-2.4300673,10.39148,-22.796995,17.936861,4.1447258,20.063227,-35.178478,43.46793
1.7,-2.3420899,10.354942,-22.637403,17.953224,3.9416995,20.068216,-35.391281,43.274681
1.8,-2.2553713,10.318181,-22.478634,17.967892,3.7390375,20.071226,-35.599842,43.077919
1.9,-2.1699014,10.281187,-22.320658,17.980854,3.5367739,20.072208,-35.804031,42.877579
2,-2.0856695,10.243949,-22.163441,17.992102,3.3349431,20.071123,-36.003735,42.673622
2.0999999,-2.002666,10.206457,-22.006956,18.001623,3.1335793,20.067932,-36.198845,42.466003
2.2,-1.9208803,10.168704,-21.851173,18.009413,2.9327154,20.062605,-36.389271,42.2547
2.3,-1.8403027,10.13068,-21.69607,18.015465,2.7323856,20.055113,-36.574913,42.039684
2.4000001,-1.7609227,10.092378,-21.54162,18.019773,2.5326219,20.045431,-36.755699,41.820942
2.5,-1.6827307,10.053791,-21.387798,18.022337,2.3334577,20.033537,-36.931553,41.598465
2.5999999,-1.6057165,10.014913,-21.234585,18.023151,2.1349249,20.019413,-37.102402,41.372253
2.7,-1.52987,9.9757385,-21.081959,18.022219,1.9370545,20.003046,-37.268192,41.142303
2.8,-1.4551818,9.9362621,-20.929897,18.019535,1.7398793,19.984423,-37.428871,40.908627
2.9000001,-1.3816415,9.8964806,-20.778387,18.015102,1.5434295,19.963537,-37.584385,40.671242
3,-1.3092397,9.8563881,-20.627407,18.008926,1.3477368,19.940382,-37.734692,40.430164
3.0999999,-1.2379665,9.8159838,-20.47694,18.001007,1.1528313,19.914953,-37.879761,40.185425
3.2,-1.1678121,9.7752628,-20.326975,17.991352,.95874274,19.887253,-38.019554,39.937042
3.3,-1.098767,9.7342243,-20.177496,17.979961,.76550186,19.857281,-38.154053,39.685055
3.4000001,-1.0308212,9.6928663,-20.02849,17.966846,.57313716,19.825039,-38.283226,39.429501
3.5,-.96396565,9.651186,-19.879944,17.952013,.38167873,19.790539,-38.407063,39.170422
3.5999999,-.8981905,9.6091852,-19.731848,17.935467,.19115494,19.753782,-38.525547,38.90786
3.7,-.83348602,9.5668612,-19.58419,17.917217,.0015937914,19.714785,-38.638672,38.641861
3.8,-.76984316,9.5242157,-19.436962,17.897276,-.18697569,19.673553,-38.746433,38.372482
3.9000001,-.7072522,9.4812469,-19.290155,17.87565,-.37452659,19.630104,-38.848824,38.09977
4,-.64570397,9.4379587,-19.143763,17.852354,-.56103063,19.584452,-38.94585,37.823792
4.0999999,-.5851891,9.3943491,-18.997776,17.827398,-.74646109,19.536612,-39.037518,37.544594
4.1999998,-.52569818,9.3504219,-18.85219,17.800793,-.9307912,19.486603,-39.123833,37.262249
4.3000002,-.46722171,9.3061781,-18.706997,17.772552,-1.1139956,19.434444,-39.204807,36.976814
4.4000001,-.40975109,9.2616205,-18.562193,17.742691,-1.296046,19.380156,-39.280453,36.688362
4.5,-.35327679,9.2167511,-18.417776,17.711224,-1.4769181,19.323759,-39.350792,36.396954
4.5999999,-.29778978,9.1715727,-18.273741,17.678162,-1.6565861,19.265278,-39.415836,36.102665
4.6999998,-.24328089,9.1260881,-18.130085,17.643522,-1.8350251,19.204737,-39.475616,35.805565
4.8000002,-.18974088,9.0803003,-17.986803,17.607321,-2.0122111,19.142159,-39.530151,35.50573
4.9000001,-.13716124,9.034215,-17.843897,17.569574,-2.1881182,19.07757,-39.579468,35.203232
5,-.085532755,8.9878349,-17.701365,17.5303,-2.3627231,19.010998,-39.623592,34.898148
5.0999999,-.034846514,8.9411631,-17.559204,17.489511,-2.5360022,18.942469,-39.66256,34.590557
5.1999998,.014906345,8.894206,-17.417416,17.447229,-2.707932,18.872013,-39.6964,34.280537
5.3000002,.063734889,8.8469658,-17.276001,17.403469,-2.8784902,18.799658,-39.725143,33.968163
5.4000001,.11164743,8.7994499,-17.134958,17.358252,-3.047653,18.725435,-39.748833,33.653526
5.5,.15865296,8.7516613,-16.994289,17.311594,-3.2153981,18.649374,-39.767498,33.336704
5.5999999,.20476018,8.7036066,-16.853996,17.263515,-3.3817041,18.571505,-39.781185,33.017776
5.6999998,.24997774,8.6552906,-16.714079,17.214035,-3.5465491,18.491859,-39.789928,32.696831
5.8000002,.29431444,8.6067181,-16.574543,17.163172,-3.7099128,18.410471,-39.79377,32.373947
5.9000001,.33777851,8.5578957,-16.435389,17.110947,-3.8717723,18.32737,-39.792759,32.049213
6,.3803786,8.5088291,-16.296619,17.057377,-4.0321078,18.242592,-39.78693,31.722715
6.0999999,.42212325,8.4595242,-16.158239,17.002485,-4.1908994,18.156168,-39.776337,31.394537
6.1999998,.46302089,8.4099874,-16.02025,16.946293,-4.3481269,18.068134,-39.761021,31.064766
6.3000002,.50308013,8.3602238,-15.882658,16.888819,-4.5037708,17.978523,-39.741028,30.733486
6.4000001,.54230893,8.3102417,-15.745466,16.830084,-4.6578116,17.887369,-39.716412,30.400787
6.5,.58071584,8.260047,-15.608678,16.770109,-4.8102303,17.794708,-39.687218,30.066757
6.5999999,.61830908,8.2096453,-15.4723,16.708918,-4.9610081,17.700575,-39.653496,29.73148
6.6999998,.65509689,8.1590433,-15.336334,16.646528,-5.110127,17.605003,-39.615299,29.395046
6.8000002,.69108772,8.1082487,-15.200788,16.582964,-5.2575703,17.50803,-39.572681,29.057539
6.9000001,.72628921,8.0572681,-15.065667,16.518246,-5.4033184,17.409693,-39.525688,28.719051
7,.76070982,8.0061092,-14.930976,16.452394,-5.5473547,17.310024,-39.47438,28.379669
7.0999999,.79435748,7.9547777,-14.79672,16.385435,-5.6896629,17.209063,-39.418804,28.039478
7.1999998,.82724029,7.9032807,-14.662906,16.317387,-5.8302259,17.106842,-39.35902,27.698568
7.3000002,.85936636,7.8516264,-14.529538,16.248272,-5.9690285,17.003401,-39.295082,27.357025
7.4000001,.89074326,7.7998214,-14.396626,16.178112,-6.1060534,16.898775,-39.227043,27.014936
7.5,.92137909,7.7478728,-14.264173,16.106932,-6.2412853,16.792999,-39.154961,26.67239
7.5999999,.95128173,7.6957884,-14.132186,16.03475,-6.3747101,16.686113,-39.078892,26.329472
7.6999998,.98045897,7.6435747,-14.000672,15.961591,-6.5063114,16.578152,-38.998894,25.986269
7.8000002,1.0089186,7.5912399,-13.869637,15.887475,-6.6360765,16.469152,-38.91502,25.642868
7.9000001,1.0366683,7.5387907,-13.73909,15.812427,-6.7639894,16.35915,-38.827335,25.299355
8,1.0637158,7.4862351,-13.609035,15.736467,-6.8900375,16.248182,-38.735889,24.955814
8.1000004,1.0900687,7.4335799,-13.479481,15.659618,-7.0142074,16.136286,-38.640747,24.612331
8.1999998,1.1157343,7.3808336,-13.350433,15.581903,-7.1364841,16.023499,-38.541965,24.268997
8.3000002,1.1407208,7.328002,-13.221899,15.503341,-7.2568574,15.909856,-38.439602,23.925886
8.3999996,1.1650351,7.275094,-13.093887,15.423958,-7.3753123,15.795394,-38.333717,23.583092
8.5,1.1886853,7.222116,-12.966402,15.343773,-7.4918394,15.680149,-38.224369,23.240688
8.6000004,1.2116783,7.169076,-12.839453,15.262809,-7.6064253,15.564159,-38.111618,22.898766
8.6999998,1.2340214,7.1159816,-12.713046,15.181089,-7.7190576,15.44746,-37.995522,22.557407
8.8000002,1.2557224,7.0628395,-12.587189,15.098633,-7.8297272,15.330087,-37.876144,22.21669
8.8999996,1.2767882,7.0096579,-12.461888,15.015465,-7.9384217,15.212076,-37.753544,21.876701
9,1.2972264,6.9564428,-12.337152,14.931604,-8.0451326,15.093465,-37.627777,21.537514
9.1000004,1.3170441,6.903203,-12.212985,14.847073,-8.149848,14.974287,-37.498909,21.199215
9.1999998,1.3362483,6.8499451,-12.089397,14.761894,-8.2525578,14.854581,-37.367001,20.861885
9.3000002,1.3548462,6.7966766,-11.966394,14.676087,-8.3532553,14.734379,-37.232109,20.525599
9.3999996,1.3728451,6.7434044,-11.843986,14.589675,-8.4519281,14.61372,-37.094292,20.190437
9.5,1.3902518,6.690136,-11.722174,14.502677,-8.5485697,14.492636,-36.953613,19.856476
9.6000004,1.4070734,6.636878,-11.600969,14.415115,-8.6431713,14.371164,-36.810135,19.523792
9.6999998,1.4233167,6.5836387,-11.480378,14.327012,-8.7357235,14.249339,-36.663914,19.192467
9.8000002,1.4389889,6.5304241,-11.360407,14.238385,-8.8262215,14.127194,-36.515015,18.86257
9.8999996,1.4540967,6.4772415,-11.241064,14.149257,-8.9146547,14.004766,-36.363491,18.534182
10,1.468647,6.4240975,-11.122353,14.059647,-9.0010185,13.882087,-36.209408,18.207371
10.1,1.4826465,6.3709993,-11.004283,13.969576,-9.0853052,13.759191,-36.052822,17.882214
10.2,1.496102,6.3179541,-10.886861,13.879065,-9.1675072,13.636113,-35.893799,17.558784
10.3,1.5090202,6.2649679,-10.770091,13.788132,-9.2476215,13.512886,-35.732391,17.23715
10.4,1.5214077,6.2120481,-10.653982,13.696798,-9.3256388,13.389545,-35.568665,16.917387
10.5,1.5332713,6.1592002,-10.538539,13.605082,-9.401557,13.26612,-35.402676,16.59956
10.6,1.5446175,6.1064315,-10.423768,13.513003,-9.4753704,13.142645,-35.234482,16.283741
10.7,1.5554526,6.0537491,-10.309677,13.420583,-9.5470724,13.019155,-35.064144,15.970001
10.8,1.5657835,6.0011578,-10.19627,13.327837,-9.6166611,12.895678,-34.891724,15.658402
10.9,1.5756162,5.9486656,-10.083554,13.234787,-9.6841307,12.772249,-34.717278,15.349017
11,1.5849575,5.8962774,-9.9715338,13.141449,-9.7494783,12.648897,-34.540863,15.041905
11.1,1.5938137,5.8439994,-9.8602152,13.047842,-9.8127012,12.525657,-34.362537,14.737134
11.2,1.6021907,5.7918386,-9.7496052,12.953986,-9.8737955,12.402557,-34.182362,14.434771
11.3,1.6100954,5.7398005,-9.6397066,12.859898,-9.9327602,12.279629,-34.000389,14.134871
11.4,1.6175336,5.6878905,-9.5305271,12.765594,-9.9895906,12.156904,-33.816685,13.837503
11.5,1.6245117,5.6361146,-9.4220705,12.671094,-10.044287,12.03441,-33.631298,13.542724
11.6,1.6310358,5.5844784,-9.3143406,12.576412,-10.096846,11.912178,-33.444286,13.250593
11.7,1.6371119,5.5329881,-9.207346,12.481569,-10.147267,11.790237,-33.255707,12.961174
11.8,1.6427463,5.4816484,-9.1010866,12.38658,-10.195551,11.668616,-33.06562,12.674518
11.9,1.6479448,5.4304652,-8.9955711,12.291461,-10.241694,11.547345,-32.874077,12.390688
12,1.6527135,5.3794427,-8.8908005,12.196228,-10.285699,11.426451,-32.681129,12.109733
12.1,1.6570584,5.3285871,-8.7867804,12.100897,-10.327563,11.30596,-32.486835,11.83171
12.2,1.6609851,5.2779036,-8.6835155,12.005486,-10.36729,11.185903,-32.291256,11.556676
12.3,1.6644998,5.227396,-8.581008,11.910007,-10.404878,11.066302,-32.094433,11.284677
12.4,1.6676081,5.1770701,-8.4792624,11.814479,-10.440329,10.947189,-31.896427,11.015769
12.5,1.6703159,5.1269298,-8.3782816,11.718913,-10.473644,10.828588,-31.697287,10.749997
12.6,1.6726289,5.0769801,-8.2780685,11.623326,-10.504827,10.710523,-31.497065,10.487411
12.7,1.6745527,5.0272255,-8.1786289,11.527734,-10.533877,10.593021,-31.295816,10.228063
12.8,1.676093,4.9776702,-8.0799608,11.432147,-10.560799,10.476106,-31.09359,9.9719915
12.9,1.6772553,4.9283185,-7.9820719,11.336582,-10.585594,10.359803,-30.890436,9.7192469
13,1.6780454,4.8791742,-7.8849607,11.241052,-10.608267,10.244135,-30.686401,9.4698677
13.1,1.6784686,4.8302417,-7.788631,11.145568,-10.62882,10.129125,-30.481539,9.2238979
13.2,1.6785305,4.7815247,-7.6930857,11.050146,-10.647258,10.014796,-30.275898,8.9813814
13.3,1.6782362,4.7330265,-7.5983248,10.954798,-10.663585,9.9011707,-30.069521,8.7423525
13.4,1.6775917,4.684751,-7.5043521,10.859535,-10.677804,9.78827,-29.862461,8.5068531
13.5,1.6766018,4.6367016,-7.4111667,10.76437,-10.689921,9.676115,-29.654758,8.2749157
13.6,1.6752721,4.5888815,-7.3187704,10.669314,-10.699943,9.5647268,-29.446463,8.0465765
13.7,1.6736077,4.5412946,-7.2271662,10.574381,-10.707872,9.4541245,-29.237617,7.8218718
13.8,1.6716139,4.4939427,-7.1363516,10.47958,-10.713717,9.3443279,-29.028263,7.6008286
13.9,1.6692958,4.4468298,-7.04633,10.384922,-10.717484,9.2353563,-28.818449,7.383482
14,1.6666586,4.3999577,-6.9570994,10.290417,-10.719176,9.1272249,-28.60821,7.1698565
14.1,1.6637075,4.3533292,-6.8686614,10.196076,-10.718804,9.0199547,-28.397591,6.959981
14.2,1.6604472,4.3069482,-6.7810159,10.101911,-10.716374,8.9135599,-28.186632,6.7538829
14.3,1.6568831,4.2608151,-6.6941609,10.007927,-10.711893,8.8080578,-27.975368,6.5515828
14.4,1.6530199,4.2149334,-6.6080976,9.9141378,-10.70537,8.7034636,-27.763845,6.3531055
14.5,1.6488627,4.1693044,-6.5228238,9.820549,-10.696812,8.5997906,-27.552092,6.1584682
14.6,1.6444162,4.1239305,-6.4383392,9.7271709,-10.686229,8.4970541,-27.340149,5.9676914
14.7,1.6396853,4.0788136,-6.3546429,9.6340132,-10.673628,8.3952675,-27.12805,5.7807937
14.8,1.6346748,4.0339551,-6.2717314,9.5410814,-10.65902,8.2944412,-26.915827,5.5977859
14.9,1.6293895,3.9893565,-6.1896057,9.4483843,-10.642415,8.1945896,-26.703514,5.4186854
15,1.6238341,3.945019,-6.1082611,9.3559294,-10.623821,8.0957203,-26.491142,5.2434993
15.1,1.6180131,3.900944,-6.0276966,9.2637234,-10.603251,7.9978456,-26.27874,5.0722384
15.2,1.6119314,3.8571329,-5.9479103,9.171773,-10.580713,7.9009748,-26.066339,4.9049125
15.3,1.6055934,3.8135862,-5.8688979,9.0800848,-10.55622,7.8051143,-25.853962,4.7415228
15.4,1.5990037,3.7703052,-5.7906585,8.9886656,-10.529782,7.7102733,-25.64164,4.5820761
15.5,1.5921667,3.7272894,-5.7131863,8.8975201,-10.501411,7.6164575,-25.429394,4.4265709
15.6,1.5850869,3.6845405,-5.6364799,8.806653,-10.47112,7.5236726,-25.217247,4.2750072
15.7,1.5777688,3.6420586,-5.560535,8.7160721,-10.438921,7.4319243,-25.005224,4.1273837
15.8,1.5702167,3.5998435,-5.4853473,8.6257801,-10.404825,7.3412156,-24.793343,3.9836926
15.9,1.5624348,3.5578959,-5.410913,8.5357828,-10.368848,7.2515502,-24.581625,3.8439295
16,1.5544275,3.5162151,-5.3372273,8.4460821,-10.331,7.1629286,-24.370083,3.7080822
16.1,1.5461991,3.4748013,-5.264286,8.3566847,-10.291298,7.0753536,-24.158735,3.5761404
16.200001,1.5377537,3.4336538,-5.1920843,8.2675915,-10.249754,6.9888244,-23.947598,3.4480903
16.299999,1.5290956,3.3927734,-5.1206179,8.1788092,-10.206384,6.9033418,-23.736685,3.3239181
16.4,1.5202287,3.3521576,-5.0498796,8.0903368,-10.161201,6.8189015,-23.526001,3.2036009
16.5,1.5111573,3.3118067,-4.9798646,8.0021791,-10.11422,6.7355013,-23.315559,3.0871203
16.6,1.5018852,3.2717195,-4.9105673,7.9143376,-10.065458,6.6531382,-23.10537,2.9744537
16.700001,1.4924164,3.2318952,-4.8419819,7.8268147,-10.01493,6.5718074,-22.895435,2.8655756
16.799999,1.4827552,3.1923335,-4.7741036,7.739614,-9.9626532,6.4915037,-22.685766,2.7604606
16.9,1.4729049,3.1530313,-4.706923,7.6527328,-9.9086418,6.4122181,-22.476358,2.659075
17,1.4628699,3.1139884,-4.6404352,7.566175,-9.8529148,6.3339443,-22.267218,2.5613885
17.1,1.4526536,3.0752029,-4.5746331,7.4799404,-9.7954874,6.2566733,-22.058342,2.4673672
17.200001,1.4422601,3.0366733,-4.50951,7.3940301,-9.7363787,6.1803956,-21.849731,2.3769741
17.299999,1.4316932,2.9983983,-4.4450598,7.3084459,-9.6756058,6.1051011,-21.641384,2.2901721
17.4,1.4209561,2.9603751,-4.3812723,7.2231846,-9.6131868,6.030776,-21.43329,2.2069163
17.5,1.4100529,2.9226019,-4.3181415,7.1382475,-9.5491409,5.9574084,-21.225447,2.1271653
17.6,1.3989869,2.8850768,-4.2556596,7.0536332,-9.4834852,5.884985,-21.017843,2.050873
17.700001,1.3877618,2.8477974,-4.1938186,6.9693422,-9.4162407,5.8134909,-20.810472,1.9779921
17.799999,1.3763814,2.8107624,-4.1326118,6.8853745,-9.3474274,5.7429118,-20.603327,1.9084731
17.9,1.3648486,2.7739675,-4.0720277,6.8017249,-9.2770624,5.6732287,-20.396387,1.8422617
18,1.3531672,2.7374113,-4.0120602,6.7183943,-9.2051678,5.6044254,-20.18964,1.7793045
18.1,1.3413404,2.7010906,-3.9526999,6.6353807,-9.1317644,5.5364838,-19.983074,1.7195452
18.200001,1.3293718,2.6650031,-3.8939383,6.5526819,-9.0568714,5.4693847,-19.776669,1.6629255
18.299999,1.3172647,2.6291463,-3.8357675,6.4702969,-8.9805136,5.4031091,-19.570414,1.6093858
18.4,1.305022,2.5935163,-3.7781763,6.3882203,-8.9027081,5.3376336,-19.364279,1.5588619
18.5,1.2926471,2.5581102,-3.7211568,6.3064513,-8.8234787,5.2729383,-19.158249,1.5112903
18.6,1.2801434,2.5229254,-3.6646996,6.2249861,-8.7428484,5.2090006,-18.952301,1.4666052
18.700001,1.2675138,2.4879584,-3.6087952,6.1438227,-8.6608391,5.1457973,-18.746416,1.4247388
18.799999,1.2547616,2.4532065,-3.5534348,6.0629582,-8.5774746,5.0833063,-18.540571,1.3856223
18.9,1.2418895,2.4186654,-3.4986074,5.9823861,-8.4927759,5.0215001,-18.334736,1.3491831
19,1.2289007,2.3843319,-3.444304,5.9021053,-8.4067688,4.9603553,-18.128887,1.3153492
19.1,1.2157981,2.3502028,-3.3905146,5.8221107,-8.3194761,4.8998466,-17.922998,1.2840465
19.200001,1.2025849,2.3162744,-3.3372295,5.7423992,-8.2309217,4.8399467,-17.717043,1.2551998
19.299999,1.1892638,2.2825437,-3.2844396,5.6629672,-8.1411333,4.7806315,-17.511,1.2287322
19.4,1.1758375,2.2490058,-3.2321329,5.5838079,-8.0501318,4.7218709,-17.304829,1.204565
19.5,1.1623089,2.2156577,-3.1803005,5.5049181,-7.9579444,4.6636386,-17.098509,1.1826193
19.6,1.1486807,2.1824956,-3.128932,5.4262934,-7.8645964,4.605907,-16.892008,1.1628149
19.700001,1.1349558,2.1495156,-3.0780175,5.347929,-7.7701139,4.5486469,-16.685299,1.1450702
19.799999,1.1211369,2.1167145,-3.0275474,5.2698212,-7.6745253,4.4918318,-16.478354,1.1293035
19.9,1.1072261,2.0840874,-2.9775097,5.1919622,-7.5778537,4.4354305,-16.271137,1.1154308
20,1.0932266,2.0516305,-2.9278953,5.1143484,-7.4801269,4.379415,-16.063623,1.1033691
20.1,1.0791405,2.0193403,-2.8786938,5.0369749,-7.3813734,4.3237567,-15.855781,1.0930336
20.200001,1.0649706,1.9872128,-2.829895,4.959836,-7.2816205,4.2684255,-15.64758,1.0843394
20.299999,1.0507194,1.9552445,-2.7814894,4.8829284,-7.1808982,4.2133932,-15.438997,1.077201
20.4,1.036389,1.9234303,-2.7334652,4.8062429,-7.0792308,4.1586289,-15.229994,1.0715324
20.5,1.0219818,1.8917668,-2.6858127,4.7297764,-6.9766493,4.1041045,-15.020546,1.0672474
20.6,1.0075004,1.8602499,-2.6385224,4.653523,-6.8731823,4.0497899,-14.810624,1.0642595
20.700001,.9929468,1.8288757,-2.5915835,4.577477,-6.7688594,3.995656,-14.600202,1.0624822
20.799999,.97832376,1.7976407,-2.5449872,4.5016346,-6.6637125,3.9416752,-14.389255,1.0618289
20.9,.96363276,1.7665398,-2.4987216,4.4259872,-6.5577679,3.8878164,-14.177748,1.0622126
21,.94887632,1.7355697,-2.4527779,4.3505306,-6.451057,3.8340521,-13.965661,1.063547
21.1,.93405652,1.7047265,-2.4071457,4.275259,-6.3436112,3.7803535,-13.752968,1.0657455
21.200001,.91917545,1.674006,-2.3618159,4.2001667,-6.2354617,3.7266927,-13.539645,1.0687217
21.299999,.90423548,1.6434051,-2.3167791,4.1252503,-6.1266422,3.673043,-13.325674,1.0723898
21.4,.88923788,1.6129186,-2.2720246,4.0505004,-6.0171795,3.6193745,-13.111023,1.0766642
21.5,.87418503,1.5825435,-2.2275431,3.9759133,-5.9071088,3.5656617,-12.895677,1.0814598
21.6,.85907876,1.5522758,-2.1833258,3.9014833,-5.7964616,3.5118773,-12.679614,1.0866915
21.700001,.84392095,1.5221118,-2.1393633,3.8272052,-5.6852713,3.4579954,-12.462817,1.0922754
21.799999,.82871366,1.4920483,-2.0956471,3.7530746,-5.5735726,3.4039912,-12.245273,1.0981276
21.9,.8134582,1.4620806,-2.0521669,3.6790833,-5.4613953,3.3498375,-12.026957,1.1041654
22,.79815644,1.4322056,-2.0089147,3.6052277,-5.3487754,3.2955103,-11.807857,1.1103063
22.1,.78281021,1.4024197,-1.9658818,3.5315022,-5.2357464,3.2409856,-11.587961,1.1164687
22.200001,.76742107,1.3727195,-1.9230597,3.457902,-5.1223431,3.1862395,-11.367258,1.1225716
22.299999,.75199097,1.3431021,-1.8804408,3.3844228,-5.0086031,3.1312504,-11.145741,1.128535
22.4,.73652089,1.313563,-1.8380153,3.3110571,-4.894556,3.0759933,-10.923392,1.1342798
22.5,.72101253,1.2840995,-1.7957762,3.2378013,-4.780241,3.0204475,-10.70021,1.1397276
22.6,.70546752,1.2547084,-1.7537156,3.1646507,-4.6656923,2.964592,-10.476186,1.1448009
22.700001,.68988723,1.2253864,-1.711826,3.0916004,-4.5509477,2.9084058,-10.251318,1.149423
22.799999,.67427331,1.1961311,-1.6701006,3.0186472,-4.4360447,2.8518703,-10.025608,1.1535184
22.9,.65862662,1.1669384,-1.6285307,2.9457839,-4.3210163,2.7949641,-9.7990456,1.1570127
23,.64294863,1.1378059,-1.58711,2.8730073,-4.2059016,2.7376695,-9.5716352,1.1598319
23.1,.62724072,1.1087309,-1.5458319,2.8003135,-4.0907388,2.6799688,-9.3433809,1.1619036
23.200001,.61150408,1.0797105,-1.5046897,2.7276978,-3.9755654,2.6218448,-9.1142864,1.163156
23.299999,.5957402,1.0507427,-1.4636776,2.655158,-3.8604217,2.563282,-8.8843622,1.1635185
23.4,.57994956,1.0218238,-1.4227883,2.5826874,-3.745342,2.5042622,-8.6536055,1.1629217
23.5,.56413358,.99295187,-1.3820163,2.5102835,-3.6303675,2.4447718,-8.4220324,1.161297
23.6,.54829335,.96412456,-1.341356,2.4379427,-3.5155373,2.3847959,-8.1896515,1.1585768
23.700001,.53242987,.93533957,-1.300802,2.3656619,-3.4008911,2.3243213,-7.9564772,1.1546948
23.799999,.5165444,.90659529,-1.2603498,2.2934387,-3.2864711,2.2633359,-7.722528,1.1495858
23.9,.50063729,.87788856,-1.2199926,2.2212672,-3.172313,2.2018254,-7.4878116,1.1431853
24,.48470965,.84921789,-1.1797268,2.1491461,-3.0584598,2.1397791,-7.2523499,1.1354301
24.1,.4687624,.82058144,-1.1395477,2.0770724,-2.9449522,2.0771863,-7.0161624,1.1262579
24.200001,.45279628,.79197735,-1.0994508,2.0050433,-2.8318319,2.0140369,-6.7792716,1.1156077
24.299999,.43681237,.76340455,-1.059433,1.9330578,-2.7191424,1.9503226,-6.5417042,1.1034197
24.4,.42081079,.7348603,-1.0194889,1.8611106,-2.6069214,1.8860323,-6.3034768,1.0896342
24.5,.40479252,.70634371,-.97961575,1.7892008,-2.4952133,1.8211594,-6.06462,1.0741935
24.6,.38875815,.67785335,-.93981004,1.7173264,-2.3840611,1.7556963,-5.8251624,1.0570405
24.700001,.37270832,.64938796,-.9000687,1.6454853,-2.2735074,1.6896365,-5.585134,1.0381192
24.799999,.35664383,.62094688,-.86038965,1.5736773,-2.1635978,1.6229751,-5.3445706,1.0173751
24.9,.34056458,.59252787,-.82076871,1.5018979,-2.0543718,1.5557046,-5.1034966,.99475324
25,.32447135,.5641306,-.78120428,1.4301469,-1.9458754,1.4878215,-4.8619518,.97020108
25.1,.30836454,.53575402,-.74169409,1.3584232,-1.8381532,1.4193218,-4.6199727,.9436664
25.200001,.29224455,.50739747,-.70223624,1.2867253,-1.7312498,1.3502022,-4.3775973,.91509801
25.299999,.27611199,.47906071,-.6628297,1.2150537,-1.6252121,1.2804615,-4.1348705,.88444638
25.4,.25996652,.45074201,-.62347156,1.1434046,-1.5200816,1.210095,-3.8918242,.85166103
25.5,.24380875,.42244145,-.58416128,1.0717788,-1.4159061,1.1391026,-3.6485062,.81669396
25.6,.22763884,.39415857,-.54489774,1.0001755,-1.3127315,1.0674835,-3.4049609,.77949774
25.700001,.21145695,.36589298,-.50568014,.92859405,-1.2106043,.99523765,-3.1612344,.7400257
25.799999,.19526352,.33764502,-.46650854,.85703558,-1.1095731,.92236686,-2.9173791,.69823271
25.9,.17905802,.30941337,-.42738104,.78549707,-1.0096813,.84886944,-2.6734347,.65407217
26,.16284075,.28119847,-.38829812,.71397966,-.91097802,.77474833,-2.4294567,.60750073
26.1,.14661175,.25300035,-.34925979,.64248329,-.81351119,.70000577,-2.1854973,.55847496
26.200001,.13037094,.22481897,-.31026614,.57100803,-.71732879,.62464458,-1.9416097,.50695211
26.299999,.11411855,.19665504,-.27131823,.49955532,-.62248117,.54866958,-1.6978538,.45289144
26.4,.097853817,.16850764,-.23241508,.4281227,-.52901351,.47208169,-1.4542767,.39624965
26.5,.081576869,.14037755,-.1935581,.35671183,-.43697664,.39488682,-1.2109406,.33698732
26.6,.065287478,.1122651,-.15474808,.28532305,-.34642011,.31708989,-.96790487,.27506468
26.700001,.048985399,.084170632,-.11598601,.21395682,-.25739369,.23869638,-.72522998,.21044262
26.799999,.032670625,.056095097,-.077273749,.14261499,-.16994922,.15971376,-.48298243,.143084
26.9,.016342184,.028037874,-.038611036,.071295403,-.084133811,.080145478,-.24121608,.072948441
27,0,0,0,0,0,0,0,0
27.1,-.016356364,.028017988,-.071270607,.038557883,.08240106,.080715269,-.075797953,.24060008
27.200001,-.032727383,.056015521,-.14251579,.077061027,.16301785,.16199243,-.15448149,.48051718
27.299999,-.049113262,.083991475,-.21373352,.11550701,.24179706,.24382159,-.23608449,.71967858
27.4,-.06551519,.1119463,-.28492591,.15389553,.31868947,.32619712,-.32064509,.95802408
27.5,-.081933454,.13987884,-.35609093,.19222403,.39364108,.40910819,-.40819627,1.1954784
27.6,-.098368712,.16778845,-.427228,.2304906,.46659896,.49254525,-.49877197,1.4319699
27.700001,-.11482164,.19567446,-.49833655,.26869327,.53750998,.57649821,-.5924058,1.6674258
27.799999,-.13129266,.22353576,-.56941468,.30682939,.60631919,.66095507,-.68912899,1.9017674
27.9,-.14778318,.25137275,-.64046472,.34489834,.67297542,.74590826,-.78897786,2.1349287
28,-.16429368,.27918428,-.71148479,.38289747,.73742312,.8313449,-.89198297,2.3668292
28.1,-.18082505,.30696979,-.78247476,.42082468,.79960763,.91725355,-.99817634,2.5973916
28.200001,-.19737817,.33472872,-.85343438,.45867804,.85947406,1.0036223,-1.1075894,2.8265376
28.299999,-.21395367,.36246002,-.92436224,.49645489,.91696614,1.0904372,-1.2202514,3.0541837
28.4,-.23055318,.39016429,-.99526113,.53415477,.97203046,1.177689,-1.3361976,3.2802584
28.5,-.24717741,.41784057,-1.0661299,.57177508,1.0246099,1.2653632,-1.4554565,3.5046763
28.6,-.26382741,.44548857,-1.136969,.60931414,1.0746483,1.3534468,-1.5780587,3.7273552
28.700001,-.28050435,.47310802,-1.207779,.64677036,1.1220889,1.4419262,-1.7040344,3.9482124
28.799999,-.29720899,.50069815,-1.2785593,.6841414,1.1668741,1.5307859,-1.8334113,4.1671596
28.9,-.31394321,.52825999,-1.3493137,.72142738,1.2089481,1.6200155,-1.966224,4.3841205
29,-.33070794,.55579299,-1.4200422,.75862634,1.2482526,1.709599,-2.1025,4.5990052
29.1,-.34750444,.58329731,-1.4907461,.79573727,1.2847295,1.7995219,-2.2422686,4.8117275
29.200001,-.36433402,.61077315,-1.5614274,.83275932,1.3183205,1.8897696,-2.3855598,5.0222011
29.299999,-.38119778,.63822043,-1.6320869,.86969125,1.3489665,1.9803253,-2.5323999,5.2303329
29.4,-.39809775,.66564065,-1.7027295,.90653396,1.3766094,2.0711777,-2.6828241,5.4360433
29.5,-.41503507,.69303405,-1.7733569,.94328672,1.4011897,2.1623096,-2.8368592,5.6392384
29.6,-.43201122,.72040147,-1.8439722,.97994971,1.4226472,2.2537055,-2.9945345,5.839829
29.700001,-.44902775,.7477439,-1.9145789,1.0165235,1.4409223,2.34535,-3.1558795,6.037724
29.799999,-.46608588,.77506214,-1.9851798,1.053008,1.4559542,2.4372258,-3.3209207,6.2328291
29.9,-.48318794,.80235857,-2.0557818,1.089406,1.4676828,2.5293205,-3.4896941,6.4250598
30,-.50033522,.82963437,-2.1263888,1.1257182,1.4760467,2.6216161,-3.6622264,6.6143198
30.1,-.51752949,.85689139,-2.1970057,1.1619468,1.4809847,2.714097,-3.8385479,6.8005171
30.200001,-.53477246,.88413179,-2.2676389,1.198094,1.4824349,2.8067472,-4.0186887,6.9835587
30.299999,-.55206561,.9113574,-2.3382933,1.2341621,1.4803354,2.8995488,-4.2026758,7.1633468
30.4,-.5694114,.93857199,-2.4089787,1.2701559,1.4746236,2.9924891,-4.3905473,7.3397946
30.5,-.58681136,.96577787,-2.4797013,1.3060784,1.4652369,3.0855503,-4.5823302,7.5128045
30.6,-.60426754,.99297839,-2.5504694,1.3419343,1.4521123,3.1787162,-4.7780571,7.6822815
30.700001,-.62178177,1.0201771,-2.6212921,1.3777286,1.4351861,3.271971,-4.9777589,7.8481312
30.799999,-.63935578,1.0473773,-2.6921775,1.413466,1.4143953,3.3652966,-5.1814647,8.0102549
30.9,-.65699232,1.0745844,-2.7631388,1.4491543,1.3896748,3.4586806,-5.3892145,8.1685638
31,-.67469305,1.1018022,-2.8341858,1.4847997,1.3609606,3.5521057,-5.6010385,8.3229599
31.1,-.69246018,1.1290361,-2.9053302,1.5204098,1.3281879,3.645556,-5.8169703,8.4733458
31.200001,-.71029586,1.1562911,-2.9765847,1.5559931,1.2912915,3.7390156,-6.0370445,8.619628
31.299999,-.72820193,1.1835726,-3.0479617,1.5915579,1.2502069,3.8324678,-6.261292,8.7617064
31.4,-.74618143,1.2108879,-3.1194782,1.6271152,1.2048666,3.9259007,-6.4897575,8.8994904
31.5,-.76423621,1.2382431,-3.191148,1.6626756,1.1552054,4.0192976,-6.7224727,9.0328836
31.6,-.78236872,1.2656451,-3.2629876,1.6982503,1.1011566,4.1126432,-6.959476,9.1617889
31.700001,-.80058128,1.2931018,-3.3350143,1.7338518,1.0426534,4.2059236,-7.2008057,9.2861128
31.799999,-.81887603,1.3206205,-3.4072447,1.7694927,.97963011,4.2991228,-7.4464955,9.405756
31.9,-.83725607,1.3482109,-3.479701,1.8051889,.91201657,4.39223,-7.6965961,9.5206289
32,-.85572356,1.3758816,-3.552402,1.8409548,.83974624,4.48523,-7.9511433,9.6306362
32.099998,-.87428081,1.4036416,-3.6253676,1.8768061,.76275235,4.5781083,-8.2101746,9.7356796
32.200001,-.8929314,1.4315026,-3.6986251,1.9127622,.68096191,4.670857,-8.4737492,9.8356733
32.299999,-.91167659,1.4594734,-3.7721918,1.9488387,.59431225,4.7634568,-8.7418909,9.9305162
32.400002,-.93052042,1.4875672,-3.8460987,1.9850578,.50272763,4.8559027,-9.0146675,10.020123
32.5,-.94946426,1.515794,-3.9203658,2.0214374,.40614539,4.9481769,-9.2921038,10.104394
32.599998,-.96851158,1.5441672,-3.9950237,2.0580006,.30449232,5.0402722,-9.5742588,10.183244
32.700001,-.98766595,1.5727011,-4.0701036,2.0947716,.19769402,5.1321812,-9.8611956,10.256584
32.799999,-1.0069287,1.6014073,-4.1456294,2.1317718,.08568804,5.2238874,-10.152944,10.32432
32.900002,-1.0263042,1.6303023,-4.2216382,2.1690295,-.031605043,5.3153901,-10.449578,10.386368
33,-1.045794,1.6593989,-4.2981563,2.2065682,-.15424754,5.406673,-10.751131,10.442636
33.099998,-1.0654018,1.6887141,-4.3752208,2.2444172,-.28231537,5.4977322,-11.057673,10.493042
33.200001,-1.0851313,1.7182653,-4.4528694,2.2826068,-.41588572,5.5885649,-11.369271,10.5375
33.299999,-1.1049842,1.7480674,-4.5311332,2.3211651,-.55502063,5.6791582,-11.685966,10.575925
33.400002,-1.1249648,1.7781402,-4.6100554,2.360126,-.69980329,5.7695146,-12.007844,10.608237
33.5,-1.1450752,1.8085001,-4.6896701,2.3995199,-.85029572,5.8596225,-12.334945,10.634353
33.599998,-1.165319,1.8391671,-4.7700205,2.4393823,-1.0065764,5.9494824,-12.667348,10.654195
33.700001,-1.1857003,1.8701625,-4.8511515,2.4797506,-1.1687255,6.0390964,-13.005136,10.667686
33.799999,-1.206221,1.9015043,-4.9331007,2.5206587,-1.3368045,6.1284556,-13.348357,10.674748
33.900002,-1.2268858,1.933216,-5.0159197,2.5621481,-1.5109005,6.2175684,-13.697111,10.67531
34,-1.2476965,1.9653174,-5.0996475,2.6042547,-1.691075,6.3064284,-14.051448,10.669298
34.099998,-1.2686573,1.9978321,-5.1843362,2.6470215,-1.8774092,6.3950424,-14.411462,10.656643
34.200001,-1.2897725,2.0307846,-5.2700372,2.6904922,-2.0699863,6.483417,-14.77725,10.637278
34.299999,-1.3110441,2.0641966,-5.3567948,2.7347066,-2.268867,6.5715513,-15.14887,10.611136
34.400002,-1.332477,2.0980949,-5.4446678,2.7797136,-2.4741426,6.6594582,-15.526441,10.578156
34.5,-1.3540734,2.1325028,-5.5337024,2.8255556,-2.6858737,6.7471399,-15.910025,10.538278
34.599998,-1.3758374,2.1674473,-5.6239562,2.8722811,-2.9041448,6.834609,-16.299732,10.491443
34.700001,-1.397774,2.2029562,-5.7154889,2.9199409,-3.1290414,6.9218807,-16.695679,10.437595
34.799999,-1.4198848,2.2390542,-5.8083506,2.968581,-3.3606243,7.0089607,-17.097935,10.376686
34.900002,-1.4421753,2.2757719,-5.9026065,3.0182557,-3.5989881,7.095871,-17.506639,10.308663
35,-1.4646478,2.3131349,-5.9983087,3.0690134,-3.8441932,7.1826215,-17.921873,10.233486
35.099998,-1.4873067,2.3511736,-6.0955224,3.1209087,-4.0963268,7.2692332,-18.343761,10.151109
35.200001,-1.5101571,2.389919,-6.1943121,3.1739981,-4.3554778,7.355731,-18.772446,10.06149
35.299999,-1.5332009,2.4293983,-6.294734,3.2283323,-4.6217051,7.4421301,-19.208012,9.9646025
35.400002,-1.5564438,2.4696453,-6.3968592,3.2839718,-4.8951087,7.5284619,-19.650623,9.860405
35.5,-1.5798882,2.5106876,-6.5007453,3.3409688,-5.1757474,7.6147461,-20.100376,9.7488804
35.599998,-1.603539,2.5525584,-6.6064615,3.3993835,-5.4637117,7.701015,-20.557425,9.6300001
35.700001,-1.6274011,2.5952914,-6.7140784,3.4592764,-5.7590938,7.7873034,-21.021927,9.5037403
35.799999,-1.6514769,2.6389155,-6.8236566,3.5207026,-6.0619512,7.8736382,-21.493998,9.3700962
35.900002,-1.6757723,2.6834671,-6.9352713,3.5837266,-6.3723884,7.9600616,-21.973822,9.2290459
36,-1.7002897,2.7289758,-7.0489841,3.6484044,-6.6904631,8.0466061,-22.461521,9.080596
36.099998,-1.7250345,2.7754762,-7.1648679,3.7147992,-7.0162687,8.133317,-22.957277,8.9247389
36.200001,-1.7500117,2.8230045,-7.2829986,3.7829754,-7.3499012,8.2202396,-23.461275,8.7614727
36.299999,-1.7752237,2.8715904,-7.4034376,3.8529902,-7.6914163,8.307415,-23.97365,8.5908175
36.400002,-1.8006771,2.9212723,-7.5262651,3.9249113,-8.0409231,8.3948984,-24.494623,8.412776
36.5,-1.8263741,2.9720802,-7.6515441,3.9987962,-8.3984795,8.4827366,-25.024338,8.2273788
36.599998,-1.8523202,3.024051,-7.7793512,4.0747108,-8.7641802,8.5709867,-25.563005,8.034646
36.700001,-1.878521,3.0772209,-7.9097633,4.1527214,-9.1381245,8.6597118,-26.110847,7.8345985
36.799999,-1.904979,3.1316211,-8.0428438,4.2328858,-9.5203676,8.7489643,-26.668024,7.6272879
36.900002,-1.9317008,3.1872904,-8.1786757,4.3152738,-9.9110241,8.8388176,-27.234787,7.4127398
37,-1.9586891,3.2442596,-8.3173208,4.3999429,-10.310147,8.9293299,-27.811312,7.1910172
37.099998,-1.9859495,3.3025656,-8.4588594,4.4869599,-10.717839,9.0205765,-28.397844,6.9621658
37.200001,-2.0134878,3.3622456,-8.6033678,4.5763922,-11.1342,9.1126347,-28.994637,6.7262349
37.299999,-2.0413067,3.4233298,-8.7509098,4.6682963,-11.559285,9.205574,-29.601879,6.4833083
37.400002,-2.0694132,3.4858584,-8.9015703,4.7627435,-11.993212,9.2994823,-30.219862,6.2334385
37.5,-2.0978098,3.549861,-9.0554094,4.8597898,-12.436033,9.3944359,-30.848789,5.9767218
37.599998,-2.1265028,3.6153748,-9.2125072,4.9595013,-12.887855,9.4905252,-31.488941,5.713232
37.700001,-2.1554978,3.6824369,-9.372941,5.0619459,-13.34878,9.5878439,-32.140606,5.443049
37.799999,-2.1847978,3.7510772,-9.5367737,5.1671782,-13.81886,9.6864786,-32.804008,5.1662884
37.900002,-2.2144101,3.8213348,-9.7040892,5.2752686,-14.298222,9.7865334,-33.479473,4.8830314
38,-2.2443376,3.893239,-9.8749456,5.386271,-14.786914,9.8881006,-34.167236,4.5934072
38.099998,-2.2745862,3.9668267,-10.049423,5.5002513,-15.285046,9.9912882,-34.867611,4.2975202
38.200001,-2.3051624,4.0421348,-10.2276,5.6172757,-15.792724,10.096207,-35.580925,3.9954774
38.299999,-2.3360691,4.1191907,-10.409534,5.7373962,-16.309999,10.202957,-36.307426,3.6874287
38.400002,-2.3673139,4.1980348,-10.59531,5.8606825,-16.837002,10.311661,-37.047485,3.373482
38.5,-2.3988998,4.2786937,-10.784986,5.987186,-17.373779,10.422425,-37.801357,3.0537984
38.599998,-2.4308331,4.3612046,-10.978637,6.116971,-17.920444,10.535374,-38.569397,2.7285087
38.700001,-2.4631202,4.4456029,-11.176342,6.2501016,-18.477108,10.650632,-39.351963,2.397748
38.799999,-2.4957647,4.5319157,-11.378157,6.3866272,-19.043818,10.768317,-40.14933,2.0616951
38.900002,-2.528774,4.620182,-11.584165,6.5266166,-19.62071,10.888563,-40.961903,1.7204819
39,-2.5621512,4.7104278,-11.79442,6.6701179,-20.207832,11.011493,-41.789963,1.3742973
39.099998,-2.5959032,4.8026886,-12.008999,6.817193,-20.805296,11.137241,-42.633888,1.0232952
39.200001,-2.6300366,4.8969998,-12.22798,6.9679065,-21.413219,11.265948,-43.494072,.66763318
39.299999,-2.6645546,4.9933863,-12.451412,7.1223025,-22.031649,11.397741,-44.370811,.30751342
39.400002,-2.6994658,5.0918875,-12.679381,7.2804503,-22.660723,11.532768,-45.264534,-.056913108
39.5,-2.7347727,5.1925273,-12.911939,7.4423933,-23.300488,11.671159,-46.175537,-.42543685
39.599998,-2.7704825,5.2953405,-13.149158,7.6081939,-23.951061,11.813061,-47.104233,-.79788703
39.700001,-2.8066027,5.4003625,-13.391119,7.7779136,-24.612562,11.958623,-48.051033,-1.1740909
39.799999,-2.8431361,5.5076165,-13.637866,7.9515944,-25.285034,12.10798,-49.016235,-1.5538301
39.900002,-2.8800912,5.6171417,-13.889486,8.1293039,-25.968624,12.261287,-50.000305,-1.9369428
40,-2.9174716,5.72896,-14.146027,8.3110838,-26.663374,12.418681,-51.00354,-2.3232067
40.099998,-2.9552841,5.8431063,-14.407562,8.496994,-27.369408,12.580315,-52.026371,-2.7124426
40.200001,-2.9935367,5.9596162,-14.67417,8.6870956,-28.086843,12.746343,-53.069218,-3.104471
40.299999,-3.032232,6.0785098,-14.945892,8.8814287,-28.815729,12.916902,-54.132389,-3.4990671
40.400002,-3.0713797,6.1998277,-15.222818,9.0800591,-29.556211,13.092152,-55.216358,-3.8960655
40.5,-3.1109822,6.3235898,-15.504991,9.2830267,-30.308332,13.272229,-56.321423,-4.2952418
40.599998,-3.1510475,6.4498315,-15.792485,9.4903898,-31.072218,13.457289,-57.448021,-4.6964164
40.700001,-3.1915834,6.5785871,-16.085377,9.7022104,-31.847996,13.647487,-58.596577,-5.0994124
40.799999,-3.2325931,6.7098765,-16.383709,9.9185228,-32.6357,13.842956,-59.767395,-5.5040073
40.900002,-3.2740858,6.84374,-16.687569,10.139398,-33.435497,14.043858,-60.960953,-5.9100418
41,-3.3160648,6.9801965,-16.996998,10.364869,-34.247417,14.250323,-62.177536,-6.3172965
41.099998,-3.3585384,7.1192808,-17.312073,10.594996,-35.07159,14.462505,-63.417583,-6.7256017
41.200001,-3.4015141,7.2610283,-17.632868,10.829841,-35.908154,14.680557,-64.681519,-7.1347895
41.299999,-3.4449954,7.4054575,-17.959425,11.069435,-36.757133,14.904604,-65.96962,-7.5446477
41.400002,-3.488992,7.552609,-18.291834,11.313849,-37.618702,15.134806,-67.282379,-7.9550304
41.5,-3.5335071,7.7025003,-18.630131,11.563116,-38.492893,15.371283,-68.620056,-8.3657322
41.599998,-3.5785491,7.8551674,-18.974394,11.817296,-39.379837,15.614184,-69.983078,-8.7765961
41.700001,-3.6241262,8.0106449,-19.324701,12.076449,-40.279667,15.863657,-71.371864,-9.1874723
41.799999,-3.6702418,8.168951,-19.681091,12.340608,-41.192421,16.119816,-72.786682,-9.5981636
41.900002,-3.7169063,8.3301268,-20.043655,12.609842,-42.118267,16.382814,-74.227997,-10.008543
42,-3.7641222,8.4941893,-20.412428,12.884183,-43.05724,16.652765,-75.69606,-10.418421
42.099998,-3.8118989,8.6611738,-20.787489,13.163691,-44.009472,16.929806,-77.191284,-10.827662
42.200001,-3.8602445,8.8311176,-21.168917,13.448428,-44.975105,17.214077,-78.714073,-11.236133
42.299999,-3.9091625,9.0040359,-21.556749,13.738423,-45.95417,17.505684,-80.264679,-11.643659
42.400002,-3.9586637,9.1799717,-21.951077,14.03375,-46.946838,17.804771,-81.843552,-12.050129
42.5,-4.0087509,9.3589411,-22.351938,14.334436,-47.953148,18.111441,-83.45092,-12.455377
42.599998,-4.0594335,9.5409803,-22.759411,14.640544,-48.973232,18.425821,-85.087181,-12.859285
42.700001,-4.1107197,9.7261257,-23.173576,14.952137,-50.00724,18.748047,-86.752739,-13.261743
42.799999,-4.1626134,9.9143944,-23.594469,15.269242,-51.055195,19.078209,-88.4478,-13.662592
42.900002,-4.215126,10.105828,-24.022186,15.591934,-52.117279,19.416447,-90.172821,-14.061744
43,-4.2682595,10.300445,-24.45676,15.92024,-53.193523,19.76285,-91.927994,-14.459051
43.099998,-4.3220243,10.498279,-24.898272,16.254223,-54.284069,20.117538,-93.713722,-14.854416
43.200001,-4.3764296,10.699369,-25.346807,16.593948,-55.389065,20.480642,-95.530388,-15.247743
43.299999,-4.4314775,10.90373,-25.802397,16.939442,-56.508533,20.852238,-97.378166,-15.638897
43.400002,-4.4871807,11.111408,-26.265141,17.290779,-57.642666,21.232462,-99.257523,-16.027803
43.5,-4.5435419,11.322416,-26.735071,17.647987,-58.791481,21.621389,-101.16862,-16.414335
43.599998,-4.6005712,11.536795,-27.212273,18.011129,-59.955135,22.019142,-103.11186,-16.79841
43.700001,-4.658277,11.75458,-27.696829,18.380274,-61.133778,22.425835,-105.08761,-17.179949
43.799999,-4.7166638,11.975785,-28.188772,18.755445,-62.327423,22.841539,-107.09602,-17.558832
43.900002,-4.775743,12.20046,-28.688208,19.136721,-63.536278,23.266386,-109.13756,-17.934999
44,-4.8355179,12.428618,-29.195162,19.524126,-64.760353,23.700443,-111.21237,-18.308338
44.099998,-4.8959985,12.660296,-29.709724,19.917728,-65.999809,24.143824,-113.32083,-18.678782
44.200001,-4.9571943,12.895536,-30.231981,20.317595,-67.254799,24.596643,-115.46333,-19.046259
44.299999,-5.0191088,13.134351,-30.761963,20.723745,-68.52533,25.058964,-117.64,-19.410667
44.400002,-5.0817542,13.376788,-31.299778,21.136269,-69.811623,25.530912,-119.85129,-19.771955
44.5,-5.145134,13.622862,-31.845453,21.555185,-71.113686,26.012548,-122.09734,-20.130024
44.599998,-5.2092581,13.872612,-32.399078,21.98056,-72.431671,26.503984,-124.37852,-20.484814
44.700001,-5.274137,14.126079,-32.960743,22.412468,-73.765747,27.005333,-126.69523,-20.836264
44.799999,-5.3397737,14.383276,-33.530476,22.850929,-75.115921,27.516647,-129.04756,-21.184282
44.900002,-5.4061813,14.644253,-34.108391,23.296026,-76.482407,28.038057,-131.43599,-21.528826
45,-5.4733629,14.909023,-34.694511,23.747786,-77.865219,28.569616,-133.86064,-21.869801
45.099998,-5.5413284,15.177627,-35.288929,24.206274,-79.264519,29.111435,-136.32188,-22.207155
45.200001,-5.6100898,15.450108,-35.891743,24.671564,-80.680466,29.663622,-138.8201,-22.540838
45.299999,-5.6796489,15.726476,-36.502975,25.143677,-82.113075,30.226227,-141.35539,-22.87076
45.400002,-5.7500191,16.006784,-37.122742,25.622702,-83.562569,30.799383,-143.92825,-23.196884
45.5,-5.8212047,16.291046,-37.751068,26.108658,-85.028938,31.383137,-146.53876,-23.519123
45.599998,-5.8932152,16.5793,-38.388046,26.601618,-86.512367,31.977596,-149.1873,-23.837427
45.700001,-5.9660621,16.871595,-39.033779,27.101656,-88.013016,32.582878,-151.87428,-24.151749
45.799999,-6.0397487,17.167938,-39.68829,27.608791,-89.530891,33.199024,-154.59978,-24.462004
45.900002,-6.1142888,17.468384,-40.351692,28.123116,-91.066231,33.826168,-157.3643,-24.768158
46,-6.1896849,17.772945,-41.024017,28.644648,-92.619019,34.464352,-160.16791,-25.070126
46.099998,-6.2659488,18.081665,-41.70536,29.173464,-94.18943,35.113689,-163.011,-25.367863
46.200001,-6.3430915,18.394588,-42.395821,29.709639,-95.777657,35.7743,-165.894,-25.66132
46.299999,-6.4211159,18.711725,-43.095421,30.253189,-97.383682,36.446213,-168.81694,-25.950417
46.400002,-6.5000367,19.033131,-43.804287,30.804214,-99.007744,37.129574,-171.78038,-26.235117
46.5,-6.5798569,19.358818,-44.522442,31.362728,-100.64984,37.824421,-174.78435,-26.515341
46.599998,-6.6605873,19.688829,-45.249985,31.928808,-102.31016,38.530869,-177.82927,-26.79104
46.700001,-6.7422409,20.023212,-45.987015,32.502537,-103.98886,39.249035,-180.91556,-27.06217
46.799999,-6.8248191,20.361977,-46.733559,33.083923,-105.68596,39.978954,-184.04327,-27.328648
46.900002,-6.9083381,20.705181,-47.489746,33.673069,-107.40168,40.720772,-187.21294,-27.590435
47,-6.9927998,21.052834,-48.255596,34.269997,-109.13603,41.474525,-190.42461,-27.847456
