temp,ref,yhat_low,se_low,lowerci_low,upperci_low,yhat_high,se_high,lowerci_high,upperci_high
-20,27,-2.5172169,13.458082,-28.894573,23.86014,-34.227909,33.303707,-99.501976,31.04616
-19.9,27,-2.5118611,13.429448,-28.833096,23.809374,-34.155083,33.232849,-99.290268,30.980104
-19.799999,27,-2.5065053,13.400814,-28.771618,23.758608,-34.082256,33.161991,-99.078568,30.914049
-19.700001,27,-2.5011497,13.37218,-28.71014,23.707842,-34.009434,33.091133,-98.866859,30.847994
-19.6,27,-2.4957938,13.343546,-28.648663,23.657076,-33.936607,33.020271,-98.655151,30.781939
-19.5,27,-2.490438,13.314912,-28.587185,23.606308,-33.863781,32.949413,-98.443443,30.715881
-19.4,27,-2.4850821,13.286277,-28.525707,23.555542,-33.790955,32.878555,-98.231743,30.649826
-19.299999,27,-2.4797263,13.257643,-28.46423,23.504776,-33.718132,32.807693,-98.020035,30.583771
-19.200001,27,-2.4743707,13.229009,-28.402752,23.45401,-33.645306,32.736839,-97.808327,30.517715
-19.1,27,-2.4690149,13.200375,-28.341274,23.403244,-33.572479,32.665977,-97.596619,30.45166
-19,27,-2.463659,13.171741,-28.279797,23.352478,-33.499657,32.595119,-97.384918,30.385603
-18.9,27,-2.4583032,13.143106,-28.218317,23.301712,-33.42683,32.524261,-97.17321,30.319548
-18.799999,27,-2.4529474,13.114471,-28.156839,23.250944,-33.354004,32.4534,-96.961502,30.253492
-18.700001,27,-2.4475918,13.085838,-28.095364,23.20018,-33.281181,32.382542,-96.749794,30.187437
-18.6,27,-2.4422359,13.057203,-28.033884,23.149412,-33.208355,32.311684,-96.538094,30.121382
-18.5,27,-2.4368801,13.028569,-27.972406,23.098646,-33.135529,32.240826,-96.326385,30.055326
-18.4,27,-2.4315243,12.999935,-27.910929,23.04788,-33.062702,32.169964,-96.114677,29.989269
-18.299999,27,-2.4261687,12.9713,-27.849451,22.997114,-32.989876,32.099106,-95.902969,29.923214
-18.200001,27,-2.4208128,12.942667,-27.787973,22.946348,-32.917053,32.028248,-95.691269,29.857159
-18.1,27,-2.415457,12.914033,-27.726496,22.895582,-32.844227,31.957388,-95.479561,29.791103
-18,27,-2.4101012,12.885398,-27.665018,22.844814,-32.7714,31.88653,-95.267853,29.725048
-17.9,27,-2.4047456,12.856764,-27.60354,22.794048,-32.698578,31.81567,-95.056145,29.658991
-17.799999,27,-2.3993897,12.82813,-27.542061,22.743282,-32.625751,31.74481,-94.844437,29.592936
-17.700001,27,-2.3940339,12.799496,-27.480585,22.692516,-32.552925,31.673954,-94.632736,29.52688
-17.6,27,-2.3886781,12.770862,-27.419107,22.64175,-32.480103,31.603094,-94.421028,29.460825
-17.5,27,-2.3833225,12.742227,-27.357628,22.590984,-32.407276,31.532234,-94.20932,29.39477
-17.4,27,-2.3779666,12.713593,-27.29615,22.540216,-32.33445,31.461376,-93.997612,29.328712
-17.299999,27,-2.3726108,12.684958,-27.234673,22.48945,-32.261623,31.390516,-93.785904,29.262657
-17.200001,27,-2.367255,12.656324,-27.173195,22.438684,-32.188801,31.319658,-93.574203,29.196602
-17.1,27,-2.3618994,12.62769,-27.111717,22.387918,-32.115974,31.248798,-93.362495,29.130547
-17,27,-2.3565435,12.599056,-27.05024,22.337152,-32.043148,31.17794,-93.150787,29.064491
-16.9,27,-2.3511877,12.570421,-26.988762,22.286386,-31.970324,31.10708,-92.939079,28.998434
-16.799999,27,-2.3458319,12.541787,-26.927284,22.235619,-31.897497,31.036221,-92.727371,28.932379
-16.700001,27,-2.3404763,12.513153,-26.865807,22.184855,-31.824673,30.965364,-92.515671,28.866323
-16.6,27,-2.3351204,12.484519,-26.804329,22.134089,-31.751848,30.894505,-92.303963,28.800268
-16.5,27,-2.3297646,12.455885,-26.742851,22.083321,-31.679022,30.823645,-92.092255,28.734213
-16.4,27,-2.3244088,12.427251,-26.681372,22.032555,-31.606195,30.752787,-91.880547,28.668156
-16.299999,27,-2.3190529,12.398616,-26.619894,21.981789,-31.533371,30.681927,-91.668839,28.6021
-16.200001,27,-2.3136973,12.369983,-26.558418,21.931023,-31.460546,30.611069,-91.457138,28.536045
-16.1,27,-2.3083415,12.341348,-26.496939,21.880257,-31.38772,30.540209,-91.24543,28.46999
-16,27,-2.3029857,12.312714,-26.435461,21.829491,-31.314896,30.469351,-91.033722,28.403934
-15.9,27,-2.2976298,12.28408,-26.373983,21.778723,-31.242069,30.398491,-90.822014,28.337877
-15.8,27,-2.2922742,12.255445,-26.312506,21.727957,-31.169245,30.327633,-90.610313,28.271822
-15.7,27,-2.2869184,12.226811,-26.251028,21.677191,-31.096418,30.256773,-90.398605,28.205767
-15.6,27,-2.2815626,12.198177,-26.18955,21.626425,-31.023594,30.185915,-90.186897,28.139711
-15.5,27,-2.2762067,12.169542,-26.128073,21.575659,-30.950769,30.115055,-89.975189,28.073656
-15.4,27,-2.2708509,12.140908,-26.066593,21.524893,-30.877943,30.044197,-89.763489,28.007599
-15.3,27,-2.2654953,12.112274,-26.005117,21.474127,-30.805119,29.973337,-89.551781,27.941545
-15.2,27,-2.2601395,12.08364,-25.943638,21.423359,-30.732292,29.902479,-89.340073,27.875488
-15.1,27,-2.2547836,12.055006,-25.88216,21.372593,-30.659468,29.831619,-89.128372,27.809433
-15,27,-2.2494278,12.026372,-25.820683,21.321827,-30.586641,29.760761,-88.916664,27.743378
-14.9,27,-2.244072,11.997737,-25.759205,21.271061,-30.513817,29.689901,-88.704956,27.677322
-14.8,27,-2.2387164,11.969103,-25.697727,21.220295,-30.44099,29.619043,-88.493248,27.611267
-14.7,27,-2.2333605,11.940469,-25.63625,21.169529,-30.368166,29.548183,-88.28154,27.54521
-14.6,27,-2.2280047,11.911835,-25.574772,21.118763,-30.295341,29.477325,-88.069839,27.479155
-14.5,27,-2.2226489,11.883201,-25.513294,21.067997,-30.222515,29.406466,-87.858131,27.413099
-14.4,27,-2.2172933,11.854567,-25.451817,21.017229,-30.149689,29.335608,-87.646423,27.347044
-14.3,27,-2.2119374,11.825933,-25.390339,20.966463,-30.076864,29.264748,-87.434715,27.280989
-14.2,27,-2.2065816,11.797297,-25.328861,20.915697,-30.00404,29.19389,-87.223007,27.214931
-14.1,27,-2.2012258,11.768663,-25.267384,20.864931,-29.931213,29.12303,-87.011307,27.148876
-14,27,-2.1958702,11.740029,-25.205904,20.814165,-29.858389,29.052172,-86.799599,27.082821
-13.9,27,-2.1905143,11.711395,-25.144426,20.763399,-29.785563,28.981312,-86.587891,27.016766
-13.8,27,-2.1851585,11.682761,-25.082949,20.712633,-29.712738,28.910454,-86.376183,26.95071
-13.7,27,-2.1798027,11.654127,-25.021471,20.661865,-29.639912,28.839594,-86.164482,26.884653
-13.6,27,-2.1744471,11.625493,-24.959993,20.611099,-29.567087,28.768736,-85.952774,26.818598
-13.5,27,-2.1690912,11.596858,-24.898516,20.560333,-29.494263,28.697876,-85.741066,26.752542
-13.4,27,-2.1637354,11.568224,-24.837038,20.509567,-29.421436,28.627018,-85.529358,26.686487
-13.3,27,-2.1583796,11.53959,-24.77556,20.458801,-29.348612,28.556158,-85.317657,26.620432
-13.2,27,-2.1530237,11.510956,-24.714083,20.408035,-29.275785,28.4853,-85.105949,26.554375
-13.1,27,-2.1476681,11.482322,-24.652605,20.357269,-29.202961,28.41444,-84.894241,26.488319
-13,27,-2.1423123,11.453688,-24.591127,20.306501,-29.130135,28.343582,-84.682533,26.422264
-12.9,27,-2.1369565,11.425053,-24.529648,20.255735,-29.05731,28.272722,-84.470825,26.356209
-12.8,27,-2.1316006,11.396419,-24.468172,20.204969,-28.984484,28.201864,-84.259125,26.290154
-12.7,27,-2.126245,11.367785,-24.406693,20.154203,-28.911659,28.131004,-84.047417,26.224096
-12.6,27,-2.1208892,11.33915,-24.345215,20.103437,-28.838835,28.060146,-83.835709,26.158041
-12.5,27,-2.1155334,11.310516,-24.283737,20.052671,-28.766008,27.989286,-83.624001,26.091986
-12.4,27,-2.1101775,11.281882,-24.22226,20.001905,-28.693182,27.918428,-83.412292,26.02593
-12.3,27,-2.1048219,11.253248,-24.160782,19.951139,-28.620358,27.847569,-83.200592,25.959875
-12.2,27,-2.0994661,11.224613,-24.099304,19.900372,-28.547533,27.776711,-82.988884,25.893818
-12.1,27,-2.0941103,11.195979,-24.037827,19.849606,-28.474707,27.705851,-82.777176,25.827763
-12,27,-2.0887544,11.167345,-23.976349,19.79884,-28.401882,27.634993,-82.565468,25.761707
-11.9,27,-2.0833986,11.138711,-23.914871,19.748074,-28.329056,27.564133,-82.353767,25.695652
-11.8,27,-2.078043,11.110077,-23.853394,19.697308,-28.256231,27.493275,-82.142059,25.629597
-11.7,27,-2.0726871,11.081442,-23.791916,19.646542,-28.183405,27.422415,-81.930351,25.563541
-11.6,27,-2.0673313,11.052809,-23.730438,19.595776,-28.11058,27.351557,-81.718643,25.497486
-11.5,27,-2.0619755,11.024174,-23.668959,19.545008,-28.037756,27.280697,-81.506943,25.431429
-11.4,27,-2.0566196,10.99554,-23.607481,19.494242,-27.96493,27.209839,-81.295235,25.365374
-11.3,27,-2.051264,10.966906,-23.546003,19.443476,-27.892105,27.138979,-81.083527,25.299318
-11.2,27,-2.0459082,10.938272,-23.484526,19.39271,-27.819279,27.068121,-80.871819,25.233263
-11.1,27,-2.0405524,10.909637,-23.423048,19.341944,-27.746454,26.997261,-80.660118,25.167208
-11,27,-2.0351965,10.881002,-23.36157,19.291178,-27.673628,26.926403,-80.44841,25.101151
-10.9,27,-2.0298409,10.852368,-23.300093,19.24041,-27.600803,26.855543,-80.236702,25.035095
-10.8,27,-2.0244851,10.823734,-23.238615,19.189644,-27.527977,26.784685,-80.024994,24.96904
-10.7,27,-2.0191293,10.7951,-23.177137,19.138878,-27.455153,26.713825,-79.813286,24.902985
-10.6,27,-2.0137734,10.766466,-23.11566,19.088112,-27.382328,26.642967,-79.601585,24.836929
-10.5,27,-2.0084178,10.737832,-23.054182,19.037346,-27.309502,26.572107,-79.389877,24.770872
-10.4,27,-2.003062,10.709197,-22.992702,18.98658,-27.236675,26.501249,-79.178169,24.704817
-10.3,27,-1.9977062,10.680563,-22.931227,18.935814,-27.163851,26.430389,-78.966461,24.638762
-10.2,27,-1.9923503,10.651929,-22.869747,18.885048,-27.091026,26.359531,-78.754753,24.572706
-10.1,27,-1.9869946,10.623295,-22.80827,18.834282,-27.0182,26.288671,-78.543053,24.506651
-10,27,-1.9816388,10.594661,-22.746792,18.783514,-26.945375,26.217813,-78.331345,24.440594
-9.8999996,27,-1.9762831,10.566027,-22.685314,18.732748,-26.872549,26.146954,-78.119637,24.374538
-9.8000002,27,-1.9709272,10.537393,-22.623837,18.681982,-26.799725,26.076096,-77.907928,24.308483
-9.6999998,27,-1.9655715,10.508758,-22.562359,18.631216,-26.726898,26.005236,-77.696228,24.242428
-9.6000004,27,-1.9602157,10.480124,-22.500881,18.58045,-26.654074,25.934378,-77.48452,24.176373
-9.5,27,-1.95486,10.451489,-22.439404,18.529684,-26.581249,25.863518,-77.272812,24.110315
-9.3999996,27,-1.9495041,10.422855,-22.377926,18.478916,-26.508423,25.79266,-77.061104,24.04426
-9.3000002,27,-1.9441484,10.394221,-22.316448,18.42815,-26.435598,25.7218,-76.849403,23.978205
-9.1999998,27,-1.9387926,10.365587,-22.254969,18.377384,-26.362772,25.650942,-76.637695,23.912149
-9.1000004,27,-1.9334369,10.336953,-22.193493,18.326618,-26.289948,25.580082,-76.425987,23.846094
-9,27,-1.928081,10.308318,-22.132013,18.275852,-26.217121,25.509224,-76.214279,23.780037
-8.8999996,27,-1.9227252,10.279684,-22.070536,18.225086,-26.144297,25.438364,-76.002571,23.713982
-8.8000002,27,-1.9173695,10.25105,-22.009058,18.17432,-26.07147,25.367506,-75.790871,23.647926
-8.6999998,27,-1.9120136,10.222416,-21.94758,18.123552,-25.998646,25.296646,-75.579163,23.581871
-8.6000004,27,-1.9066579,10.193782,-21.886103,18.072786,-25.925821,25.225788,-75.367455,23.515816
-8.5,27,-1.9013021,10.165148,-21.824625,18.02202,-25.852995,25.154928,-75.155746,23.44976
-8.3999996,27,-1.8959464,10.136513,-21.763147,17.971254,-25.780169,25.08407,-74.944046,23.383703
-8.3000002,27,-1.8905905,10.107879,-21.70167,17.920488,-25.707344,25.01321,-74.732338,23.317648
-8.1999998,27,-1.8852348,10.079245,-21.640192,17.869722,-25.63452,24.942352,-74.52063,23.251593
-8.1000004,27,-1.879879,10.050611,-21.578714,17.818956,-25.561693,24.871492,-74.308922,23.185537
-8,27,-1.8745233,10.021976,-21.517237,17.76819,-25.488869,24.800634,-74.097221,23.119482
-7.9000001,27,-1.8691674,9.9933424,-21.455759,17.717422,-25.416042,24.729774,-73.885513,23.053425
-7.8000002,27,-1.8638117,9.9647083,-21.394279,17.666656,-25.343218,24.658916,-73.673805,22.98737
-7.6999998,27,-1.8584559,9.9360733,-21.332802,17.615891,-25.270391,24.588057,-73.462097,22.921314
-7.5999999,27,-1.8531001,9.9074392,-21.271324,17.565125,-25.197567,24.517199,-73.250389,22.855259
-7.5,27,-1.8477443,9.8788052,-21.209846,17.514359,-25.124743,24.446339,-73.038689,22.789204
-7.4000001,27,-1.8423885,9.8501711,-21.148369,17.463593,-25.051916,24.375481,-72.826981,22.723146
-7.3000002,27,-1.8370328,9.821537,-21.086891,17.412827,-24.979092,24.304621,-72.615273,22.657091
-7.1999998,27,-1.831677,9.7929029,-21.025414,17.362059,-24.906265,24.233763,-72.403564,22.591036
-7.0999999,27,-1.8263212,9.7642679,-20.963936,17.311293,-24.833441,24.162903,-72.191864,22.524981
-7,27,-1.8209654,9.7356339,-20.902458,17.260527,-24.760614,24.092045,-71.980156,22.458925
-6.9000001,27,-1.8156097,9.7069998,-20.840981,17.209761,-24.68779,24.021185,-71.768448,22.392868
-6.8000002,27,-1.8102539,9.6783657,-20.779503,17.158995,-24.614964,23.950327,-71.55674,22.326813
-6.6999998,27,-1.804898,9.6497316,-20.718023,17.108229,-24.542139,23.879467,-71.345032,22.260757
-6.5999999,27,-1.7995423,9.6210976,-20.656546,17.057463,-24.469313,23.808609,-71.133331,22.194702
-6.5,27,-1.7941865,9.5924635,-20.595068,17.006695,-24.396488,23.737749,-70.921623,22.128647
-6.4000001,27,-1.7888308,9.5638285,-20.53359,16.955929,-24.323664,23.666891,-70.709915,22.062592
-6.3000002,27,-1.7834749,9.5351944,-20.472113,16.905163,-24.250837,23.596031,-70.498207,21.996534
-6.1999998,27,-1.7781192,9.5065603,-20.410635,16.854397,-24.178013,23.525173,-70.286507,21.930479
-6.0999999,27,-1.7727634,9.4779263,-20.349157,16.803631,-24.105186,23.454313,-70.074799,21.864424
-6,27,-1.7674077,9.4492922,-20.28768,16.752865,-24.032362,23.383455,-69.863091,21.798368
-5.9000001,27,-1.7620518,9.4206581,-20.226202,16.702099,-23.959536,23.312595,-69.651382,21.732313
-5.8000002,27,-1.7566961,9.392024,-20.164724,16.651333,-23.886711,23.241737,-69.439682,21.666256
-5.6999998,27,-1.7513403,9.363389,-20.103247,16.600565,-23.813885,23.170877,-69.227974,21.600201
-5.5999999,27,-1.7459844,9.3347549,-20.041769,16.549799,-23.74106,23.100019,-69.016266,21.534145
-5.5,27,-1.7406287,9.3061209,-19.980291,16.499033,-23.668234,23.02916,-68.804558,21.46809
-5.4000001,27,-1.7352729,9.2774868,-19.918812,16.448267,-23.595409,22.958302,-68.59285,21.402035
-5.3000002,27,-1.7299172,9.2488527,-19.857334,16.397501,-23.522585,22.887442,-68.381149,21.335978
-5.1999998,27,-1.7245613,9.2202177,-19.795856,16.346735,-23.449759,22.816584,-68.169441,21.269922
-5.0999999,27,-1.7192056,9.1915836,-19.734379,16.295967,-23.376934,22.745724,-67.957733,21.203867
-5,27,-1.7138498,9.1629496,-19.672901,16.245201,-23.304108,22.674866,-67.746025,21.137812
-4.9000001,27,-1.7084941,9.1343155,-19.611423,16.194435,-23.231283,22.604006,-67.534325,21.071756
-4.8000002,27,-1.7031382,9.1056814,-19.549946,16.143669,-23.158457,22.533148,-67.322617,21.005701
-4.6999998,27,-1.6977824,9.0770473,-19.488468,16.092903,-23.085632,22.462288,-67.110909,20.939644
-4.5999999,27,-1.6924267,9.0484133,-19.426991,16.042137,-23.012806,22.39143,-66.8992,20.873589
-4.5,27,-1.6870708,9.0197783,-19.365513,15.99137,-22.939981,22.32057,-66.687492,20.807533
-4.4000001,27,-1.6817151,8.9911442,-19.304035,15.940604,-22.867157,22.249712,-66.475792,20.741478
-4.3000002,27,-1.6763593,8.9625101,-19.242558,15.889838,-22.794331,22.178852,-66.264084,20.675423
-4.1999998,27,-1.6710036,8.933876,-19.181078,15.839071,-22.721506,22.107994,-66.052376,20.609365
-4.0999999,27,-1.6656477,8.905242,-19.1196,15.788305,-22.64868,22.037134,-65.840668,20.54331
-4,27,-1.660292,8.8766079,-19.058123,15.737539,-22.575855,21.966276,-65.628967,20.477255
-3.9000001,27,-1.6549362,8.8479738,-18.996645,15.686773,-22.503029,21.895416,-65.417259,20.4112
-3.8,27,-1.6495805,8.8193388,-18.935167,15.636006,-22.430204,21.824558,-65.205551,20.345144
-3.7,27,-1.6442246,8.7907047,-18.87369,15.58524,-22.357378,21.753698,-64.993843,20.279087
-3.5999999,27,-1.6388689,8.7620707,-18.812212,15.534474,-22.284554,21.68284,-64.782135,20.213032
-3.5,27,-1.6335131,8.7334366,-18.750734,15.483708,-22.211727,21.61198,-64.570435,20.146976
-3.4000001,27,-1.6281574,8.7048025,-18.689257,15.432941,-22.138903,21.541122,-64.358727,20.080921
-3.3,27,-1.6228015,8.6761684,-18.627779,15.382175,-22.066078,21.470263,-64.147018,20.014866
-3.2,27,-1.6174457,8.6475334,-18.566301,15.331409,-21.993252,21.399405,-63.935314,19.948809
-3.0999999,27,-1.61209,8.6188993,-18.504824,15.280643,-21.920427,21.328545,-63.723606,19.882753
-3,27,-1.6067342,8.5902653,-18.443344,15.229877,-21.847601,21.257687,-63.511902,19.816698
-2.9000001,27,-1.6013784,8.5616312,-18.381866,15.179111,-21.774776,21.186827,-63.300194,19.750643
-2.8,27,-1.5960226,8.5329971,-18.320389,15.128345,-21.70195,21.115969,-63.08849,19.684587
-2.7,27,-1.5906669,8.5043631,-18.258911,15.077578,-21.629126,21.045109,-62.876781,19.61853
-2.5999999,27,-1.5853111,8.475729,-18.197433,15.026812,-21.556299,20.974251,-62.665077,19.552475
-2.5,27,-1.5799553,8.447094,-18.135956,14.976046,-21.483475,20.903391,-62.453369,19.48642
-2.4000001,27,-1.5745995,8.4184599,-18.074478,14.92528,-21.41065,20.832533,-62.241665,19.420364
-2.3,27,-1.5692437,8.3898258,-18.013,14.874513,-21.337824,20.761673,-62.029957,19.354309
-2.2,27,-1.563888,8.3611917,-17.951523,14.823747,-21.264999,20.690815,-61.818249,19.288254
-2.0999999,27,-1.5585321,8.3325577,-17.890045,14.772981,-21.192173,20.619955,-61.606544,19.222197
-2,27,-1.5531764,8.3039236,-17.828568,14.722214,-21.119349,20.549097,-61.394836,19.156141
-1.9,27,-1.5478206,8.2752886,-17.76709,14.671448,-21.046522,20.478237,-61.183132,19.090086
-1.8,27,-1.5424649,8.2466545,-17.70561,14.620682,-20.973698,20.407379,-60.971424,19.024031
-1.7,27,-1.537109,8.2180204,-17.644133,14.569916,-20.900871,20.336519,-60.75972,18.957975
-1.6,27,-1.5317533,8.1893864,-17.582655,14.519149,-20.828047,20.265661,-60.548012,18.891918
-1.5,27,-1.5263975,8.1607523,-17.521177,14.468383,-20.75522,20.194801,-60.336308,18.825863
-1.4,27,-1.5210418,8.1321182,-17.4597,14.417617,-20.682396,20.123943,-60.124599,18.759808
-1.3,27,-1.5156859,8.1034842,-17.398222,14.36685,-20.609571,20.053083,-59.912891,18.693752
-1.2,27,-1.5103302,8.0748491,-17.336744,14.316084,-20.536745,19.982225,-59.701187,18.627697
-1.1,27,-1.5049744,8.0462151,-17.275267,14.265318,-20.463921,19.911366,-59.489479,18.56164
-1,27,-1.4996185,8.017581,-17.213789,14.214552,-20.391094,19.840508,-59.277775,18.495584
-.89999998,27,-1.4942628,7.9889469,-17.152311,14.163785,-20.31827,19.769648,-59.066067,18.429529
-.80000001,27,-1.488907,7.9603128,-17.090834,14.113019,-20.245443,19.69879,-58.854362,18.363474
-.69999999,27,-1.4835513,7.9316783,-17.029356,14.062253,-20.172619,19.62793,-58.642654,18.297419
-.60000002,27,-1.4781954,7.9030442,-16.967878,14.011487,-20.099792,19.557072,-58.43095,18.231361
-.5,27,-1.4728397,7.8744102,-16.906399,13.96072,-20.026968,19.486212,-58.219242,18.165306
-.40000001,27,-1.4674839,7.8457756,-16.844921,13.909954,-19.954144,19.415354,-58.007538,18.099251
-.30000001,27,-1.4621282,7.8171415,-16.783443,13.859188,-19.881317,19.344494,-57.79583,18.033195
-.2,27,-1.4567723,7.7885075,-16.721966,13.808421,-19.808493,19.273636,-57.584122,17.96714
-.1,27,-1.4514166,7.7598729,-16.660488,13.757655,-19.735666,19.202776,-57.372417,17.901085
0,27,-1.4460608,7.7312388,-16.59901,13.706889,-19.662842,19.131918,-57.160709,17.835028
.1,27,-1.4407049,7.7026048,-16.537533,13.656123,-19.590015,19.061058,-56.949005,17.768972
.2,27,-1.4353492,7.6739702,-16.476055,13.605356,-19.517191,18.9902,-56.737297,17.702917
.30000001,27,-1.4299934,7.6453362,-16.414577,13.55459,-19.444365,18.91934,-56.525593,17.636862
.40000001,27,-1.4246377,7.6167021,-16.3531,13.503824,-19.37154,18.848482,-56.313885,17.570807
.5,27,-1.4192818,7.588068,-16.291622,13.453057,-19.298714,18.777622,-56.10218,17.504749
.60000002,27,-1.4139261,7.5594335,-16.230145,13.402291,-19.225889,18.706764,-55.890472,17.438694
.69999999,27,-1.4085703,7.5307994,-16.168665,13.351525,-19.153065,18.635904,-55.678768,17.372639
.80000001,27,-1.4032146,7.5021653,-16.107187,13.300759,-19.080238,18.565046,-55.46706,17.306583
.89999998,27,-1.3978587,7.4735308,-16.04571,13.249992,-19.007414,18.494186,-55.255352,17.240528
1,27,-1.392503,7.4448967,-15.984232,13.199226,-18.934587,18.423328,-55.043648,17.174471
1.1,27,-1.3871472,7.4162626,-15.922754,13.14846,-18.861763,18.352468,-54.83194,17.108416
1.2,27,-1.3817914,7.3876281,-15.861277,13.097693,-18.788937,18.28161,-54.620235,17.04236
1.3,27,-1.3764356,7.358994,-15.799799,13.046927,-18.716112,18.210751,-54.408527,16.976305
1.4,27,-1.3710798,7.3303599,-15.738321,12.996161,-18.643286,18.139893,-54.196823,16.91025
1.5,27,-1.3657241,7.3017254,-15.676844,12.945395,-18.570461,18.069033,-53.985115,16.844193
1.6,27,-1.3603683,7.2730913,-15.615365,12.894629,-18.497635,17.998175,-53.773411,16.778137
1.7,27,-1.3550125,7.2444572,-15.553887,12.843863,-18.42481,17.927315,-53.561703,16.712082
1.8,27,-1.3496567,7.2158232,-15.49241,12.793097,-18.351986,17.856457,-53.349998,16.646027
1.9,27,-1.344301,7.1871886,-15.430932,12.742331,-18.27916,17.785597,-53.13829,16.579971
2,27,-1.3389452,7.1585546,-15.369454,12.691564,-18.206335,17.714739,-52.926582,16.513916
2.0999999,27,-1.3335894,7.1299205,-15.307977,12.640798,-18.133509,17.643879,-52.714878,16.447859
2.2,27,-1.3282336,7.1012859,-15.246498,12.590032,-18.060684,17.573021,-52.50317,16.381804
2.3,27,-1.3228778,7.0726519,-15.18502,12.539265,-17.987858,17.502161,-52.291466,16.315748
2.4000001,27,-1.317522,7.0440178,-15.123543,12.488499,-17.915033,17.431303,-52.079758,16.249693
2.5,27,-1.3121662,7.0153832,-15.062065,12.437733,-17.842207,17.360443,-51.868053,16.183638
2.5999999,27,-1.3068105,6.9867492,-15.000587,12.386967,-17.769382,17.289585,-51.656345,16.11758
2.7,27,-1.3014547,6.9581151,-14.93911,12.3362,-17.696558,17.218725,-51.444641,16.051525
2.8,27,-1.2960989,6.929481,-14.877632,12.285434,-17.623732,17.147867,-51.232933,15.98547
2.9000001,27,-1.2907431,6.9008465,-14.816154,12.234668,-17.550907,17.077007,-51.021225,15.919415
3,27,-1.2853874,6.8722124,-14.754676,12.183902,-17.478081,17.006149,-50.809521,15.853358
3.0999999,27,-1.2800316,6.8435783,-14.693198,12.133135,-17.405256,16.935289,-50.597816,15.787303
3.2,27,-1.2746758,6.8149438,-14.631721,12.082369,-17.33243,16.864431,-50.386108,15.721247
3.3,27,-1.26932,6.7863097,-14.570243,12.031603,-17.259605,16.793571,-50.1744,15.655191
3.4000001,27,-1.2639642,6.7576756,-14.508764,11.980836,-17.186779,16.722713,-49.962696,15.589136
3.5,27,-1.2586085,6.7290411,-14.447287,11.93007,-17.113955,16.651854,-49.750988,15.52308
3.5999999,27,-1.2532526,6.700407,-14.385809,11.879304,-17.04113,16.580996,-49.539284,15.457025
3.7,27,-1.2478969,6.671773,-14.324331,11.828538,-16.968304,16.510136,-49.327576,15.390969
3.8,27,-1.2425411,6.6431384,-14.262854,11.777771,-16.895479,16.439278,-49.115871,15.324913
3.9000001,27,-1.2371854,6.6145043,-14.201376,11.727005,-16.822653,16.368418,-48.904163,15.258858
4,27,-1.2318295,6.5858703,-14.139898,11.676239,-16.749828,16.29756,-48.692459,15.192801
4.0999999,27,-1.2264738,6.5572362,-14.07842,11.625473,-16.677002,16.2267,-48.480751,15.126746
4.1999998,27,-1.221118,6.5286016,-14.016942,11.574706,-16.604177,16.155842,-48.269047,15.060691
4.3000002,27,-1.2157621,6.4999676,-13.955464,11.52394,-16.531351,16.084982,-48.057339,14.994635
4.4000001,27,-1.2104064,6.471333,-13.893987,11.473174,-16.458527,16.014124,-47.845631,14.928579
4.5,27,-1.2050506,6.442699,-13.832509,11.422407,-16.3857,15.943265,-47.633926,14.862524
4.5999999,27,-1.1996949,6.4140649,-13.771031,11.371641,-16.312876,15.872406,-47.422218,14.796468
4.6999998,27,-1.194339,6.3854308,-13.709554,11.320875,-16.240051,15.801547,-47.210514,14.730412
4.8000002,27,-1.1889833,6.3567963,-13.648075,11.270108,-16.167225,15.730688,-46.998806,14.664356
4.9000001,27,-1.1836275,6.3281622,-13.586597,11.219342,-16.0944,15.659829,-46.787102,14.598301
5,27,-1.1782718,6.2995281,-13.52512,11.168576,-16.021574,15.58897,-46.575394,14.532246
5.0999999,27,-1.1729159,6.2708936,-13.463642,11.11781,-15.948749,15.518111,-46.363689,14.466189
5.1999998,27,-1.1675602,6.2422595,-13.402164,11.067044,-15.875924,15.447252,-46.151981,14.400134
5.3000002,27,-1.1622044,6.2136254,-13.340686,11.016277,-15.803098,15.376393,-45.940273,14.334078
5.4000001,27,-1.1568487,6.1849909,-13.279208,10.965511,-15.730273,15.305534,-45.728569,14.268023
5.5,27,-1.1514928,6.1563568,-13.217731,10.914745,-15.657448,15.234675,-45.516861,14.201967
5.5999999,27,-1.1461371,6.1277227,-13.156253,10.863978,-15.584622,15.163816,-45.305157,14.135911
5.6999998,27,-1.1407813,6.0990887,-13.094775,10.813212,-15.511797,15.092957,-45.093449,14.069856
5.8000002,27,-1.1354254,6.0704541,-13.033297,10.762446,-15.438972,15.022099,-44.881744,14.003799
5.9000001,27,-1.1300697,6.04182,-12.971819,10.711679,-15.366146,14.95124,-44.670036,13.937744
6,27,-1.1247139,6.013186,-12.910341,10.660913,-15.293321,14.880381,-44.458332,13.871689
6.0999999,27,-1.1193582,5.9845514,-12.848864,10.610147,-15.220495,14.809522,-44.246624,13.805634
6.1999998,27,-1.1140023,5.9559174,-12.787386,10.559381,-15.147671,14.738663,-44.03492,13.739577
6.3000002,27,-1.1086466,5.9272833,-12.725908,10.508615,-15.074844,14.667804,-43.823212,13.673522
6.4000001,27,-1.1032908,5.8986487,-12.664431,10.457849,-15.00202,14.596945,-43.611504,13.607466
6.5,27,-1.0979351,5.8700147,-12.602952,10.407083,-14.929194,14.526086,-43.399799,13.54141
6.5999999,27,-1.0925792,5.8413806,-12.541474,10.356317,-14.856369,14.455227,-43.188091,13.475355
6.6999998,27,-1.0872235,5.8127465,-12.479997,10.30555,-14.783544,14.384368,-42.976387,13.409299
6.8000002,27,-1.0818677,5.784112,-12.418519,10.254784,-14.710718,14.313509,-42.764679,13.343244
6.9000001,27,-1.0765119,5.7554779,-12.357041,10.204018,-14.637893,14.24265,-42.552975,13.277187
7,27,-1.0711561,5.7268438,-12.295564,10.153251,-14.565067,14.171791,-42.341267,13.211132
7.0999999,27,-1.0658003,5.6982093,-12.234086,10.102485,-14.492242,14.100932,-42.129562,13.145077
7.1999998,27,-1.0604446,5.6695752,-12.172607,10.051719,-14.419417,14.030073,-41.917854,13.079021
7.3000002,27,-1.0550888,5.6409411,-12.11113,10.000953,-14.346591,13.959214,-41.706146,13.012965
7.4000001,27,-1.049733,5.6123066,-12.049652,9.9501858,-14.273767,13.888355,-41.494442,12.946909
7.5,27,-1.0443772,5.5836725,-11.988174,9.8994198,-14.200941,13.817496,-41.282734,12.880854
7.5999999,27,-1.0390215,5.5550385,-11.926697,9.8486538,-14.128116,13.746637,-41.07103,12.814798
7.6999998,27,-1.0336657,5.5264044,-11.865219,9.7978878,-14.05529,13.675778,-40.859322,12.748743
7.8000002,27,-1.0283098,5.4977698,-11.803741,9.7471209,-13.982465,13.604919,-40.647617,12.682687
7.9000001,27,-1.0229541,5.4691358,-11.742263,9.6963549,-13.909639,13.53406,-40.435909,12.616632
8,27,-1.0175983,5.4405012,-11.680785,9.6455889,-13.836814,13.463202,-40.224205,12.550575
8.1000004,27,-1.0122426,5.4118671,-11.619308,9.5948219,-13.763988,13.392343,-40.012497,12.48452
8.1999998,27,-1.0068867,5.3832331,-11.55783,9.5440559,-13.691164,13.321484,-39.800793,12.418465
8.3000002,27,-1.001531,5.3545985,-11.496351,9.4932899,-13.618338,13.250625,-39.589085,12.352408
8.3999996,27,-.99617523,5.3259645,-11.434875,9.442524,-13.545513,13.179766,-39.37738,12.286353
8.5,27,-.99081939,5.2973304,-11.373396,9.391757,-13.472688,13.108907,-39.165672,12.220297
8.6000004,27,-.98546362,5.2686958,-11.311918,9.340991,-13.399862,13.038048,-38.953964,12.154242
8.6999998,27,-.98010784,5.2400618,-11.250441,9.290225,-13.327037,12.967189,-38.74226,12.088186
8.8000002,27,-.97475207,5.2114277,-11.188963,9.2394581,-13.254211,12.89633,-38.530552,12.02213
8.8999996,27,-.96939629,5.1827936,-11.127485,9.1886921,-13.181386,12.825471,-38.318848,11.956075
9,27,-.96404052,5.1541591,-11.066007,9.1379261,-13.108561,12.754612,-38.10714,11.890018
9.1000004,27,-.95868474,5.125525,-11.004529,9.0871592,-13.035735,12.683753,-37.895432,11.823963
9.1999998,27,-.95332897,5.0968909,-10.943051,9.0363932,-12.962911,12.612894,-37.683727,11.757908
9.3000002,27,-.94797319,5.0682564,-10.881574,8.9856272,-12.890084,12.542035,-37.472023,11.691852
9.3999996,27,-.94261742,5.0396223,-10.820096,8.9348612,-12.81726,12.471176,-37.260315,11.625796
9.5,27,-.93726164,5.0109882,-10.758618,8.8840952,-12.744434,12.400317,-37.048611,11.559741
9.6000004,27,-.93190581,4.9823537,-10.69714,8.8333282,-12.671609,12.329458,-36.836903,11.493685
9.6999998,27,-.92655009,4.9537196,-10.635662,8.7825623,-12.598783,12.258599,-36.625198,11.427629
9.8000002,27,-.92119426,4.9250855,-10.574184,8.7317963,-12.525958,12.18774,-36.41349,11.361573
9.8999996,27,-.91583854,4.8964515,-10.512707,8.6810303,-12.453133,12.116881,-36.201786,11.295518
10,27,-.9104827,4.8678169,-10.451229,8.6302633,-12.380307,12.046022,-35.990078,11.229463
10.1,27,-.90512693,4.8391829,-10.38975,8.5794973,-12.307482,11.975163,-35.77837,11.163406
10.2,27,-.89977115,4.8105488,-10.328274,8.5287313,-12.234657,11.904305,-35.566666,11.097351
10.3,27,-.89441538,4.7819142,-10.266795,8.4779644,-12.161831,11.833446,-35.354958,11.031295
10.4,27,-.8890596,4.7532802,-10.205317,8.4271984,-12.089006,11.762587,-35.143253,10.96524
10.5,27,-.88370383,4.7246461,-10.14384,8.3764324,-12.016181,11.691728,-34.931545,10.899184
10.6,27,-.87834799,4.6960115,-10.082362,8.3256655,-11.943356,11.620869,-34.719837,10.833128
10.7,27,-.87299228,4.6673775,-10.020885,8.2748995,-11.87053,11.55001,-34.508133,10.767073
10.8,27,-.86763644,4.6387434,-9.9594059,8.2241335,-11.797705,11.479151,-34.296425,10.701016
10.9,27,-.86228073,4.6101093,-9.8979292,8.1733675,-11.724879,11.408292,-34.084721,10.634961
11,27,-.85692489,4.5814748,-9.8364506,8.1226006,-11.652054,11.337433,-33.873013,10.568906
11.1,27,-.85156912,4.5528407,-9.7749729,8.0718346,-11.579228,11.266574,-33.661308,10.50285
11.2,27,-.84621334,4.5242066,-9.7134953,8.0210686,-11.506404,11.195715,-33.4496,10.436794
11.3,27,-.84085757,4.4955721,-9.6520176,7.9703021,-11.433578,11.124856,-33.237896,10.370739
11.4,27,-.83550179,4.466938,-9.5905399,7.9195361,-11.360753,11.053997,-33.026188,10.304684
11.5,27,-.83014601,4.4383039,-9.5290613,7.8687696,-11.287928,10.983138,-32.814484,10.238627
11.6,27,-.82479018,4.4096694,-9.4675837,7.8180032,-11.215102,10.912279,-32.602776,10.172571
11.7,27,-.81943446,4.3810353,-9.406106,7.7672372,-11.142277,10.84142,-32.391071,10.106516
11.8,27,-.81407863,4.3524013,-9.3446283,7.7164707,-11.069451,10.770561,-32.179363,10.040461
11.9,27,-.80872291,4.3237672,-9.2831507,7.6657047,-10.996626,10.699702,-31.967657,9.9744053
12,27,-.80336708,4.2951326,-9.2216721,7.6149383,-10.9238,10.628843,-31.755951,9.908349
12.1,27,-.7980113,4.2664986,-9.1601944,7.5641718,-10.850975,10.557984,-31.544243,9.8422928
12.2,27,-.79265553,4.2378645,-9.0987167,7.5134058,-10.778151,10.487125,-31.332539,9.7762375
12.3,27,-.78729975,4.2092299,-9.0372391,7.4626393,-10.705324,10.416266,-31.120831,9.7101822
12.4,27,-.78194398,4.1805959,-8.9757614,7.4118733,-10.6325,10.345407,-30.909126,9.6441269
12.5,27,-.7765882,4.1519618,-8.9142838,7.3611069,-10.559674,10.274549,-30.697418,9.5780706
12.6,27,-.77123237,4.1233273,-8.8528051,7.3103404,-10.486849,10.20369,-30.485712,9.5120153
12.7,27,-.76587665,4.0946932,-8.7913275,7.2595744,-10.414023,10.132831,-30.274006,9.44596
12.8,27,-.76052082,4.0660591,-8.7298498,7.2088084,-10.341198,10.061972,-30.0623,9.3799038
12.9,27,-.7551651,4.037425,-8.6683722,7.1580424,-10.268373,9.9911127,-29.850594,9.3138485
13,27,-.74980927,4.0087905,-8.6068945,7.107276,-10.195547,9.9202538,-29.638887,9.2477922
13.1,27,-.74445349,3.9801562,-8.5454159,7.0565095,-10.122722,9.8493948,-29.427179,9.1817369
13.2,27,-.73909771,3.9515221,-8.4839392,7.0057435,-10.049897,9.7785358,-29.215475,9.1156816
13.3,27,-.73374194,3.9228878,-8.4224606,6.954977,-9.9770708,9.7076769,-29.003767,9.0496254
13.4,27,-.72838616,3.8942537,-8.3609829,6.904211,-9.9042463,9.6368179,-28.792063,8.9835701
13.5,27,-.72303039,3.8656194,-8.2995052,6.8534446,-9.8314209,9.565959,-28.580355,8.9175138
13.6,27,-.71767461,3.8369851,-8.2380276,6.8026781,-9.7585955,9.4951,-28.368649,8.8514585
13.7,27,-.71231884,3.808351,-8.1765499,6.7519121,-9.68577,9.4242411,-28.156942,8.7854033
13.8,27,-.70696306,3.7797167,-8.1150713,6.7011456,-9.6129446,9.3533821,-27.945236,8.719347
13.9,27,-.70160729,3.7510827,-8.0535946,6.6503797,-9.5401192,9.2825232,-27.73353,8.6532917
14,27,-.69625151,3.7224483,-7.992116,6.5996132,-9.4672937,9.2116642,-27.521824,8.5872355
14.1,27,-.69089568,3.693814,-7.9306383,6.5488467,-9.3944683,9.1408052,-27.310116,8.5211802
14.2,27,-.68553996,3.66518,-7.8691607,6.4980807,-9.3216438,9.0699463,-27.098412,8.4551249
14.3,27,-.68018413,3.6365457,-7.8076825,6.4473143,-9.2488174,8.9990873,-26.886703,8.3890686
14.4,27,-.67482841,3.6079116,-7.7462053,6.3965483,-9.175993,8.9282284,-26.674999,8.3230133
14.5,27,-.66947258,3.5792773,-7.6847272,6.3457818,-9.1031675,8.8573694,-26.463291,8.256958
14.6,27,-.6641168,3.550643,-7.6232491,6.2950153,-9.0303411,8.7865105,-26.251585,8.1909018
14.7,27,-.65876102,3.5220089,-7.5617714,6.2442493,-8.9575167,8.7156515,-26.039879,8.1248465
14.8,27,-.65340525,3.4933746,-7.5002937,6.1934829,-8.8846912,8.6447926,-25.828173,8.0587902
14.9,27,-.64804947,3.4647405,-7.4388161,6.1427169,-8.8118658,8.5739336,-25.616468,7.9927354
15,27,-.6426937,3.4361062,-7.3773379,6.0919509,-8.7390404,8.5030746,-25.40476,7.9266791
15.1,27,-.63733786,3.4074719,-7.3158598,6.0411844,-8.6662149,8.4322157,-25.193052,7.8606234
15.2,27,-.63198215,3.3788378,-7.2543826,5.9904184,-8.5933905,8.3613567,-24.981348,7.7945681
15.3,27,-.62662631,3.3502035,-7.1929045,5.939652,-8.5205641,8.2904978,-24.769642,7.7285123
15.4,27,-.6212706,3.3215694,-7.1314268,5.888886,-8.4477396,8.2196388,-24.557936,7.662457
15.5,27,-.61591476,3.2929351,-7.0699492,5.8381195,-8.3749142,8.1487799,-24.34623,7.5964007
15.6,27,-.61055899,3.2643008,-7.008471,5.787353,-8.3020878,8.0779209,-24.134521,7.530345
15.7,27,-.60520321,3.2356668,-6.9469934,5.736587,-8.2292633,8.007062,-23.922817,7.4642897
15.8,27,-.59984744,3.2070324,-6.8855152,5.6858206,-8.1564379,7.9362025,-23.711109,7.3982339
15.9,27,-.59449166,3.1783984,-6.824038,5.6350546,-8.0836124,7.865344,-23.499405,7.3321786
16,27,-.58913589,3.1497641,-6.7625599,5.5842881,-8.010787,7.7944851,-23.287697,7.2661228
16.1,27,-.58378005,3.1211298,-6.7010818,5.5335217,-7.9379616,7.7236257,-23.075991,7.2000666
16.200001,27,-.57842427,3.0924954,-6.6396036,5.4827552,-7.8651361,7.6527667,-22.864283,7.1340108
16.299999,27,-.57306856,3.0638616,-6.5781269,5.4319897,-7.7923117,7.5819087,-22.65258,7.067956
16.4,27,-.56771278,3.0352273,-6.5166488,5.3812232,-7.7194862,7.5110493,-22.440872,7.0019002
16.5,27,-.56235695,3.006593,-6.4551706,5.3304567,-7.6466603,7.4401903,-22.229166,6.9358444
16.6,27,-.55700117,2.9779587,-6.3936925,5.2796903,-7.5738349,7.3693309,-22.017458,6.8697886
16.700001,27,-.55164534,2.9493241,-6.3322148,5.2289238,-7.5010095,7.2984719,-21.805752,6.8037324
16.799999,27,-.54628968,2.9206905,-6.2707376,5.1781583,-7.428185,7.2276139,-21.594048,6.7376781
16.9,27,-.54093385,2.8920562,-6.2092595,5.1273918,-7.3553596,7.1567545,-21.382341,6.6716218
17,27,-.53557807,2.8634219,-6.1477818,5.0766253,-7.2825336,7.0858955,-21.170633,6.605566
17.1,27,-.53022224,2.8347874,-6.0863037,5.0258589,-7.2097082,7.0150361,-20.958927,6.5395103
17.200001,27,-.52486646,2.8061531,-6.0248256,4.9750929,-7.1368828,6.9441772,-20.747219,6.473454
17.299999,27,-.51951075,2.7775195,-5.9633489,4.9243274,-7.0640583,6.8733191,-20.535517,6.4073997
17.4,27,-.51415497,2.7488852,-5.9018707,4.8735609,-6.9912329,6.8024597,-20.323809,6.3413439
17.5,27,-.50879914,2.7202506,-5.8403926,4.8227944,-6.918407,6.7316008,-20.112103,6.2752876
17.6,27,-.50344336,2.6916163,-5.7789145,4.772028,-6.8455815,6.6607413,-19.900394,6.2092319
17.700001,27,-.49808756,2.662982,-5.7174363,4.7212615,-6.7727561,6.5898824,-19.688688,6.1431761
17.799999,27,-.49273187,2.6343484,-5.6559596,4.670496,-6.6999316,6.5190244,-19.476984,6.0771213
17.9,27,-.48737606,2.6057138,-5.5944815,4.6197295,-6.6271062,6.4481649,-19.265278,6.0110655
18,27,-.48202026,2.5770795,-5.5330033,4.5689631,-6.5542803,6.377306,-19.05357,5.9450092
18.1,27,-.47666445,2.5484452,-5.4715257,4.5181966,-6.4814548,6.3064466,-18.841864,5.8789535
18.200001,27,-.47130865,2.5198109,-5.4100475,4.4674301,-6.4086289,6.2355876,-18.630156,5.8128977
18.299999,27,-.46595296,2.4911771,-5.3485703,4.4166646,-6.3358049,6.1647296,-18.418453,5.7468429
18.4,27,-.46059716,2.4625428,-5.2870927,4.3658981,-6.2629795,6.0938702,-18.206745,5.6807871
18.5,27,-.45524135,2.4339085,-5.2256145,4.3151317,-6.1901536,6.0230112,-17.995039,5.6147313
18.6,27,-.44988555,2.4052742,-5.1641364,4.2643652,-6.1173282,5.9521518,-17.783331,5.5486751
18.700001,27,-.44452974,2.3766398,-5.1026583,4.2135987,-6.0445023,5.8812928,-17.571625,5.4826193
18.799999,27,-.43917406,2.348006,-5.0411816,4.1628332,-5.9716783,5.8104348,-17.359921,5.4165645
18.9,27,-.43381825,2.3193717,-4.9797034,4.1120667,-5.8988528,5.7395754,-17.148214,5.3505087
19,27,-.42846245,2.2907374,-4.9182253,4.0613003,-5.8260269,5.6687164,-16.936506,5.2844529
19.1,27,-.42310664,2.2621031,-4.8567472,4.0105338,-5.7532015,5.597857,-16.7248,5.2183971
19.200001,27,-.41775084,2.2334688,-4.795269,3.9597676,-5.6803756,5.526998,-16.513092,5.1523409
19.299999,27,-.41239515,2.2048349,-4.7337923,3.9090021,-5.6075516,5.45614,-16.30139,5.0862865
19.4,27,-.40703934,2.1762006,-4.6723142,3.8582356,-5.5347261,5.3852806,-16.089682,5.0202303
19.5,27,-.40168354,2.1475663,-4.610836,3.8074691,-5.4619002,5.3144217,-15.877975,4.9541745
19.6,27,-.39632773,2.118932,-4.5493584,3.7567027,-5.3890748,5.2435622,-15.666268,4.8881187
19.700001,27,-.39097196,2.0902977,-4.4878802,3.7059362,-5.3162489,5.1727033,-15.454561,4.8220625
19.799999,27,-.38561624,2.0616639,-4.426403,3.6551707,-5.2434249,5.1018453,-15.242858,4.7560081
19.9,27,-.38026044,2.0330296,-4.3649254,3.6044044,-5.1705995,5.0309858,-15.031151,4.6899524
20,27,-.37490463,2.0043952,-4.3034472,3.553638,-5.0977736,4.9601269,-14.819444,4.6238961
20.1,27,-.36954886,1.9757609,-4.2419691,3.5028715,-5.0249481,4.8892674,-14.607737,4.5578403
20.200001,27,-.36419305,1.9471266,-4.180491,3.452105,-4.9521222,4.8184085,-14.396029,4.4917846
20.299999,27,-.35883734,1.9184928,-4.1190143,3.4013395,-4.8792982,4.7475505,-14.184326,4.4257298
20.4,27,-.35348153,1.8898585,-4.0575361,3.3505731,-4.8064728,4.6766911,-13.972619,4.359674
20.5,27,-.34812576,1.8612242,-3.996058,3.2998066,-4.7336469,4.6058321,-13.760912,4.2936177
20.6,27,-.34276995,1.8325899,-3.9345801,3.2490401,-4.6608214,4.5349727,-13.549205,4.227562
20.700001,27,-.33741415,1.8039556,-3.8731019,3.1982737,-4.5879955,4.4641137,-13.337498,4.1615062
20.799999,27,-.33205843,1.7753217,-3.811625,3.1475081,-4.5151715,4.3932557,-13.125794,4.0954514
20.9,27,-.32670265,1.7466874,-3.7501471,3.0967417,-4.4423461,4.3223963,-12.914087,4.0293956
21,27,-.32134685,1.7180531,-3.688669,3.0459754,-4.3695202,4.2515373,-12.70238,3.9633396
21.1,27,-.31599104,1.6894188,-3.6271911,2.995209,-4.2966948,4.1806779,-12.490673,3.8972838
21.200001,27,-.31063524,1.6607845,-3.5657129,2.9444425,-4.2238688,4.1098189,-12.278966,3.8312278
21.299999,27,-.30527952,1.6321507,-3.504236,2.893677,-4.1510448,4.0389609,-12.067263,3.7651732
21.4,27,-.29992375,1.6035163,-3.4427581,2.8429105,-4.0782194,3.9681017,-11.855556,3.6991172
21.5,27,-.29456794,1.574882,-3.3812799,2.7921441,-4.0053935,3.8972425,-11.643848,3.6330614
21.6,27,-.28921214,1.5462477,-3.3198018,2.7413776,-3.9325681,3.8263834,-11.432141,3.5670054
21.700001,27,-.28385633,1.5176133,-3.2583239,2.6906111,-3.8597424,3.7555239,-11.220434,3.5009496
21.799999,27,-.27850065,1.4889796,-3.196847,2.6398456,-3.7869182,3.6846662,-11.008731,3.4348948
21.9,27,-.27314484,1.4603453,-3.1353688,2.5890791,-3.7140925,3.613807,-10.797024,3.368839
22,27,-.26778904,1.431711,-3.0738909,2.5383127,-3.6412668,3.5429478,-10.585317,3.302783
22.1,27,-.26243323,1.4030765,-3.0124128,2.4875464,-3.5684414,3.4720886,-10.37361,3.236727
22.200001,27,-.25707743,1.3744422,-2.9509346,2.43678,-3.4956157,3.4012294,-10.161902,3.1706712
22.299999,27,-.25172174,1.3458085,-2.8894579,2.3860145,-3.4227915,3.3303714,-9.9501991,3.1046166
22.4,27,-.24636593,1.3171742,-2.8279798,2.335248,-3.3499658,3.2595122,-9.738492,3.0385606
22.5,27,-.24101013,1.2885398,-2.7665017,2.2844815,-3.2771401,3.188653,-9.5267849,2.9725046
22.6,27,-.23565432,1.2599055,-2.7050238,2.2337151,-3.2043145,3.1177938,-9.3150778,2.9064488
22.700001,27,-.23029853,1.2312711,-2.6435456,2.1829486,-3.131489,3.0469346,-9.1033707,2.8403928
22.799999,27,-.22494283,1.2026374,-2.5820687,2.1321831,-3.0586648,2.9760766,-8.8916674,2.7743382
22.9,27,-.21958703,1.174003,-2.5205908,2.0814166,-2.9858391,2.9052174,-8.6799603,2.7082822
23,27,-.21423122,1.1453687,-2.4591126,2.0306501,-2.9130135,2.8343582,-8.4682531,2.6422265
23.1,27,-.20887542,1.1167344,-2.3976345,1.9798838,-2.8401878,2.763499,-8.256546,2.5761704
23.200001,27,-.20351963,1.0881001,-2.3361566,1.9291173,-2.7673624,2.6926398,-8.0448389,2.5101147
23.299999,27,-.19816393,1.0594662,-2.2746797,1.8783518,-2.6945381,2.6217818,-7.8331361,2.4440598
23.4,27,-.19280812,1.0308319,-2.2132015,1.8275853,-2.6217124,2.5509226,-7.621429,2.3780041
23.5,27,-.18745232,1.0021976,-2.1517236,1.776819,-2.5488868,2.4800634,-7.4097219,2.3119481
23.6,27,-.18209653,.97356331,-2.0902455,1.7260525,-2.4760611,2.4092042,-7.1980147,2.2458923
23.700001,27,-.17674072,.944929,-2.0287676,1.6752861,-2.4032357,2.3383451,-6.9863076,2.1798363
23.799999,27,-.17138502,.91629517,-1.9672906,1.6245205,-2.3304114,2.267487,-6.7746043,2.1137817
23.9,27,-.16602921,.88766086,-1.9058125,1.5737541,-2.2575858,2.1966279,-6.5628972,2.0477257
24,27,-.16067342,.85902655,-1.8443345,1.5229877,-2.1847601,2.1257687,-6.3511901,1.9816698
24.1,27,-.15531762,.83039224,-1.7828565,1.4722213,-2.1119344,2.0549095,-6.139483,1.9156139
24.200001,27,-.14996181,.80175787,-1.7213784,1.4214548,-2.039109,1.9840502,-5.9277759,1.849558
24.299999,27,-.14460611,.7731241,-1.6599015,1.3706893,-1.9662846,1.9131923,-5.7160726,1.7835033
24.4,27,-.13925032,.74448979,-1.5984235,1.3199228,-1.8934591,1.8423331,-5.5043654,1.7174474
24.5,27,-.13389452,.71585548,-1.5369455,1.2691563,-1.8206334,1.7714739,-5.2926583,1.6513915
24.6,27,-.12853871,.68722111,-1.4754673,1.21839,-1.7478079,1.7006147,-5.0809512,1.5853356
24.700001,27,-.12318292,.6585868,-1.4139893,1.1676235,-1.6749822,1.6297554,-4.8692441,1.5192797
24.799999,27,-.11782721,.62995303,-1.3525125,1.116858,-1.602158,1.5588975,-4.6575408,1.453225
24.9,27,-.11247142,.60131872,-1.2910343,1.0660915,-1.5293324,1.4880383,-4.4458337,1.3871691
25,27,-.10711561,.57268435,-1.2295563,1.0153251,-1.4565067,1.4171791,-4.2341266,1.3211132
25.1,27,-.10175981,.54405004,-1.1680783,.96455866,-1.3836812,1.3463199,-4.0224195,1.2550573
25.200001,27,-.096404009,.51541573,-1.1066003,.91379219,-1.3108555,1.2754606,-3.8107123,1.1890014
25.299999,27,-.091048315,.48678192,-1.0451233,.86302674,-1.2380313,1.2046027,-3.5990093,1.1229467
25.4,27,-.08569251,.45814759,-.98364532,.81226027,-1.1652057,1.1337435,-3.3873022,1.0568908
25.5,27,-.080336712,.42951328,-.92216724,.76149386,-1.09238,1.0628843,-3.175595,.99083489
25.6,27,-.074980907,.40087894,-.86068922,.71072739,-1.0195545,.99202508,-2.9638879,.924779
25.700001,27,-.069625109,.37224463,-.79921114,.65996093,-.94672883,.92116588,-2.7521808,.8587231
25.799999,27,-.064269409,.34361082,-.73773426,.60919547,-.87390459,.850308,-2.5404778,.7926684
25.9,27,-.058913607,.31497651,-.67625624,.558429,-.80107898,.77944875,-2.3287704,.72661251
26,27,-.053557806,.28634217,-.61477816,.50766253,-.72825336,.70858955,-2.1170633,.66055661
26.1,27,-.048202004,.25770786,-.55330014,.4568961,-.65542775,.6377303,-1.9053562,.59450072
26.200001,27,-.042846203,.22907352,-.49182206,.40612966,-.58260214,.56687111,-1.6936491,.52844477
26.299999,27,-.037490506,.20043975,-.43034518,.35536417,-.5097779,.49601322,-1.481946,.46239012
26.4,27,-.032134704,.17180541,-.36886713,.30459774,-.43695229,.425154,-1.2702389,.3963342
26.5,27,-.026778903,.14317109,-.30738908,.25383127,-.36412668,.35429478,-1.0585316,.33027831
26.6,27,-.021423101,.11453676,-.24591103,.20306483,-.29130107,.28343555,-.84682453,.26422238
26.700001,27,-.016067302,.085902438,-.18443298,.15229838,-.21847546,.21257633,-.63511741,.19816647
26.799999,27,-.010711602,.057268653,-.1229561,.1015329,-.14565124,.14171845,-.42341429,.13211183
26.9,27,-.005355801,.028634327,-.061478052,.050766449,-.072825618,.070859224,-.21170714,.066055916
27,27,0,0,0,0,0,0,0,0
27.1,27,.0053527169,.028632475,-.050765902,.061471336,.072806932,.070855819,-.066067919,.21168178
27.200001,27,.010686927,.057253834,-.10152853,.12290239,.14550176,.14169121,-.1322079,.42321143
27.299999,27,.015984027,.085852444,-.15228367,.18425173,.21797101,.21248442,-.1984908,.63443285
27.4,27,.021225711,.11441834,-.20303011,.24548154,.29010534,.28321782,-.26499137,.84520209
27.5,27,.026393373,.14293997,-.25376382,.30655056,.36179128,.3538698,-.33178073,1.0553633
27.6,27,.031468507,.17140642,-.30448192,.36741892,.43291673,.42442018,-.39893156,1.264765
27.700001,27,.036432605,.19980687,-.35518166,.42804688,.50336957,.49484903,-.4665167,1.4732559
27.799999,27,.041267075,.22813009,-.40585968,.48839381,.57303637,.56513518,-.53460819,1.680681
27.9,27,.04595359,.25636655,-.45651564,.54842281,.64180773,.63526165,-.60328215,1.8868977
28,27,.050473556,.28450537,-.50714672,.6080938,.70957017,.70520771,-.67261153,2.0917518
28.1,27,.054808468,.31253627,-.55775136,.66736829,.77621168,.77495432,-.74267089,2.2950943
28.200001,27,.058939818,.34044921,-.6083284,.72620803,.84162003,.8444826,-.81353545,2.4967754
28.299999,27,.062849022,.36823392,-.65887624,.78457427,.90568197,.91377276,-.88527972,2.6966436
28.4,27,.066517733,.39588189,-.70939648,.84243196,.96828783,.98280931,-.95798302,2.8945587
28.5,27,.069927372,.42338327,-.75988859,.89974332,1.0293243,1.0515732,-1.0317212,3.0903699
28.6,27,.073059417,.45072907,-.81035334,.95647222,1.0886793,1.1200471,-1.1065726,3.2839313
28.700001,27,.075895377,.47791067,-.86079234,1.0125831,1.1462407,1.1882142,-1.1826164,3.4750977
28.799999,27,.078416698,.50491923,-.91120678,1.0680401,1.2018954,1.2560569,-1.2599308,3.6637216
28.9,27,.080604963,.53174776,-.9616015,1.1228114,1.2555333,1.3235619,-1.3386003,3.8496668
29,27,.082441621,.55838823,-1.0119792,1.1768625,1.3070413,1.3907127,-1.4187055,4.0327883
29.1,27,.08390817,.5848335,-1.0623444,1.2301608,1.3563074,1.4574947,-1.5003297,4.2129445
29.200001,27,.084986098,.61107695,-1.1127027,1.2826749,1.4032192,1.523894,-1.583558,4.3899965
29.299999,27,.085656896,.63711184,-1.1630594,1.3343732,1.4476641,1.5898958,-1.6684744,4.5638027
29.4,27,.08590208,.66293359,-1.2134238,1.385228,1.4895316,1.6554905,-1.75517,4.7342334
29.5,27,.085703127,.68853647,-1.2638036,1.4352099,1.5287088,1.7206647,-1.8437322,4.9011497
29.6,27,.085041538,.71391606,-1.3142083,1.4842913,1.5650834,1.7854078,-1.9342515,5.0644183
29.700001,27,.083898798,.73906845,-1.3646488,1.5324464,1.5985433,1.8497095,-2.0268207,5.2239075
29.799999,27,.082256444,.76398993,-1.4151363,1.5796492,1.6289761,1.9135596,-2.1215317,5.3794837
29.9,27,.080095902,.78867888,-1.4656863,1.6258781,1.6562706,1.9769522,-2.2184844,5.5310259
30,27,.077398703,.81313306,-1.5163128,1.6711102,1.6803143,2.0398791,-2.317775,5.6784039
30.1,27,.07414633,.83735138,-1.5670322,1.7153249,1.700995,2.102334,-2.4195039,5.8214941
30.200001,27,.070320278,.86133373,-1.6178628,1.7585034,1.7182004,2.1643124,-2.5237737,5.9601746
30.299999,27,.065902151,.88508028,-1.6688234,1.8006277,1.7318187,2.2258089,-2.6306863,6.0943236
30.4,27,.06087324,.90859354,-1.7199373,1.8416839,1.7417377,2.2868233,-2.7403536,6.2238293
30.5,27,.055215154,.93187553,-1.7712274,1.8816577,1.7478455,2.3473537,-2.8528831,6.3485742
30.6,27,.04890937,.95492989,-1.8227189,1.9205376,1.7500298,2.4073997,-2.9683869,6.4684463
30.700001,27,.041937377,.97776109,-1.8744391,1.9583139,1.7481784,2.4669631,-3.0869806,6.5833373
30.799999,27,.034280822,1.0003746,-1.9264171,1.9949788,1.7421795,2.526046,-3.2087796,6.6931386
30.9,27,.025920914,1.0227778,-1.9786867,2.0305285,1.7319206,2.5846548,-3.3339097,6.7977509
31,27,.016839301,1.0449786,-2.031281,2.0649598,1.71729,2.6427951,-3.4624932,6.8970733
31.1,27,.0070174509,1.0669862,-2.0842371,2.0982721,1.6981753,2.7004743,-3.5946572,6.9910078
31.200001,27,-.0035631082,1.0888114,-2.1375942,2.1304679,1.6744647,2.7577026,-3.7305329,7.0794625
31.299999,27,-.014920714,1.1104655,-2.1913931,2.1615517,1.6460462,2.8144898,-3.8702526,7.1623449
31.4,27,-.02707427,1.1319631,-2.245681,2.1915326,1.6128069,2.870852,-4.0139599,7.2395735
31.5,27,-.040042043,1.1533184,-2.3005047,2.2204206,1.5746355,2.9268034,-4.1617937,7.3110647
31.6,27,-.053842604,1.174548,-2.3559144,2.2482293,1.5314193,2.9823611,-4.3139009,7.3767395
31.700001,27,-.068494394,1.1956699,-2.4119644,2.2749755,1.4830467,3.037545,-4.4704318,7.4365253
31.799999,27,-.08401566,1.2167033,-2.4687102,2.300679,1.4294064,3.0923755,-4.6315379,7.4903507
31.9,27,-.10042547,1.2376702,-2.5262146,2.3253636,1.3703843,3.146879,-4.7973847,7.5381536
32,27,-.11774207,1.2585934,-2.5845399,2.3490558,1.3058695,3.2010803,-4.968133,7.5798717
32.099998,27,-.13598359,1.2794973,-2.6437521,2.3717849,1.2357509,3.255008,-5.1439476,7.615449
32.200001,27,-.15516962,1.3004096,-2.7039256,2.3935864,1.1599125,3.3086958,-5.3250117,7.6448369
32.299999,27,-.17531718,1.3213571,-2.7651296,2.4144952,1.0782478,3.3621736,-5.5114913,7.6679869
32.400002,27,-.19644636,1.3423718,-2.8274467,2.4345541,.99063849,3.4154818,-5.7035828,7.6848598
32.5,27,-.21857396,1.3634843,-2.8909538,2.4538059,.89697957,3.4686558,-5.9014606,7.6954198
32.599998,27,-.24171938,1.3847291,-2.9557385,2.4722998,.79715514,3.5217392,-6.1053271,7.6996374
32.700001,27,-.26590201,1.4061434,-3.0218925,2.4900885,.6910491,3.5747793,-6.3153896,7.6974878
32.799999,27,-.29113847,1.4277633,-3.089503,2.5072262,.57855791,3.6278191,-6.531837,7.6889524
32.900002,27,-.31744927,1.4496301,-3.1586721,2.5237734,.45956045,3.6809134,-6.7548971,7.6740179
33,27,-.3448509,1.4717838,-3.2294941,2.5397923,.33395344,3.7341115,-6.9847703,7.6526775
33.099998,27,-.37336284,1.4942685,-3.3020754,2.5553498,.20162076,3.787472,-7.2216878,7.6249294
33.200001,27,-.40300465,1.5171306,-3.3765261,2.5705166,.06244516,3.8410563,-7.4658866,7.5907769
33.299999,27,-.43379274,1.540415,-3.4529507,2.5853653,-.083675556,3.8949227,-7.7175841,7.5502329
33.400002,27,-.46574789,1.5641724,-3.5314693,2.5999737,-.23686439,3.9491413,-7.9770393,7.5033102
33.5,27,-.49888608,1.5884509,-3.6121926,2.6144204,-.39722127,4.0037761,-8.2444782,7.450036
33.599998,27,-.53322709,1.6133032,-3.6952431,2.6287889,-.56486434,4.0589013,-8.5201645,7.3904357
33.700001,27,-.56879085,1.6387832,-3.7807469,2.6431653,-.73991275,4.114593,-8.8043671,7.3245416
33.799999,27,-.6055932,1.6649436,-3.8688228,2.6576364,-.92246556,4.1709251,-9.0973282,7.2523975
33.900002,27,-.64365524,1.6918416,-3.959604,2.6722934,-1.1126473,4.227982,-9.3993397,7.1740456
34,27,-.6829927,1.7195318,-4.0532131,2.6872277,-1.310557,4.2858434,-9.7106552,7.0895414
34.099998,27,-.72362554,1.7480725,-4.1497846,2.7025337,-1.5163133,4.3445969,-10.031567,6.99894
34.200001,27,-.7655738,1.7775228,-4.2494545,2.718307,-1.7300366,4.4043341,-10.362372,6.9022989
34.299999,27,-.80885291,1.8079393,-4.3523488,2.734643,-1.9518231,4.4651413,-10.70334,6.7996931
34.400002,27,-.85348457,1.839383,-4.4586091,2.7516398,-2.1818013,4.5271177,-11.05479,6.6911869
34.5,27,-.89948392,1.8719108,-4.5683618,2.7693939,-2.4200661,4.5903549,-11.416996,6.5768642
34.599998,27,-.94687116,1.9055831,-4.6817455,2.7880032,-2.666738,4.654953,-11.790278,6.4568024
34.700001,27,-.99566656,1.9404604,-4.7988992,2.8075662,-2.9219387,4.7210159,-12.174959,6.3310823
34.799999,27,-1.0458852,1.976599,-4.9199481,2.8281775,-3.1857622,4.78864,-12.571324,6.1997995
34.900002,27,-1.0975491,2.0140595,-5.0450335,2.8499351,-3.4583385,4.857935,-12.979716,6.0630388
35,27,-1.1506729,2.0528972,-5.1742778,2.8729317,-3.7397611,4.9290009,-13.400425,5.9209027
35.099998,27,-1.2052771,2.0931704,-5.307816,2.8972616,-4.0301504,5.0019464,-13.833785,5.7734847
35.200001,27,-1.2613826,2.1349368,-5.4457817,2.9230168,-4.3296323,5.0768833,-14.280141,5.6208758
35.299999,27,-1.3190032,2.1782482,-5.5882912,2.9502847,-4.6382942,5.1539135,-14.739779,5.4631906
35.400002,27,-1.3781618,2.2231617,-5.7354789,2.9791551,-4.9562712,5.2331524,-15.213061,5.3005195
35.5,27,-1.4388729,2.269727,-5.8874559,3.0097101,-5.2836542,5.3147035,-15.700282,5.1329737
35.599998,27,-1.5011569,2.3179967,-6.0443468,3.0420332,-5.6205645,5.3986797,-16.201782,4.9606533
35.700001,27,-1.5650346,2.3680229,-6.206274,3.0762048,-5.9671283,5.4851933,-16.717909,4.7836528
35.799999,27,-1.6305201,2.4198503,-6.3733397,3.1122994,-6.323432,5.574347,-17.248951,4.602087
35.900002,27,-1.6976364,2.4735298,-6.5456657,3.150393,-6.6896129,5.6662564,-17.795271,4.4160452
36,27,-1.7663971,2.529103,-6.7233481,3.1905539,-7.0657578,5.7610226,-18.357155,4.2256393
36.099998,27,-1.8368235,2.586616,-6.9064975,3.2328506,-7.451992,5.8587556,-18.934942,4.0309587
36.200001,27,-1.9089364,2.6461132,-7.0952225,3.2773499,-7.8484406,5.9595656,-19.528975,3.8320932
36.299999,27,-1.982749,2.7076309,-7.289608,3.3241098,-8.255187,6.0635486,-20.139524,3.6291497
36.400002,27,-2.0582855,2.7712133,-7.4897637,3.3731928,-8.6723747,6.1708155,-20.766951,3.4222014
36.5,27,-2.1355586,2.8368938,-7.6957684,3.4246509,-9.1000843,6.2814598,-21.411518,3.2113507
36.599998,27,-2.2145898,2.9047108,-7.9077187,3.4785388,-9.5384426,6.3955841,-22.073557,2.9966719
36.700001,27,-2.2954006,2.9747024,-8.1257095,3.5349088,-9.9875793,6.5132909,-22.753395,2.7782362
36.799999,27,-2.3780031,3.0468965,-8.3498106,3.5938041,-10.447573,6.634666,-23.451279,2.556134
36.900002,27,-2.4624226,3.1213315,-8.5801201,3.6552746,-10.91857,6.7598119,-24.167557,2.3304188
37,27,-2.5486708,3.1980326,-8.816699,3.719358,-11.400646,6.8888102,-24.902466,2.1011736
37.099998,27,-2.6367509,3.2770188,-9.0595894,3.7860878,-11.893821,7.0217342,-25.656166,1.8685257
37.200001,27,-2.7265928,3.3582497,-9.3086414,3.8554556,-12.397663,7.1585746,-26.428211,1.6328852
37.299999,27,-2.8180964,3.4416552,-9.5636168,3.9274237,-12.911575,7.2992716,-27.217884,1.3947333
37.400002,27,-2.9111762,3.5271707,-9.8243036,4.0019512,-13.435035,7.4437695,-28.024553,1.1544852
37.5,27,-3.0057335,3.6147141,-10.090443,4.0789762,-13.967443,7.5919776,-28.847445,.91255915
37.599998,27,-3.1016781,3.7042065,-10.36179,4.158433,-14.508258,7.7438059,-29.685839,.66932261
37.700001,27,-3.1989222,3.7955649,-10.638093,4.2402482,-15.056941,7.8991532,-30.538998,.42511496
37.799999,27,-3.2973652,3.8886919,-10.919062,4.3243313,-15.612888,8.0578871,-31.406057,.18028054
37.900002,27,-3.3969226,3.983501,-11.204441,4.4105959,-16.175587,8.2198896,-32.286274,-.064898446
38,27,-3.4974937,4.0798864,-11.493924,4.4989371,-16.744427,8.385005,-33.178734,-.31011742
38.099998,27,-3.5989904,4.1777525,-11.787235,4.5892539,-17.318872,8.5530901,-34.082623,-.55512238
38.200001,27,-3.7013235,4.277,-12.084089,4.6814418,-17.898382,8.7239914,-34.997093,-.79967254
38.299999,27,-3.8043928,4.3775163,-12.384167,4.7753811,-18.482355,8.8975296,-35.921192,-1.0435163
38.400002,27,-3.908114,4.4792032,-12.687191,4.8709636,-19.070274,9.0735455,-36.854095,-1.2864523
38.5,27,-4.0123863,4.5819454,-12.992834,4.9680624,-19.661533,9.2518444,-37.794815,-1.5282518
38.599998,27,-4.1171212,4.685638,-13.300802,5.0665607,-20.255594,9.4322491,-38.742462,-1.7687258
38.700001,27,-4.22223,4.7901745,-13.610799,5.1663389,-20.851921,9.6145782,-39.696148,-2.0076926
38.799999,27,-4.3276129,4.8954368,-13.922492,5.2672668,-21.449907,9.7986259,-40.654861,-2.2449534
38.900002,27,-4.4331841,5.0013208,-14.235592,5.3692241,-22.049034,9.9842072,-41.617722,-2.4803467
39,27,-4.5388441,5.107708,-14.549767,5.4720793,-22.648701,10.171112,-42.583714,-2.7136884
39.099998,27,-4.6445203,5.2145047,-14.864761,5.5757213,-23.248463,10.359168,-43.552059,-2.9448669
39.200001,27,-4.7501998,5.3216767,-15.180494,5.6800947,-23.848246,10.548299,-44.52253,-3.1739609
39.299999,27,-4.855875,5.429193,-15.496899,5.7851481,-24.448006,10.738433,-45.494946,-3.401063
39.400002,27,-4.961555,5.5370431,-15.81396,5.8908505,-25.047789,10.929534,-46.46928,-3.6262956
39.5,27,-5.0672302,5.6451988,-16.131617,5.9971561,-25.647547,11.121536,-47.445358,-3.8497367
39.599998,27,-5.1729059,5.7536473,-16.449848,6.1040359,-26.247309,11.314403,-48.42313,-4.0714874
39.700001,27,-5.2785854,5.8623762,-16.768633,6.2114611,-26.847092,11.508095,-49.402542,-4.2916403
39.799999,27,-5.3842611,5.9713621,-17.087915,6.3193936,-27.44685,11.702559,-50.383446,-4.5102568
39.900002,27,-5.4899406,6.0805993,-17.407696,6.427815,-28.046635,11.897771,-51.365837,-4.7274313
40,27,-5.5956163,6.1900663,-17.727922,6.5366907,-28.646393,12.09368,-52.349571,-4.9432149
40.099998,27,-5.701292,6.2997556,-18.048586,6.6460018,-29.246155,12.290261,-53.334621,-5.1576843
40.200001,27,-5.8069711,6.4096589,-18.369671,6.7557292,-29.845936,12.487489,-54.320961,-5.3709078
40.299999,27,-5.9126468,6.5197582,-18.691139,6.8658447,-30.445696,12.685318,-55.308464,-5.5829291
40.400002,27,-6.0183263,6.6300516,-19.012989,6.976336,-31.045477,12.883737,-56.297138,-5.7938175
40.5,27,-6.124002,6.7405214,-19.335182,7.0871773,-31.645239,13.082704,-57.286865,-6.0036116
40.599998,27,-6.2296777,6.8511634,-19.657711,7.1983557,-32.244999,13.2822,-58.277634,-6.2123666
40.700001,27,-6.3353572,6.9619722,-19.980572,7.3098583,-32.84478,13.48221,-59.269428,-6.420135
40.799999,27,-6.4410319,7.0729332,-20.303726,7.4216619,-33.444538,13.682696,-60.262127,-6.6269455
40.900002,27,-6.5467119,7.1840477,-20.627188,7.5337625,-34.044323,13.883656,-61.255787,-6.832859
41,27,-6.6523881,7.2952995,-20.950912,7.6461368,-34.644085,14.08505,-62.250275,-7.0378938
41.099998,27,-6.7580628,7.4066863,-21.274902,7.7587757,-35.243839,14.286868,-63.245586,-7.2420945
41.200001,27,-6.8637428,7.518208,-21.599159,7.8716741,-35.843628,14.489102,-64.241745,-7.445508
41.299999,27,-6.969418,7.629848,-21.923645,7.9848099,-36.443382,14.691717,-65.238617,-7.6481462
41.400002,27,-7.075098,7.741612,-22.248379,8.0981827,-37.043167,14.894716,-66.236275,-7.8500609
41.5,27,-7.1807737,7.8534846,-22.57332,8.2117739,-37.642929,15.098066,-67.234596,-8.0512629
41.599998,27,-7.286449,7.9654655,-22.898474,8.3255768,-38.242687,15.30176,-68.233582,-8.2517872
41.700001,27,-7.3921289,8.0775557,-23.223846,8.4395895,-38.842472,15.505795,-69.233269,-8.4516726
41.799999,27,-7.4978037,8.1897402,-23.5494,8.553792,-39.44223,15.710138,-70.233536,-8.6509237
41.900002,27,-7.6034837,8.3020258,-23.875156,8.6681881,-40.042015,15.914797,-71.234444,-8.8495855
42,27,-7.7091599,8.4143991,-24.201078,8.7827597,-40.641777,16.119741,-72.235893,-9.0476618
42.099998,27,-7.8148346,8.5268593,-24.527172,8.8975029,-41.241531,16.32497,-73.237885,-9.2451801
42.200001,27,-7.9205146,8.639411,-24.853449,9.0124187,-41.841316,16.530479,-74.240463,-9.442174
42.299999,27,-8.0261898,8.752038,-25.179869,9.1274891,-42.441074,16.736242,-75.243507,-9.6386433
42.400002,27,-8.1318693,8.864749,-25.506458,9.2427187,-43.040859,16.942268,-76.247093,-9.8346262
42.5,27,-8.237546,8.9775305,-25.833181,9.3580914,-43.640621,17.148529,-77.251122,-10.030122
42.599998,27,-8.3432207,9.0903845,-26.160048,9.4736052,-44.240379,17.355024,-78.2556,-10.225155
42.700001,27,-8.4489002,9.2033138,-26.487064,9.589263,-44.840164,17.561756,-79.260574,-10.419753
42.799999,27,-8.5545759,9.3163052,-26.814198,9.7050467,-45.439919,17.768698,-80.26593,-10.613912
42.900002,27,-8.6602554,9.4293671,-27.141476,9.8209639,-46.039707,17.975861,-81.271744,-10.807665
43,27,-8.7659311,9.5424871,-27.468863,9.9369993,-46.639465,18.18322,-82.277924,-11.001011
43.099998,27,-8.8716068,9.6556664,-27.796366,10.053153,-47.239223,18.390776,-83.284477,-11.193967
43.200001,27,-8.9772863,9.7689104,-28.123999,10.169426,-47.839008,18.59853,-84.291458,-11.386559
43.299999,27,-9.0829611,9.882205,-28.451727,10.285805,-48.438766,18.806461,-85.298752,-11.57878
43.400002,27,-9.1886415,9.9955597,-28.779579,10.402295,-49.038551,19.01458,-86.306442,-11.770661
43.5,27,-9.2943172,10.108962,-29.107519,10.518885,-49.638313,19.222862,-87.31443,-11.962195
43.599998,27,-9.399992,10.222415,-29.435558,10.635573,-50.238068,19.431311,-88.322739,-12.1534
43.700001,27,-9.5056725,10.335922,-29.763708,10.752364,-50.837856,19.639931,-89.331413,-12.344298
43.799999,27,-9.6113472,10.449472,-30.091936,10.869243,-51.437611,19.848698,-90.34034,-12.53488
43.900002,27,-9.7170277,10.563074,-30.420271,10.986217,-52.037395,20.057625,-91.349617,-12.725173
44,27,-9.8227034,10.676715,-30.74868,11.103273,-52.637157,20.266693,-92.359146,-12.915171
44.099998,27,-9.9283781,10.790399,-31.077171,11.220414,-53.236916,20.475901,-93.368942,-13.104886
44.200001,27,-10.034059,10.90413,-31.40576,11.337644,-53.8367,20.685257,-94.379059,-13.294341
44.299999,27,-10.139733,11.017896,-31.734413,11.454946,-54.436459,20.894737,-95.389389,-13.483523
44.400002,27,-10.245414,11.131707,-32.063156,11.572331,-55.036243,21.104359,-96.400024,-13.67246
44.5,27,-10.351089,11.245551,-32.391964,11.689786,-55.636005,21.314096,-97.410866,-13.861141
44.599998,27,-10.456764,11.359432,-32.72084,11.807313,-56.23576,21.523956,-98.421936,-14.049581
44.700001,27,-10.562444,11.473354,-33.049805,11.924916,-56.835545,21.733946,-99.433296,-14.237797
44.799999,27,-10.668119,11.587305,-33.378819,12.042582,-57.435303,21.944038,-100.44483,-14.425776
44.900002,27,-10.773799,11.701296,-33.707916,12.160319,-58.035088,22.154255,-101.45663,-14.613545
45,27,-10.879475,11.815314,-34.037067,12.278116,-58.63485,22.364573,-102.46861,-14.801092
45.099998,27,-10.98515,11.929364,-34.366276,12.395975,-59.234608,22.574995,-103.48078,-14.98843
45.200001,27,-11.09083,12.043451,-34.69556,12.513901,-59.834393,22.78553,-104.49321,-15.175575
45.299999,27,-11.196505,12.157562,-35.024887,12.631879,-60.434147,22.996155,-105.50578,-15.362514
45.400002,27,-11.302185,12.271708,-35.35429,12.749921,-61.033936,23.206888,-106.5186,-15.549271
45.5,27,-11.407861,12.385878,-35.683735,12.868013,-61.633694,23.417707,-107.53156,-15.735834
45.599998,27,-11.513535,12.500074,-36.013229,12.986159,-62.233452,23.628616,-108.54469,-15.922214
45.700001,27,-11.619216,12.614303,-36.342796,13.104363,-62.833237,23.839626,-109.55804,-16.108427
45.799999,27,-11.724891,12.728553,-36.672394,13.222613,-63.432995,24.050714,-110.57153,-16.29446
45.900002,27,-11.830571,12.842834,-37.00206,13.340919,-64.032776,24.261898,-111.58523,-16.480333
46,27,-11.936247,12.957134,-37.331764,13.459269,-64.632538,24.473156,-112.59904,-16.666039
46.099998,27,-12.041923,13.071459,-37.66151,13.577666,-65.2323,24.684494,-113.61302,-16.851583
46.200001,27,-12.147601,13.18581,-37.991314,13.696113,-65.832077,24.895918,-114.62718,-17.036978
46.299999,27,-12.253277,13.300182,-38.321156,13.814601,-66.431839,25.107412,-115.64146,-17.222218
46.400002,27,-12.358957,13.41458,-38.651051,13.933138,-67.031624,25.318989,-116.65593,-17.407318
46.5,27,-12.464633,13.528996,-38.980976,14.051712,-67.631386,25.530632,-117.67051,-17.592268
46.599998,27,-12.570309,13.643433,-39.310947,14.170329,-68.231148,25.742346,-118.68522,-17.777077
46.700001,27,-12.675987,13.757894,-39.640965,14.288989,-68.830925,25.954134,-119.7001,-17.961754
46.799999,27,-12.781663,13.872372,-39.971012,14.407685,-69.430687,26.165987,-120.71507,-18.146296
46.900002,27,-12.887342,13.986874,-40.301113,14.526425,-70.030472,26.377913,-121.73023,-18.330713
47,27,-12.993018,14.10139,-40.631237,14.645199,-70.630234,26.589895,-122.74547,-18.514996
