temp,ref,yhat_low,se_low,lowerci_low,upperci_low,yhat_hr_ag,se_hr_ag,lowerci_hr_ag,upperci_hr_ag,yhat_hr_noag,se_hr_noag,lowerci_hr_noag,upperci_hr_noag
-20,27,-83.179176,93.12899,-265.70865,99.350288,-455.46426,142.54237,-734.84216,-176.08633,-245.42848,139.19493,-518.24554,27.388569
-19.9,27,-83.002197,92.93084,-265.14331,99.138901,-454.49518,142.23909,-733.27869,-175.71169,-244.9063,138.89877,-517.14288,27.330296
-19.8,27,-82.825226,92.732697,-264.57797,98.927521,-453.52609,141.93581,-731.71515,-175.33704,-244.38411,138.60262,-516.04022,27.27202
-19.7,27,-82.648247,92.534554,-264.01263,98.716141,-452.55704,141.63252,-730.15167,-174.96239,-243.86192,138.30646,-514.93762,27.213749
-19.6,27,-82.471268,92.336403,-263.4473,98.504753,-451.58795,141.32924,-728.5882,-174.58774,-243.33974,138.0103,-513.83496,27.155474
-19.5,27,-82.294296,92.138252,-262.88196,98.293373,-450.6189,141.02596,-727.02472,-174.21309,-242.81754,137.71413,-512.7323,27.0972
-19.4,27,-82.117317,91.940109,-262.31662,98.081985,-449.64981,140.72267,-725.46118,-173.83842,-242.29535,137.41797,-511.62964,27.038927
-19.3,27,-81.940338,91.741959,-261.75128,97.870598,-448.68073,140.4194,-723.89771,-173.46378,-241.77316,137.12181,-510.52698,26.980654
-19.2,27,-81.763367,91.543816,-261.18594,97.659218,-447.71167,140.11612,-722.33423,-173.08913,-241.25098,136.82565,-509.42435,26.92238
-19.1,27,-81.586388,91.345673,-260.62061,97.447838,-446.74258,139.81284,-720.77075,-172.71448,-240.72879,136.5295,-508.32169,26.864107
-19,27,-81.409409,91.147522,-260.05527,97.23645,-445.77353,139.50955,-719.20721,-172.33983,-240.2066,136.23334,-507.21902,26.805834
-18.9,27,-81.23243,90.949371,-259.48993,97.02507,-444.80444,139.20627,-717.64374,-171.96516,-239.68442,135.93718,-506.11639,26.747559
-18.8,27,-81.05545,90.751228,-258.92459,96.813683,-443.83536,138.90298,-716.0802,-171.59052,-239.16222,135.64102,-505.01373,26.689285
-18.7,27,-80.878479,90.553085,-258.35925,96.602303,-442.8663,138.59972,-714.51672,-171.21587,-238.64005,135.34486,-503.9111,26.631012
-18.6,27,-80.7015,90.354935,-257.79391,96.390915,-441.89725,138.29643,-712.95325,-170.84122,-238.11784,135.04871,-502.80844,26.572739
-18.5,27,-80.524521,90.156784,-257.22858,96.179535,-440.92816,137.99315,-711.38977,-170.46657,-237.59566,134.75253,-501.70578,26.514465
-18.4,27,-80.347542,89.958641,-256.66324,95.968147,-439.95908,137.68987,-709.82623,-170.0919,-237.07347,134.45638,-500.60312,26.456192
-18.3,27,-80.17057,89.76049,-256.0979,95.756767,-438.98999,137.38658,-708.26276,-169.71725,-236.55128,134.16022,-499.50049,26.397917
-18.2,27,-79.993591,89.562347,-255.53258,95.545387,-438.02094,137.0833,-706.69928,-169.34261,-236.0291,133.86406,-498.39783,26.339645
-18.1,27,-79.816612,89.364204,-254.96724,95.334,-437.05188,136.78001,-705.1358,-168.96796,-235.50691,133.5679,-497.2952,26.281372
-18,27,-79.639641,89.166054,-254.40189,95.122612,-436.08279,136.47673,-703.57227,-168.59331,-234.98471,133.27174,-496.19254,26.223097
-17.9,27,-79.462662,88.967903,-253.83655,94.911232,-435.11371,136.17345,-702.00879,-168.21866,-234.46252,132.97559,-495.08987,26.164824
-17.8,27,-79.285683,88.76976,-253.27121,94.699844,-434.14465,135.87018,-700.44531,-167.84399,-233.94034,132.67943,-493.98721,26.10655
-17.7,27,-79.108711,88.571617,-252.70589,94.488464,-433.17557,135.56689,-698.88184,-167.46935,-233.41815,132.38327,-492.88458,26.048277
-17.6,27,-78.931732,88.373466,-252.14055,94.277084,-432.20651,135.26361,-697.3183,-167.0947,-232.89597,132.08711,-491.78195,25.990004
-17.5,27,-78.754753,88.175323,-251.57521,94.065697,-431.23743,134.96033,-695.75482,-166.72005,-232.37378,131.79094,-490.67929,25.93173
-17.4,27,-78.577774,87.977173,-251.00987,93.854317,-430.26834,134.65704,-694.19128,-166.3454,-231.85159,131.49478,-489.57663,25.873455
-17.3,27,-78.400795,87.779022,-250.44452,93.642929,-429.29929,134.35376,-692.62781,-165.97073,-231.32939,131.19862,-488.47397,25.815182
-17.2,27,-78.223824,87.580879,-249.8792,93.431549,-428.33023,134.05049,-691.06433,-165.5961,-230.80722,130.90247,-487.37134,25.75691
-17.1,27,-78.046844,87.382736,-249.31386,93.220161,-427.36115,133.74721,-689.50085,-165.22144,-230.28502,130.60631,-486.26868,25.698635
-17,27,-77.869865,87.184586,-248.74852,93.008781,-426.39206,133.44392,-687.93732,-164.84679,-229.76283,130.31015,-485.16605,25.640362
-16.9,27,-77.692894,86.986435,-248.18318,92.797394,-425.42297,133.14064,-686.37384,-164.47214,-229.24065,130.01399,-484.06339,25.582088
-16.8,27,-77.515915,86.788292,-247.61784,92.586014,-424.45392,132.83736,-684.81036,-164.09747,-228.71846,129.71783,-482.96072,25.523815
-16.7,27,-77.338936,86.590149,-247.05251,92.374634,-423.48486,132.53407,-683.24689,-163.72284,-228.19627,129.42168,-481.85809,25.465542
-16.6,27,-77.161964,86.391998,-246.48717,92.163246,-422.51578,132.23079,-681.68335,-163.34818,-227.67409,129.12552,-480.75543,25.407269
-16.5,27,-76.984985,86.193855,-245.92183,91.951859,-421.54669,131.92751,-680.11987,-162.97353,-227.1519,128.82935,-479.65277,25.348993
-16.4,27,-76.808006,85.995705,-245.35649,91.740479,-420.57764,131.62424,-678.5564,-162.59888,-226.6297,128.53319,-478.55014,25.29072
-16.3,27,-76.631027,85.797554,-244.79115,91.529091,-419.60855,131.32095,-676.99286,-162.22423,-226.10751,128.23703,-477.44748,25.232447
-16.2,27,-76.454056,85.599411,-244.22581,91.317711,-418.6395,131.01767,-675.42938,-161.84958,-225.58533,127.94087,-476.34485,25.174173
-16.1,27,-76.277077,85.401268,-243.66048,91.106331,-417.67041,130.71439,-673.86591,-161.47491,-225.06314,127.64471,-475.24219,25.1159
-16,27,-76.100098,85.203117,-243.09514,90.894943,-416.70132,130.4111,-672.30243,-161.10027,-224.54095,127.34856,-474.13953,25.057627
-15.9,27,-75.923119,85.004967,-242.5298,90.683563,-415.73227,130.10782,-670.73889,-160.72562,-224.01877,127.05239,-473.03687,24.999353
-15.8,27,-75.746147,84.806824,-241.96446,90.472176,-414.76318,129.80453,-669.17542,-160.35097,-223.49658,126.75623,-471.93423,24.94108
-15.7,27,-75.569168,84.608681,-241.39912,90.260796,-413.79413,129.50125,-667.61194,-159.97632,-222.97438,126.46008,-470.83157,24.882805
-15.6,27,-75.392189,84.41053,-240.83379,90.049408,-412.82504,129.19798,-666.04846,-159.60167,-222.45219,126.16392,-469.72894,24.824532
-15.5,27,-75.215218,84.212387,-240.26845,89.838028,-411.85596,128.8947,-664.48492,-159.22701,-221.93001,125.86776,-468.62628,24.766258
-15.4,27,-75.038239,84.014236,-239.70311,89.62664,-410.8869,128.59142,-662.92145,-158.85236,-221.40782,125.57159,-467.52362,24.707985
-15.3,27,-74.861259,83.816093,-239.13779,89.41526,-409.91782,128.28813,-661.35797,-158.47771,-220.88564,125.27544,-466.42099,24.649712
-15.2,27,-74.68428,83.617943,-238.57243,89.203873,-408.94876,127.98485,-659.79443,-158.10306,-220.36345,124.97928,-465.31833,24.591438
-15.1,27,-74.507309,83.4198,-238.00711,88.992493,-407.97968,127.68157,-658.23096,-157.72841,-219.84126,124.68312,-464.2157,24.533165
-15,27,-74.33033,83.221649,-237.44177,88.781105,-407.01062,127.37829,-656.66748,-157.35374,-219.31908,124.38696,-463.11304,24.474892
-14.9,27,-74.153351,83.023506,-236.87642,88.569725,-406.04153,127.075,-655.10394,-156.9791,-218.79688,124.0908,-462.01038,24.416616
-14.8,27,-73.976372,82.825356,-236.3111,88.358345,-405.07245,126.77173,-653.54047,-156.60445,-218.27469,123.79464,-460.90775,24.358343
-14.7,27,-73.7994,82.627213,-235.74576,88.146957,-404.10339,126.46844,-651.97699,-156.2298,-217.7525,123.49848,-459.80508,24.30007
-14.6,27,-73.622421,82.429062,-235.18042,87.935577,-403.13431,126.16516,-650.41351,-155.85515,-217.23032,123.20232,-458.70242,24.241796
-14.5,27,-73.445442,82.230919,-234.61508,87.72419,-402.16525,125.86188,-648.84998,-155.4805,-216.70813,122.90617,-457.59979,24.183523
-14.4,27,-73.268463,82.032768,-234.04974,87.512802,-401.19617,125.55859,-647.2865,-155.10583,-216.18594,122.61,-456.49713,24.12525
-14.3,27,-73.091492,81.834625,-233.48441,87.301422,-400.22711,125.25532,-645.72302,-154.73119,-215.66376,122.31384,-455.39447,24.066977
-14.2,27,-72.914513,81.636475,-232.91907,87.090042,-399.25803,124.95203,-644.15948,-154.35654,-215.14156,122.01768,-454.29184,24.008703
-14.1,27,-72.737534,81.438332,-232.35373,86.878654,-398.28894,124.64876,-642.59601,-153.98189,-214.61938,121.72153,-453.18918,23.95043
-14,27,-72.560562,81.240181,-231.78839,86.667274,-397.31989,124.34547,-641.03253,-153.60724,-214.09718,121.42536,-452.08652,23.892155
-13.9,27,-72.383583,81.042038,-231.22305,86.455887,-396.3508,124.04219,-639.46899,-153.23257,-213.575,121.1292,-450.98389,23.833881
-13.8,27,-72.206604,80.843887,-230.65771,86.244507,-395.38174,123.73891,-637.90552,-152.85793,-213.05281,120.83305,-449.88123,23.775608
-13.7,27,-72.029625,80.645744,-230.09238,86.033119,-394.41266,123.43562,-636.34204,-152.48328,-212.53062,120.53689,-448.77856,23.717335
-13.6,27,-71.852654,80.447594,-229.52704,85.821739,-393.4436,123.13235,-634.77856,-152.10863,-212.00844,120.24073,-447.67593,23.659061
-13.5,27,-71.675674,80.249451,-228.9617,85.610352,-392.47452,122.82906,-633.21503,-151.73398,-211.48625,119.94456,-446.57327,23.600788
-13.4,27,-71.498695,80.0513,-228.39636,85.398972,-391.50543,122.52578,-631.65155,-151.35931,-210.96405,119.64841,-445.47061,23.542515
-13.3,27,-71.321724,79.853157,-227.83102,85.187584,-390.53638,122.2225,-630.08807,-150.98466,-210.44186,119.35225,-444.36798,23.484241
-13.2,27,-71.144745,79.655006,-227.26569,84.976204,-389.56729,121.91922,-628.5246,-150.61002,-209.91968,119.05609,-443.26532,23.425966
-13.1,27,-70.967766,79.456863,-226.70035,84.764824,-388.59824,121.61594,-626.96106,-150.23537,-209.39749,118.75993,-442.16269,23.367693
-13,27,-70.790787,79.258713,-226.13501,84.553436,-387.62915,121.31265,-625.39758,-149.86072,-208.87531,118.46377,-441.06003,23.30942
-12.9,27,-70.613815,79.06057,-225.56967,84.342049,-386.66006,121.00937,-623.83411,-149.48607,-208.35312,118.16761,-439.95737,23.251146
-12.8,27,-70.436836,78.862419,-225.00435,84.130669,-385.69101,120.70609,-622.27063,-149.11142,-207.83093,117.87145,-438.85474,23.192873
-12.7,27,-70.259857,78.664276,-224.439,83.919289,-384.72192,120.40281,-620.70709,-148.73676,-207.30875,117.57529,-437.75208,23.1346
-12.6,27,-70.082886,78.466125,-223.87367,83.707901,-383.75287,120.09953,-619.14362,-148.36211,-206.78656,117.27914,-436.64944,23.076326
-12.5,27,-69.905907,78.267982,-223.30833,83.496521,-382.78378,119.79625,-617.58014,-147.98746,-206.26436,116.98297,-435.54678,23.018053
-12.4,27,-69.728928,78.069832,-222.74298,83.285133,-381.8147,119.49297,-616.0166,-147.61281,-205.74217,116.68681,-434.44412,22.959778
-12.3,27,-69.551949,77.871689,-222.17766,83.073753,-380.84564,119.18968,-614.45313,-147.23816,-205.21999,116.39066,-433.34149,22.901505
-12.2,27,-69.374977,77.673538,-221.61232,82.862366,-379.87656,118.8864,-612.88965,-146.86349,-204.6978,116.0945,-432.23883,22.843231
-12.1,27,-69.197998,77.475395,-221.04698,82.650986,-378.9075,118.58312,-611.32617,-146.48885,-204.17561,115.79834,-431.13617,22.784958
-12,27,-69.021019,77.277245,-220.48164,82.439598,-377.93842,118.27984,-609.76263,-146.1142,-203.65343,115.50217,-430.03354,22.726685
-11.9,27,-68.84404,77.079102,-219.91631,82.228218,-376.96933,117.97655,-608.19916,-145.73955,-203.13123,115.20602,-428.93088,22.668411
-11.8,27,-68.667068,76.880951,-219.35097,82.01683,-376.00027,117.67328,-606.63568,-145.3649,-202.60904,114.90986,-427.82822,22.610138
-11.7,27,-68.490089,76.682808,-218.78563,81.80545,-375.03119,117.37,-605.07214,-144.99023,-202.08685,114.6137,-426.72559,22.551865
-11.6,27,-68.31311,76.484657,-218.22029,81.59407,-374.06213,117.06671,-603.50867,-144.61559,-201.56467,114.31754,-425.62292,22.493591
-11.5,27,-68.136131,76.286514,-217.65495,81.382683,-373.09305,116.76343,-601.94519,-144.24094,-201.04248,114.02138,-424.52026,22.435316
-11.4,27,-67.95916,76.088364,-217.08961,81.171295,-372.12399,116.46014,-600.38165,-143.86629,-200.52029,113.72522,-423.41763,22.377043
-11.3,27,-67.782181,75.890221,-216.52428,80.959915,-371.15491,116.15687,-598.81818,-143.49164,-199.99811,113.42906,-422.31497,22.318769
-11.2,27,-67.605202,75.69207,-215.95894,80.748528,-370.18582,115.85358,-597.2547,-143.11699,-199.47592,113.1329,-421.21234,22.260496
-11.1,27,-67.42823,75.493927,-215.3936,80.537148,-369.21677,115.55031,-595.69122,-142.74234,-198.95374,112.83675,-420.10968,22.202223
-11,27,-67.251251,75.295776,-214.82826,80.325768,-368.24768,115.24702,-594.12769,-142.36768,-198.43153,112.54058,-419.00702,22.14395
-10.9,27,-67.074272,75.097633,-214.26292,80.11438,-367.27863,114.94374,-592.56421,-141.99303,-197.90935,112.24442,-417.90439,22.085674
-10.8,27,-66.897293,74.899483,-213.69759,79.903,-366.30954,114.64046,-591.00073,-141.61838,-197.38716,111.94827,-416.80173,22.027403
-10.7,27,-66.720322,74.70134,-213.13225,79.691612,-365.34048,114.33717,-589.43719,-141.24373,-196.86497,111.65211,-415.69907,21.969128
-10.6,27,-66.543343,74.503189,-212.56691,79.480232,-364.3714,114.0339,-587.87372,-140.86908,-196.34279,111.35595,-414.59644,21.910854
-10.5,27,-66.366364,74.305046,-212.00157,79.268845,-363.40231,113.73061,-586.31024,-140.49442,-195.8206,111.05978,-413.49377,21.852581
-10.4,27,-66.189384,74.106895,-211.43623,79.057465,-362.43326,113.42733,-584.74677,-140.11977,-195.2984,110.76363,-412.39111,21.794308
-10.3,27,-66.012413,73.908752,-210.8709,78.846077,-361.46417,113.12405,-583.18323,-139.74512,-194.77623,110.46747,-411.28848,21.736034
-10.2,27,-65.835434,73.710602,-210.30556,78.634697,-360.49512,112.82077,-581.61975,-139.37047,-194.25403,110.1713,-410.18582,21.677761
-10.1,27,-65.658455,73.512459,-209.74023,78.423309,-359.52603,112.51749,-580.05627,-138.99582,-193.73184,109.87515,-409.08319,21.619488
-10,27,-65.481483,73.314308,-209.1749,78.211929,-358.55698,112.2142,-578.49274,-138.62115,-193.20966,109.57899,-407.98053,21.561213
-9.9,27,-65.304504,73.116165,-208.60954,78.000542,-357.58789,111.91093,-576.92926,-138.24651,-192.68747,109.28283,-406.87787,21.502939
-9.800000000000001,27,-65.127525,72.918015,-208.04422,77.789162,-356.6188,111.60764,-575.36578,-137.87186,-192.16528,108.98667,-405.77524,21.444666
-9.699999999999999,27,-64.950546,72.719872,-207.47888,77.577774,-355.64975,111.30436,-573.80231,-137.49721,-191.6431,108.69051,-404.67258,21.386393
-9.6,27,-64.773575,72.521721,-206.91354,77.366394,-354.68066,111.00108,-572.23877,-137.12256,-191.12091,108.39435,-403.56995,21.328119
-9.5,27,-64.596596,72.323578,-206.34821,77.155014,-353.71161,110.6978,-570.67529,-136.74791,-190.59871,108.09819,-402.46729,21.269846
-9.4,27,-64.419617,72.125427,-205.78287,76.943626,-352.74252,110.39452,-569.11182,-136.37325,-190.07652,107.80203,-401.36462,21.211573
-9.300000000000001,27,-64.242645,71.927284,-205.21753,76.732246,-351.77347,110.09123,-567.54834,-135.9986,-189.55434,107.50587,-400.26199,21.153299
-9.199999999999999,27,-64.065666,71.729134,-204.65219,76.520859,-350.80438,109.78795,-565.9848,-135.62395,-189.03215,107.20971,-399.15933,21.095024
-9.1,27,-63.888687,71.530991,-204.08685,76.309479,-349.8353,109.48467,-564.42133,-135.2493,-188.50996,106.91355,-398.05667,21.036751
-9,27,-63.711712,71.33284,-203.52151,76.098091,-348.86624,109.18139,-562.85785,-134.87465,-187.98778,106.61739,-396.95404,20.978477
-8.9,27,-63.534733,71.134697,-202.95618,75.886711,-347.89716,108.87811,-561.29431,-134.49998,-187.46559,106.32124,-395.85138,20.920204
-8.800000000000001,27,-63.357758,70.936546,-202.39084,75.675323,-346.9281,108.57483,-559.73083,-134.12534,-186.94341,106.02508,-394.74872,20.861931
-8.699999999999999,27,-63.180779,70.738403,-201.8255,75.463943,-345.95901,108.27155,-558.16736,-133.75069,-186.4212,105.72891,-393.64609,20.803658
-8.6,27,-63.003803,70.54026,-201.26016,75.252556,-344.98996,107.96826,-556.60388,-133.37604,-185.89902,105.43275,-392.54343,20.745384
-8.5,27,-62.826824,70.34211,-200.69482,75.041176,-344.02087,107.66498,-555.04034,-133.00139,-185.37683,105.1366,-391.44077,20.687111
-8.4,27,-62.649849,70.143959,-200.12949,74.829788,-343.05179,107.3617,-553.47687,-132.62672,-184.85464,104.84044,-390.33813,20.628836
-8.300000000000001,27,-62.472874,69.945816,-199.56415,74.618408,-342.08273,107.05842,-551.91339,-132.25208,-184.33246,104.54428,-389.23547,20.570562
-8.199999999999999,27,-62.295895,69.747665,-198.99881,74.407021,-341.11365,106.75513,-550.34985,-131.87743,-183.81027,104.24812,-388.13281,20.512289
-8.1,27,-62.118919,69.549522,-198.43347,74.195641,-340.14459,106.45186,-548.78638,-131.50278,-183.28809,103.95196,-387.03018,20.454016
-8,27,-61.94194,69.351372,-197.86813,73.984253,-339.17551,106.14857,-547.2229,-131.12813,-182.76588,103.6558,-385.92752,20.395742
-7.9,27,-61.764965,69.153229,-197.3028,73.772873,-338.20642,105.84529,-545.65942,-130.75348,-182.2437,103.35964,-384.82489,20.337469
-7.8,27,-61.587986,68.955086,-196.73746,73.561493,-337.23737,105.54201,-544.09589,-130.37883,-181.72151,103.06348,-383.72223,20.279196
-7.7,27,-61.411011,68.756935,-196.17212,73.350105,-336.26828,105.23873,-542.53241,-130.00417,-181.19933,102.76732,-382.61957,20.220922
-7.6,27,-61.234032,68.558784,-195.60678,73.138725,-335.29922,104.93545,-540.96893,-129.62952,-180.67714,102.47116,-381.51694,20.162647
-7.5,27,-61.057056,68.360641,-195.04146,72.927338,-334.33014,104.63216,-539.4054,-129.25487,-180.15495,102.175,-380.41428,20.104374
-7.4,27,-60.880077,68.162491,-194.47612,72.715958,-333.36108,104.32888,-537.84192,-128.88022,-179.63277,101.87885,-379.31161,20.046101
-7.3,27,-60.703102,67.964348,-193.91078,72.50457,-332.392,104.0256,-536.27844,-128.50557,-179.11058,101.58269,-378.20898,19.987827
-7.2,27,-60.526123,67.766197,-193.34544,72.29319,-331.42291,103.72232,-534.7149,-128.13091,-178.58838,101.28652,-377.10632,19.929554
-7.1,27,-60.349148,67.568054,-192.78011,72.081802,-330.45386,103.41904,-533.15143,-127.75626,-178.06619,100.99036,-376.00366,19.871281
-7,27,-60.172173,67.369904,-192.21477,71.870422,-329.48477,103.11575,-531.58795,-127.38161,-177.54401,100.69421,-374.90103,19.813007
-6.9,27,-59.995193,67.171761,-191.64943,71.659035,-328.51572,102.81248,-530.02448,-127.00696,-177.02182,100.39805,-373.79837,19.754734
-6.8,27,-59.818218,66.973618,-191.08409,71.447655,-327.54663,102.50919,-528.46094,-126.6323,-176.49963,100.10189,-372.69574,19.696461
-6.7,27,-59.641239,66.775467,-190.51875,71.236267,-326.57755,102.20591,-526.89746,-126.25765,-175.97745,99.805725,-371.59308,19.638186
-6.6,27,-59.464264,66.577316,-189.95341,71.024887,-325.60849,101.90263,-525.33398,-125.883,-175.45526,99.509567,-370.49042,19.579912
-6.5,27,-59.287285,66.379173,-189.38808,70.813499,-324.6394,101.59935,-523.77051,-125.50835,-174.93307,99.213409,-369.38779,19.521639
-6.4,27,-59.11031,66.18103,-188.82274,70.602119,-323.67035,101.29607,-522.20697,-125.1337,-174.41087,98.917252,-368.28513,19.463366
-6.3,27,-58.933334,65.98288,-188.2574,70.390739,-322.70126,100.99278,-520.64349,-124.75905,-173.88869,98.621094,-367.18246,19.405092
-6.2,27,-58.756355,65.784729,-187.69206,70.179352,-321.73218,100.68951,-519.08002,-124.38439,-173.3665,98.324928,-366.07983,19.346819
-6.1,27,-58.57938,65.586586,-187.12672,69.967972,-320.76312,100.38622,-517.51648,-124.00974,-172.84431,98.02877,-364.97717,19.288546
-6,27,-58.402401,65.388443,-186.56139,69.756584,-319.79404,100.08294,-515.953,-123.63509,-172.32213,97.732613,-363.87451,19.230272
-5.9,27,-58.225426,65.190292,-185.99605,69.545204,-318.82498,99.779655,-514.38953,-123.26044,-171.79994,97.436455,-362.77188,19.171997
-5.8,27,-58.048447,64.992149,-185.43071,69.333817,-317.8559,99.476379,-512.82605,-122.88579,-171.27776,97.140289,-361.66922,19.113724
-5.7,27,-57.871471,64.793999,-184.86537,69.122437,-316.88684,99.173096,-511.26251,-122.51113,-170.75555,96.844131,-360.56656,19.05545
-5.6,27,-57.694492,64.595856,-184.30003,68.911049,-315.91776,98.869812,-509.69904,-122.13648,-170.23337,96.547974,-359.46393,18.997177
-5.5,27,-57.517517,64.397705,-183.7347,68.699669,-314.94867,98.566536,-508.13553,-121.76183,-169.71118,96.251816,-358.36127,18.938904
-5.4,27,-57.340538,64.199562,-183.16936,68.488281,-313.97961,98.263252,-506.57205,-121.38718,-169.189,95.955658,-357.25864,18.88063
-5.3,27,-57.163563,64.001411,-182.60402,68.276901,-313.01053,97.959969,-505.00854,-121.01253,-168.66681,95.659492,-356.15598,18.822357
-5.2,27,-56.986584,63.803265,-182.03868,68.065514,-312.04147,97.656685,-503.44504,-120.63788,-168.14462,95.363335,-355.05331,18.764084
-5.1,27,-56.809608,63.605118,-181.47334,67.854134,-311.07239,97.353409,-501.88156,-120.26322,-167.62244,95.067177,-353.95068,18.705809
-5,27,-56.632633,63.406971,-180.908,67.642746,-310.10333,97.050125,-500.31805,-119.88857,-167.10025,94.771019,-352.84802,18.647535
-4.9,27,-56.455654,63.208824,-180.34268,67.431366,-309.13425,96.746841,-498.75458,-119.51392,-166.57805,94.474861,-351.74536,18.589262
-4.8,27,-56.278679,63.010677,-179.77734,67.219986,-308.16516,96.443558,-497.19107,-119.13927,-166.05586,94.178696,-350.64273,18.530989
-4.7,27,-56.1017,62.812531,-179.21201,67.008598,-307.19611,96.140282,-495.62759,-118.76462,-165.53368,93.882538,-349.54007,18.472715
-4.6,27,-55.924725,62.614384,-178.64667,66.797211,-306.22702,95.836998,-494.06409,-118.38996,-165.01149,93.58638,-348.43741,18.414442
-4.5,27,-55.747746,62.416237,-178.08133,66.585831,-305.25797,95.533714,-492.50061,-118.01531,-164.4893,93.290222,-347.33478,18.356169
-4.4,27,-55.57077,62.21809,-177.51599,66.374451,-304.28888,95.230438,-490.9371,-117.64066,-163.96712,92.994064,-346.23212,18.297895
-4.3,27,-55.393795,62.019943,-176.95065,66.163063,-303.31982,94.927155,-489.37363,-117.26601,-163.44493,92.697899,-345.12949,18.239622
-4.2,27,-55.216816,61.821796,-176.38531,65.951683,-302.35074,94.623871,-487.81012,-116.89136,-162.92273,92.401741,-344.02682,18.181347
-4.1,27,-55.039837,61.62365,-175.81998,65.740295,-301.38165,94.320587,-486.24661,-116.51671,-162.40054,92.105583,-342.92416,18.123074
-4,27,-54.862862,61.425503,-175.25464,65.528915,-300.4126,94.017311,-484.68314,-116.14205,-161.87836,91.809425,-341.82153,18.0648
-3.9,27,-54.685886,61.227356,-174.6893,65.317528,-299.44351,93.714027,-483.11963,-115.7674,-161.35617,91.51326,-340.71887,18.006527
-3.8,27,-54.508907,61.029209,-174.12396,65.106148,-298.47446,93.410744,-481.55615,-115.39275,-160.83398,91.217102,-339.61621,17.948254
-3.7,27,-54.331932,60.831062,-173.55862,64.89476,-297.50537,93.10746,-479.99265,-115.0181,-160.3118,90.920944,-338.51358,17.88998
-3.6,27,-54.154953,60.632915,-172.99329,64.68338,-296.53629,92.804184,-478.42914,-114.64345,-159.78961,90.624786,-337.41092,17.831707
-3.5,27,-53.977978,60.434769,-172.42795,64.471992,-295.56723,92.5009,-476.86566,-114.2688,-159.26743,90.328629,-336.30826,17.773432
-3.4,27,-53.800999,60.236622,-171.86261,64.260612,-294.59814,92.197617,-475.30215,-113.89414,-158.74524,90.032463,-335.20563,17.715158
-3.3,27,-53.624023,60.038475,-171.29727,64.049225,-293.62909,91.894333,-473.73868,-113.51949,-158.22304,89.736305,-334.10297,17.656885
-3.2,27,-53.447044,59.840328,-170.73193,63.837845,-292.66,91.591057,-472.17517,-113.14484,-157.70085,89.440147,-333.00034,17.598612
-3.1,27,-53.270069,59.642181,-170.1666,63.626461,-291.69095,91.287773,-470.61169,-112.77019,-157.17867,89.14399,-331.89767,17.540339
-3,27,-53.093094,59.444035,-169.60126,63.415077,-290.72186,90.984489,-469.04819,-112.39554,-156.65648,88.847832,-330.79501,17.482065
-2.9,27,-52.916115,59.245888,-169.03592,63.203693,-289.75278,90.681213,-467.48471,-112.02088,-156.13429,88.551666,-329.69238,17.423792
-2.8,27,-52.73914,59.047741,-168.47058,62.99231,-288.78372,90.37793,-465.9212,-111.64623,-155.61211,88.255508,-328.58972,17.365519
-2.7,27,-52.56216,58.849594,-167.90524,62.780926,-287.81464,90.074646,-464.3577,-111.27158,-155.08992,87.959351,-327.48706,17.307245
-2.6,27,-52.385185,58.651447,-167.3399,62.569542,-286.84558,89.771362,-462.79422,-110.89693,-154.56772,87.663193,-326.38443,17.24897
-2.5,27,-52.208206,58.4533,-166.77457,62.358158,-285.8765,89.468086,-461.23071,-110.52228,-154.04553,87.367035,-325.28177,17.190697
-2.4,27,-52.031231,58.255154,-166.20924,62.146774,-284.90744,89.164803,-459.66724,-110.14763,-153.52335,87.070869,-324.17911,17.132423
-2.3,27,-51.854252,58.057007,-165.64391,61.93539,-283.93835,88.861519,-458.10373,-109.77297,-153.00116,86.774712,-323.07648,17.07415
-2.2,27,-51.677277,57.85886,-165.07857,61.724007,-282.96927,88.558235,-456.54025,-109.39832,-152.47897,86.478554,-321.97382,17.015877
-2.1,27,-51.500298,57.660713,-164.51323,61.512623,-282.00021,88.254959,-454.97675,-109.02367,-151.95679,86.182396,-320.87119,16.957603
-2,27,-51.323322,57.462566,-163.94789,61.301243,-281.03113,87.951675,-453.41324,-108.64902,-151.4346,85.88623,-319.76852,16.89933
-1.9,27,-51.146347,57.26442,-163.38255,61.089859,-280.06207,87.648392,-451.84976,-108.27437,-150.91241,85.590073,-318.66586,16.841057
-1.8,27,-50.969368,57.066273,-162.81721,60.878475,-279.09299,87.345108,-450.28625,-107.89971,-150.39021,85.293915,-317.56323,16.782782
-1.7,27,-50.792393,56.868126,-162.25188,60.667091,-278.1239,87.041832,-448.72278,-107.52506,-149.86803,84.997757,-316.46057,16.724508
-1.6,27,-50.615414,56.669979,-161.68654,60.455708,-277.15485,86.738548,-447.15927,-107.15041,-149.34584,84.701599,-315.35791,16.666235
-1.5,27,-50.438438,56.471832,-161.1212,60.244324,-276.18576,86.435265,-445.59576,-106.77576,-148.82365,84.405434,-314.25528,16.607962
-1.4,27,-50.261459,56.273685,-160.55586,60.03294,-275.21671,86.131989,-444.03229,-106.40111,-148.30147,84.109276,-313.15262,16.549688
-1.3,27,-50.084484,56.075539,-159.99052,59.821556,-274.24762,85.828705,-442.46878,-106.02646,-147.77928,83.813118,-312.04996,16.491415
-1.2,27,-49.907505,55.877396,-159.42519,59.610172,-273.27856,85.525421,-440.9053,-105.6518,-147.2571,83.51696,-310.94733,16.433142
-1.1,27,-49.73053,55.679249,-158.85985,59.398788,-272.30948,85.222137,-439.3418,-105.27715,-146.73491,83.220802,-309.84467,16.374868
-1,27,-49.553555,55.481102,-158.29451,59.187405,-271.34039,84.918861,-437.77832,-104.9025,-146.21271,82.924637,-308.74203,16.316593
-.9,27,-49.376575,55.282955,-157.72917,58.976021,-270.37134,84.615578,-436.21481,-104.52785,-145.69052,82.628479,-307.63937,16.25832
-.8,27,-49.1996,55.084808,-157.16383,58.764637,-269.40225,84.312294,-434.65134,-104.1532,-145.16833,82.332321,-306.53671,16.200047
-.7,27,-49.022621,54.886662,-156.5985,58.553253,-268.4332,84.00901,-433.08783,-103.77854,-144.64615,82.036163,-305.43408,16.141773
-.6,27,-48.845646,54.688515,-156.03316,58.341869,-267.46411,83.705734,-431.52432,-103.40389,-144.12396,81.740005,-304.33142,16.0835
-.5,27,-48.668667,54.490368,-155.46782,58.130486,-266.49503,83.402451,-429.96085,-103.02924,-143.60178,81.44384,-303.22876,16.025227
-.4,27,-48.491692,54.292221,-154.90248,57.919106,-265.52597,83.099167,-428.39734,-102.65459,-143.07959,81.147682,-302.12613,15.966952
-.3,27,-48.314713,54.094074,-154.33714,57.707722,-264.55688,82.795891,-426.83386,-102.27994,-142.55739,80.851524,-301.02347,15.908679
-.2,27,-48.137737,53.895927,-153.7718,57.496338,-263.58783,82.492607,-425.27036,-101.90529,-142.0352,80.555367,-299.92081,15.850406
-.1,27,-47.960758,53.697781,-153.20647,57.284954,-262.61874,82.189323,-423.70688,-101.53063,-141.51302,80.259209,-298.81818,15.792132
0,27,-47.783783,53.499634,-152.64113,57.07357,-261.64969,81.88604,-422.14337,-101.15598,-140.99083,79.963043,-297.71552,15.733858
.1,27,-47.606808,53.301487,-152.07579,56.862186,-260.6806,81.582764,-420.57986,-100.78133,-140.46864,79.666885,-296.61288,15.675585
.2,27,-47.429829,53.10334,-151.51047,56.650803,-259.71152,81.27948,-419.01639,-100.40668,-139.94646,79.370728,-295.51022,15.617311
.3,27,-47.252853,52.905193,-150.94513,56.439419,-258.74246,80.976196,-417.45288,-100.03203,-139.42427,79.07457,-294.40756,15.559038
.4,27,-47.075874,52.707047,-150.37979,56.228035,-257.77338,80.672913,-415.8894,-99.657379,-138.90208,78.778404,-293.30493,15.500764
.5,27,-46.898899,52.5089,-149.81445,56.016651,-256.80432,80.369637,-414.3259,-99.282722,-138.37988,78.482246,-292.20227,15.442491
.6,27,-46.72192,52.310753,-149.24911,55.805267,-255.83524,80.066353,-412.76242,-98.908073,-137.8577,78.186089,-291.09961,15.384217
.7,27,-46.544945,52.112606,-148.68378,55.593884,-254.86617,79.763069,-411.19891,-98.533417,-137.33551,77.889931,-289.99698,15.325944
.8,27,-46.367966,51.914459,-148.11844,55.3825,-253.89709,79.459785,-409.63541,-98.158768,-136.81332,77.593773,-288.89432,15.26767
.9,27,-46.19099,51.716312,-147.5531,55.171116,-252.92802,79.156509,-408.07193,-97.784119,-136.29114,77.297607,-287.79166,15.209396
1,27,-46.014011,51.518166,-146.98776,54.959732,-251.95895,78.853226,-406.50842,-97.409462,-135.76895,77.00145,-286.68903,15.151123
1.1,27,-45.837036,51.320019,-146.42242,54.748348,-250.98987,78.549942,-404.94495,-97.034813,-135.24677,76.705292,-285.58636,15.09285
1.2,27,-45.660061,51.121872,-145.85709,54.536964,-250.0208,78.246666,-403.38144,-96.660164,-134.72458,76.409134,-284.4837,15.034575
1.3,27,-45.483082,50.923725,-145.29175,54.325584,-249.05173,77.943382,-401.81796,-96.285507,-134.20238,76.112976,-283.38107,14.976302
1.4,27,-45.306107,50.725578,-144.72641,54.114201,-248.08266,77.640099,-400.25446,-95.910858,-133.68019,75.816811,-282.27841,14.918029
1.5,27,-45.129128,50.527431,-144.16107,53.902817,-247.11359,77.336815,-398.69095,-95.536209,-133.158,75.520653,-281.17578,14.859756
1.6,27,-44.952152,50.329285,-143.59573,53.691433,-246.14452,77.033539,-397.12747,-95.161552,-132.63582,75.224495,-280.07312,14.801481
1.7,27,-44.775173,50.131138,-143.0304,53.480049,-245.17543,76.730255,-395.56396,-94.786903,-132.11363,74.928337,-278.97046,14.743208
1.8,27,-44.598198,49.932991,-142.46506,53.268665,-244.20636,76.426971,-394.00049,-94.412254,-131.59145,74.632179,-277.86783,14.684935
1.9,27,-44.421219,49.734844,-141.89972,53.057281,-243.23729,76.123688,-392.43698,-94.037598,-131.06926,74.336014,-276.76517,14.626661
2,27,-44.244244,49.536697,-141.33438,52.845898,-242.26822,75.820412,-390.8735,-93.662949,-130.54706,74.039856,-275.66251,14.568387
2.1,27,-44.067268,49.338551,-140.76904,52.634514,-241.29915,75.517128,-389.31,-93.288292,-130.02487,73.743698,-274.55988,14.510114
2.2,27,-43.890289,49.140404,-140.2037,52.42313,-240.33008,75.213844,-387.74649,-92.913643,-129.50269,73.44754,-273.45721,14.45184
2.3,27,-43.713314,48.942257,-139.63837,52.211746,-239.36101,74.910568,-386.18301,-92.538994,-128.9805,73.151382,-272.35458,14.393567
2.4,27,-43.536335,48.74411,-139.07303,52.000362,-238.39192,74.607285,-384.61951,-92.164337,-128.45831,72.855217,-271.25192,14.335293
2.5,27,-43.35936,48.545963,-138.50769,51.788979,-237.42285,74.304001,-383.05603,-91.789688,-127.93613,72.559059,-270.14926,14.27702
2.6,27,-43.182381,48.347816,-137.94237,51.577595,-236.45378,74.000717,-381.49252,-91.415039,-127.41393,72.262901,-269.04663,14.218746
2.7,27,-43.005405,48.14967,-137.37701,51.366211,-235.48471,73.697441,-379.92905,-91.040382,-126.89175,71.966743,-267.94397,14.160473
2.8,27,-42.828426,47.951523,-136.81169,51.154827,-234.51564,73.394157,-378.36554,-90.665733,-126.36956,71.670578,-266.84131,14.1022
2.9,27,-42.651451,47.753376,-136.24635,50.943443,-233.54655,73.090874,-376.80203,-90.291084,-125.84737,71.37442,-265.73868,14.043925
3,27,-42.474472,47.555229,-135.68102,50.732063,-232.57748,72.78759,-375.23856,-89.916428,-125.32518,71.078262,-264.63602,13.985652
3.1,27,-42.297497,47.357082,-135.11568,50.520679,-231.60841,72.484314,-373.67505,-89.541779,-124.80299,70.782104,-263.53336,13.927379
3.2,27,-42.120522,47.158936,-134.55034,50.309296,-230.63934,72.18103,-372.11157,-89.167122,-124.28081,70.485947,-262.43073,13.869104
3.3,27,-41.943542,46.960789,-133.985,50.097912,-229.67027,71.877747,-370.54807,-88.792473,-123.75862,70.189781,-261.32806,13.810831
3.4,27,-41.766567,46.762642,-133.41966,49.886528,-228.7012,71.574463,-368.98459,-88.417824,-123.23643,69.893623,-260.2254,13.752558
3.5,27,-41.589588,46.564495,-132.85432,49.675144,-227.73213,71.271187,-367.42108,-88.043167,-122.71424,69.597466,-259.12277,13.694284
3.6,27,-41.412613,46.366348,-132.28899,49.46376,-226.76305,70.967903,-365.85757,-87.668518,-122.19205,69.301308,-258.02011,13.636011
3.7,27,-41.235634,46.168201,-131.72365,49.252377,-225.79398,70.664619,-364.2941,-87.293869,-121.66987,69.00515,-256.91748,13.577737
3.8,27,-41.058659,45.970055,-131.15831,49.040993,-224.82491,70.361343,-362.73059,-86.919212,-121.14767,68.708984,-255.81482,13.519464
3.9,27,-40.88168,45.771908,-130.59297,48.829609,-223.85583,70.05806,-361.16711,-86.544563,-120.62549,68.412827,-254.71217,13.46119
4,27,-40.704704,45.573761,-130.02763,48.618225,-222.88676,69.754776,-359.60361,-86.169914,-120.1033,68.116669,-253.60951,13.402917
4.1,27,-40.527729,45.375614,-129.4623,48.406841,-221.91769,69.451492,-358.04013,-85.795258,-119.58112,67.820511,-252.50687,13.344643
4.2,27,-40.35075,45.177467,-128.89696,48.195457,-220.94862,69.148216,-356.47662,-85.420609,-119.05892,67.524353,-251.40422,13.286369
4.3,27,-40.173771,44.979321,-128.33162,47.984074,-219.97954,68.844933,-354.91312,-85.045952,-118.53674,67.228188,-250.30156,13.228096
4.4,27,-39.996796,44.781174,-127.76628,47.77269,-219.01047,68.541649,-353.34964,-84.671303,-118.01455,66.93203,-249.19891,13.169822
4.5,27,-39.81982,44.583027,-127.20094,47.561306,-218.0414,68.238365,-351.78613,-84.296654,-117.49236,66.635872,-248.09627,13.111548
4.6,27,-39.642841,44.38488,-126.63561,47.349926,-217.07233,67.935089,-350.22266,-83.921997,-116.97017,66.339714,-246.99362,13.053275
4.7,27,-39.465866,44.186733,-126.07027,47.138542,-216.10326,67.631805,-348.65915,-83.547348,-116.44798,66.043556,-245.89098,12.995002
4.8,27,-39.288887,43.988586,-125.50494,46.927158,-215.13417,67.328522,-347.09564,-83.172699,-115.9258,65.747391,-244.78831,12.936728
4.9,27,-39.111912,43.79044,-124.9396,46.715775,-214.1651,67.025238,-345.53217,-82.798042,-115.4036,65.451233,-243.68567,12.878454
5,27,-38.934933,43.592293,-124.37426,46.504391,-213.19603,66.721962,-343.96866,-82.423393,-114.88142,65.155075,-242.58302,12.820181
5.1,27,-38.757957,43.394146,-123.80892,46.293007,-212.22696,66.418678,-342.40518,-82.048744,-114.35923,64.858917,-241.48036,12.761908
5.2,27,-38.580982,43.195999,-123.24358,46.081623,-211.25789,66.115395,-340.84167,-81.674088,-113.83704,64.562759,-240.37772,12.703634
5.3,27,-38.404003,42.997852,-122.67825,45.870239,-210.28882,65.812119,-339.2782,-81.299438,-113.31485,64.266594,-239.27507,12.64536
5.4,27,-38.227028,42.799706,-122.11291,45.658855,-209.31973,65.508835,-337.71469,-80.924789,-112.79266,63.970436,-238.17241,12.587087
5.5,27,-38.050049,42.601559,-121.54757,45.447472,-208.35066,65.205551,-336.15121,-80.550133,-112.27048,63.674278,-237.06976,12.528813
5.6,27,-37.873074,42.403412,-120.98223,45.236088,-207.38159,64.902267,-334.58771,-80.175484,-111.74829,63.378117,-235.96712,12.47054
5.7,27,-37.696095,42.205265,-120.41689,45.024704,-206.41252,64.598991,-333.02423,-79.800835,-111.2261,63.081959,-234.86447,12.412266
5.8,27,-37.519119,42.007118,-119.85155,44.81332,-205.44345,64.295708,-331.46072,-79.426178,-110.70391,62.785797,-233.76181,12.353992
5.9,27,-37.34214,41.808971,-119.28622,44.601936,-204.47438,63.992424,-329.89722,-79.051529,-110.18172,62.489639,-232.65916,12.295719
6,27,-37.165165,41.610825,-118.72089,44.390553,-203.50531,63.689144,-328.33374,-78.676872,-109.65954,62.193481,-231.55652,12.237446
6.1,27,-36.988186,41.412678,-118.15555,44.179173,-202.53622,63.385864,-326.77023,-78.302223,-109.13734,61.89732,-230.45387,12.179172
6.2,27,-36.811211,41.214531,-117.59021,43.967789,-201.56715,63.082581,-325.20676,-77.927574,-108.61516,61.601162,-229.35121,12.120898
6.3,27,-36.634232,41.016384,-117.02487,43.756401,-200.59808,62.779297,-323.64325,-77.552917,-108.09297,61.305,-228.24857,12.062625
6.4,27,-36.457256,40.818237,-116.45953,43.545021,-199.62901,62.476017,-322.07974,-77.178268,-107.57078,61.008842,-227.14592,12.004352
6.5,27,-36.280281,40.62009,-115.8942,43.333637,-198.65994,62.172737,-320.51627,-76.803619,-107.04859,60.712681,-226.04326,11.946077
6.6,27,-36.103302,40.421944,-115.32886,43.122253,-197.69087,61.869453,-318.95276,-76.428963,-106.52641,60.416523,-224.94061,11.887804
6.7,27,-35.926327,40.223797,-114.76352,42.91087,-196.7218,61.566174,-317.38928,-76.054314,-106.00422,60.120365,-223.83797,11.829531
6.8,27,-35.749348,40.02565,-114.19818,42.699486,-195.75272,61.26289,-315.82578,-75.679657,-105.48203,59.824203,-222.73531,11.771257
6.9,27,-35.572372,39.827503,-113.63284,42.488102,-194.78365,60.95961,-314.2623,-75.305008,-104.95984,59.528046,-221.63266,11.712983
7,27,-35.395393,39.629356,-113.0675,42.276718,-193.81458,60.656326,-312.69879,-74.930359,-104.43765,59.231884,-220.53001,11.65471
7.1,27,-35.218418,39.43121,-112.50217,42.065334,-192.8455,60.353046,-311.13531,-74.55571,-103.91547,58.935726,-219.42737,11.596437
7.2,27,-35.041443,39.233063,-111.93684,41.853951,-191.87643,60.049767,-309.57181,-74.181053,-103.39328,58.639568,-218.32472,11.538163
7.3,27,-34.864464,39.034916,-111.37149,41.642567,-190.90735,59.746483,-308.0083,-73.806404,-102.87109,58.343407,-217.22206,11.479889
7.4,27,-34.687489,38.836769,-110.80616,41.431183,-189.93828,59.443199,-306.44482,-73.431747,-102.3489,58.047249,-216.11942,11.421616
7.5,27,-34.510509,38.638622,-110.24082,41.219799,-188.96921,59.139919,-304.88132,-73.057098,-101.82671,57.751087,-215.01677,11.363342
7.6,27,-34.333534,38.440475,-109.67548,41.008415,-188.00014,58.836639,-303.31784,-72.682449,-101.30452,57.454929,-213.91411,11.305069
7.7,27,-34.156555,38.242329,-109.11015,40.797035,-187.03107,58.533356,-301.75433,-72.307793,-100.78233,57.158772,-212.81146,11.246796
7.8,27,-33.97958,38.044182,-108.54481,40.585648,-186.062,58.230072,-300.19083,-71.933144,-100.26015,56.86261,-211.70882,11.188521
7.9,27,-33.802601,37.846035,-107.97947,40.374264,-185.09291,57.926792,-298.62735,-71.558495,-99.737961,56.566452,-210.60617,11.130248
8,27,-33.625626,37.647888,-107.41413,40.162884,-184.12384,57.623512,-297.06384,-71.183838,-99.215767,56.27029,-209.50351,11.071975
8.1,27,-33.448647,37.449741,-106.84879,39.951496,-183.15477,57.320229,-295.50037,-70.809189,-98.693581,55.974133,-208.40086,11.0137
8.199999999999999,27,-33.271671,37.251595,-106.28345,39.740116,-182.1857,57.016949,-293.93686,-70.43454,-98.171394,55.677975,-207.29822,10.955427
8.300000000000001,27,-33.094692,37.053448,-105.71812,39.528732,-181.21663,56.713665,-292.37338,-70.059883,-97.6492,55.381813,-206.19556,10.897154
8.4,27,-32.917717,36.855305,-105.15279,39.317348,-180.24756,56.410385,-290.80988,-69.685234,-97.127022,55.085655,-205.09291,10.838881
8.5,27,-32.740742,36.657154,-104.58745,39.105965,-179.27849,56.107101,-289.24637,-69.310577,-96.604828,54.789494,-203.99026,10.780606
8.6,27,-32.563763,36.459007,-104.0221,38.894581,-178.3094,55.803822,-287.68289,-68.935928,-96.082642,54.493332,-202.8876,10.722333
8.699999999999999,27,-32.386787,36.26086,-103.45677,38.683197,-177.34033,55.500542,-286.11938,-68.561279,-95.560455,54.197174,-201.78497,10.66406
8.800000000000001,27,-32.209808,36.062714,-102.89143,38.471813,-176.37126,55.197258,-284.55591,-68.186623,-95.038261,53.901016,-200.68231,10.605786
8.9,27,-32.032833,35.864571,-102.3261,38.260429,-175.40219,54.893978,-282.9924,-67.811974,-94.516075,53.604858,-199.57967,10.547513
9,27,-31.855856,35.66642,-101.76076,38.049046,-174.43312,54.590694,-281.42892,-67.437325,-93.993889,53.308697,-198.47702,10.489239
9.1,27,-31.678877,35.468273,-101.19542,37.837662,-173.46404,54.287411,-279.86542,-67.062668,-93.471695,53.012535,-197.37436,10.430965
9.199999999999999,27,-31.501902,35.27013,-100.63008,37.626278,-172.49498,53.984131,-278.30194,-66.688019,-92.949509,52.716377,-196.27171,10.372692
9.300000000000001,27,-31.324924,35.07198,-100.06474,37.414894,-171.52589,53.680851,-276.73843,-66.313362,-92.427322,52.420219,-195.16907,10.314418
9.4,27,-31.147947,34.873837,-99.499413,37.203514,-170.55682,53.377571,-275.17496,-65.938713,-91.905136,52.124062,-194.06642,10.256145
9.5,27,-30.97097,34.675686,-98.934067,36.992126,-169.58775,53.074287,-273.61145,-65.564064,-91.382942,51.8279,-192.96376,10.197871
9.6,27,-30.793993,34.477539,-98.368729,36.780743,-168.61868,52.771004,-272.04794,-65.189407,-90.860756,51.531738,-191.86111,10.139598
9.699999999999999,27,-30.617018,34.279396,-97.803398,36.569363,-167.64961,52.467724,-270.48447,-64.814758,-90.33857,51.23558,-190.75847,10.081325
9.800000000000001,27,-30.440039,34.081245,-97.238052,36.357979,-166.68053,52.16444,-268.92096,-64.440109,-89.816383,50.939423,-189.65581,10.02305
9.9,27,-30.263063,33.883102,-96.672722,36.146595,-165.71147,51.86116,-267.35748,-64.06546,-89.294197,50.643265,-188.55316,9.964777
10,27,-30.086086,33.684952,-96.107384,35.935211,-164.74239,51.557877,-265.79398,-63.690804,-88.772003,50.347103,-187.45052,9.9065037
10.1,27,-29.909107,33.486805,-95.542046,35.723827,-163.77332,51.254597,-264.23047,-63.316151,-88.249817,50.050941,-186.34785,9.8482294
10.2,27,-29.732132,33.288662,-94.976707,35.512444,-162.80424,50.951317,-262.66699,-62.941502,-87.727631,49.754784,-185.24521,9.7899561
10.3,27,-29.555155,33.090511,-94.411369,35.30106,-161.83517,50.648033,-261.10349,-62.566849,-87.205437,49.458622,-184.14256,9.7316828
10.4,27,-29.378178,32.892368,-93.846031,35.089676,-160.8661,50.344753,-259.54001,-62.1922,-86.68325,49.162468,-183.03992,9.6734095
10.5,27,-29.2012,32.694221,-93.280693,34.878292,-159.89702,50.04147,-257.9765,-61.817547,-86.161064,48.866306,-181.93726,9.6151361
10.6,27,-29.024223,32.496071,-92.715355,34.666908,-158.92795,49.738186,-256.41299,-61.44289,-85.63887,48.570145,-180.83461,9.5568619
10.7,27,-28.847246,32.297928,-92.150017,34.455524,-157.95888,49.434906,-254.84952,-61.068241,-85.116684,48.273987,-179.73196,9.4985886
10.8,27,-28.670269,32.099777,-91.584679,34.244141,-156.98981,49.131626,-253.28603,-60.693588,-84.594498,47.977825,-178.6293,9.4403152
10.9,27,-28.493294,31.901634,-91.019348,34.032761,-156.02074,48.828346,-251.72253,-60.318939,-84.072311,47.681667,-177.52667,9.3820419
11,27,-28.316317,31.703485,-90.454002,33.821373,-155.05167,48.525063,-250.15903,-59.944286,-83.550125,47.385509,-176.42401,9.3237677
11.1,27,-28.139338,31.505339,-89.888664,33.609989,-154.08258,48.221779,-248.59554,-59.569633,-83.027931,47.089348,-175.32135,9.2654943
11.2,27,-27.962362,31.307192,-89.323334,33.398609,-153.11351,47.918499,-247.03204,-59.194984,-82.505745,46.79319,-174.21872,9.207221
11.3,27,-27.785385,31.109045,-88.757996,33.187222,-152.14444,47.615215,-245.46855,-58.820332,-81.983559,46.497028,-173.11606,9.1489468
11.4,27,-27.608408,30.9109,-88.192657,32.975842,-151.17537,47.311935,-243.90506,-58.445679,-81.461372,46.200871,-172.01341,9.0906744
11.5,27,-27.431431,30.712751,-87.627319,32.764458,-150.2063,47.008656,-242.34157,-58.071026,-80.939178,45.904713,-170.91077,9.0324001
11.6,27,-27.254454,30.514605,-87.061981,32.553074,-149.23721,46.705372,-240.77806,-57.696373,-80.416992,45.608551,-169.80811,8.9741268
11.7,27,-27.077477,30.316458,-86.496643,32.34169,-148.26816,46.402092,-239.21458,-57.321724,-79.894806,45.312393,-168.70546,8.9158535
11.8,27,-26.900499,30.118311,-85.931305,32.130306,-147.29907,46.098808,-237.65108,-56.947071,-79.372612,45.016232,-167.60281,8.8575792
11.9,27,-26.723524,29.920166,-85.365967,31.918922,-146.33,45.795528,-236.0876,-56.572422,-78.850433,44.720074,-166.50017,8.7993059
12,27,-26.546547,29.722017,-84.800629,31.707539,-145.36093,45.492245,-234.52409,-56.197769,-78.328239,44.423916,-165.39751,8.7410326
12.1,27,-26.369568,29.52387,-84.235291,31.496155,-144.39186,45.188961,-232.9606,-55.823116,-77.806046,44.127754,-164.29486,8.6827583
12.2,27,-26.192593,29.325726,-83.66996,31.284771,-143.42279,44.885681,-231.39711,-55.448467,-77.283867,43.831596,-163.19221,8.624485
12.3,27,-26.015615,29.127577,-83.104614,31.073387,-142.4537,44.582401,-229.8336,-55.073811,-76.761673,43.535435,-162.08955,8.5662117
12.4,27,-25.838638,28.929432,-82.539284,30.862005,-141.48465,44.279121,-228.27013,-54.699162,-76.239487,43.239277,-160.98691,8.5079384
12.5,27,-25.661661,28.731283,-81.973946,30.650621,-140.51556,43.975838,-226.70662,-54.324509,-75.7173,42.943115,-159.88426,8.4496651
12.6,27,-25.484684,28.533136,-81.4086,30.439236,-139.54649,43.672554,-225.14313,-53.949856,-75.195107,42.646957,-158.7816,8.3913908
12.7,27,-25.307707,28.334991,-80.843269,30.227854,-138.57742,43.369274,-223.57964,-53.575207,-74.67292,42.3508,-157.67896,8.3331175
12.8,27,-25.13073,28.136843,-80.277931,30.01647,-137.60835,43.06599,-222.01614,-53.200554,-74.150734,42.054638,-156.57631,8.2748442
12.9,27,-24.953754,27.938698,-79.712593,29.805086,-136.63928,42.762711,-220.45265,-52.825905,-73.628548,41.75848,-155.47366,8.2165709
13,27,-24.776777,27.740551,-79.147255,29.593702,-135.6702,42.459431,-218.88916,-52.451252,-73.106354,41.462318,-154.37102,8.1582966
13.1,27,-24.599798,27.542402,-78.581917,29.382318,-134.70113,42.156147,-217.32565,-52.076595,-72.584167,41.166161,-153.26836,8.1000233
13.2,27,-24.422823,27.344257,-78.016579,29.170937,-133.73206,41.852867,-215.76218,-51.701946,-72.061981,40.870003,-152.16571,8.04175
13.3,27,-24.245846,27.146109,-77.451241,28.959551,-132.76299,41.549583,-214.19867,-51.327293,-71.539787,40.573841,-151.06306,7.9834762
13.4,27,-24.068869,26.947964,-76.88591,28.748169,-131.79391,41.246304,-212.63518,-50.952644,-71.017609,40.277683,-149.96042,7.9252028
13.5,27,-23.891891,26.749817,-76.320564,28.536785,-130.82484,40.94302,-211.07169,-50.577991,-70.495415,39.981522,-148.85776,7.8669291
13.6,27,-23.714914,26.551668,-75.755226,28.325399,-129.85576,40.63974,-209.50818,-50.203339,-69.973228,39.685364,-147.75511,7.8086553
13.7,27,-23.537937,26.353523,-75.189896,28.114017,-128.88669,40.33646,-207.9447,-49.82869,-69.451042,39.389206,-146.65247,7.7503824
13.8,27,-23.36096,26.155375,-74.624557,27.902634,-127.91762,40.033176,-206.3812,-49.454037,-68.928848,39.093044,-145.5498,7.6921086
13.9,27,-23.183985,25.95723,-74.059219,27.691252,-126.94855,39.729897,-204.81772,-49.079384,-68.406662,38.796886,-144.44716,7.6338353
14,27,-23.007006,25.759083,-73.493881,27.479866,-125.97948,39.426613,-203.25421,-48.704731,-67.884476,38.500725,-143.34451,7.5755615
14.1,27,-22.830029,25.560934,-72.928543,27.268482,-125.0104,39.123329,-201.69072,-48.330078,-67.362282,38.204563,-142.24185,7.5172877
14.2,27,-22.653053,25.362789,-72.363205,27.0571,-124.04133,38.820049,-200.12723,-47.955429,-66.840096,37.908409,-141.13921,7.4590144
14.3,27,-22.476076,25.164642,-71.797867,26.845716,-123.07225,38.516766,-198.56374,-47.580776,-66.317909,37.612247,-140.03656,7.4007406
14.4,27,-22.299099,24.966496,-71.232529,26.634333,-122.10319,38.213486,-197.00024,-47.206127,-65.795723,37.31609,-138.93391,7.3424673
14.5,27,-22.122122,24.768349,-70.667191,26.422949,-121.13411,37.910206,-195.43675,-46.831474,-65.273529,37.019928,-137.83125,7.2841935
14.6,27,-21.945145,24.5702,-70.101852,26.211565,-120.16503,37.606922,-193.87325,-46.456821,-64.751343,36.723766,-136.72861,7.2259197
14.7,27,-21.768167,24.372055,-69.536522,26.000181,-119.19597,37.303642,-192.30975,-46.082172,-64.229156,36.427608,-135.62596,7.1676469
14.8,27,-21.59119,24.173908,-68.971176,25.788797,-118.22689,37.000359,-190.74626,-45.707516,-63.706966,36.131451,-134.5233,7.1093731
14.9,27,-21.414215,23.975761,-68.405846,25.577415,-117.25782,36.697079,-189.18277,-45.332867,-63.18478,35.835293,-133.42067,7.0510998
15,27,-21.237236,23.777615,-67.840508,25.366032,-116.28874,36.393795,-187.61928,-44.958214,-62.66259,35.539131,-132.31801,6.992826
15.1,27,-21.060259,23.579466,-67.275162,25.154646,-115.31967,36.090515,-186.05577,-44.583561,-62.1404,35.24297,-131.21535,6.9345522
15.2,27,-20.883284,23.381321,-66.709831,24.943264,-114.3506,35.787235,-184.49229,-44.208912,-61.618217,34.946812,-130.11272,6.8762789
15.3,27,-20.706306,23.183174,-66.144493,24.73188,-113.38152,35.483952,-182.92879,-43.834259,-61.096027,34.650654,-129.01006,6.8180051
15.4,27,-20.529329,22.985027,-65.579155,24.520496,-112.41246,35.180672,-181.36531,-43.45961,-60.573841,34.354496,-127.90741,6.7597318
15.5,27,-20.352352,22.78688,-65.013817,24.309113,-111.44338,34.877388,-179.8018,-43.084957,-60.051651,34.058334,-126.80476,6.7014585
15.6,27,-20.175375,22.588734,-64.448479,24.097729,-110.4743,34.574104,-178.23831,-42.710304,-59.529461,33.762173,-125.7021,6.6431847
15.7,27,-19.998398,22.390587,-63.883144,23.886347,-109.50523,34.270824,-176.67482,-42.335651,-59.007275,33.466015,-124.59946,6.5849113
15.8,27,-19.821421,22.19244,-63.317802,23.674961,-108.53616,33.967545,-175.11133,-41.960999,-58.485085,33.169857,-123.4968,6.5266376
15.9,27,-19.644445,21.994293,-62.752468,23.463579,-107.56709,33.664265,-173.54784,-41.586349,-57.962898,32.873699,-122.39417,6.4683642
16,27,-19.467466,21.796146,-62.18713,23.252195,-106.59801,33.360981,-171.98433,-41.211697,-57.440708,32.577538,-121.29151,6.4100904
16.1,27,-19.290489,21.598,-61.621788,23.04081,-105.62894,33.057697,-170.42084,-40.837044,-56.918518,32.281376,-120.18885,6.3518167
16.2,27,-19.113512,21.399851,-61.05645,22.829426,-104.65987,32.754414,-168.85733,-40.462391,-56.396328,31.985216,-119.0862,6.2935429
16.3,27,-18.936537,21.201708,-60.491119,22.618046,-103.6908,32.451138,-167.29387,-40.087746,-55.874149,31.68906,-117.98357,6.2352705
16.4,27,-18.75956,21.003561,-59.925781,22.406662,-102.72173,32.147854,-165.73036,-39.713093,-55.351959,31.3929,-116.88091,6.1769967
16.5,27,-18.582582,20.805412,-59.360443,22.195276,-101.75266,31.844572,-164.16687,-39.338436,-54.829769,31.096741,-115.77826,6.1187229
16.6,27,-18.405605,20.607265,-58.795101,21.983892,-100.78358,31.541288,-162.60336,-38.963783,-54.307579,30.800579,-114.67561,6.0604491
16.7,27,-18.228626,20.409117,-58.229763,21.772509,-99.814499,31.238007,-161.03987,-38.58913,-53.785385,30.504419,-113.57295,6.0021753
16.8,27,-18.051653,20.210974,-57.664433,21.561129,-98.845444,30.934729,-159.47639,-38.214485,-53.263206,30.208263,-112.47031,5.9439025
16.9,27,-17.874676,20.012827,-57.099094,21.349743,-97.876366,30.631447,-157.9129,-37.839832,-52.741016,29.912104,-111.36766,5.8856287
17,27,-17.697697,19.814678,-56.533752,21.138359,-96.907288,30.328163,-156.3494,-37.465179,-52.218826,29.615942,-110.26501,5.8273549
17.1,27,-17.52072,19.616531,-55.968414,20.926975,-95.93821,30.024881,-154.7859,-37.090527,-51.696636,29.319782,-109.16235,5.7690811
17.2,27,-17.343742,19.418383,-55.403076,20.71559,-94.969131,29.721598,-153.2224,-36.715874,-51.174446,29.023623,-108.0597,5.7108073
17.3,27,-17.166767,19.22024,-54.837746,20.50421,-94.000076,29.418322,-151.65892,-36.341225,-50.652264,28.727467,-106.95707,5.652535
17.4,27,-16.98979,19.022093,-54.272408,20.292826,-93.030998,29.115038,-150.09543,-35.966572,-50.130074,28.431307,-105.85441,5.5942612
17.5,27,-16.812813,18.823944,-53.707066,20.081442,-92.06192,28.811756,-148.53192,-35.591919,-49.607883,28.135145,-104.75175,5.5359874
17.6,27,-16.635836,18.625797,-53.141727,19.870056,-91.09285,28.508472,-146.96843,-35.217266,-49.085693,27.838985,-103.6491,5.4777136
17.7,27,-16.458857,18.42765,-52.576385,19.658672,-90.123772,28.205191,-145.40492,-34.842613,-48.563503,27.542824,-102.54645,5.4194398
17.8,27,-16.281883,18.229506,-52.011059,19.447292,-89.154709,27.901913,-143.84146,-34.467968,-48.041325,27.24667,-101.44382,5.361167
17.9,27,-16.104906,18.031359,-51.445717,19.235907,-88.185638,27.598631,-142.27795,-34.093315,-47.519135,26.950508,-100.34116,5.3028932
18,27,-15.927928,17.83321,-50.880379,19.024523,-87.21656,27.295347,-140.71446,-33.718662,-46.996944,26.654348,-99.23851,5.2446194
18.1,27,-15.75095,17.635063,-50.315041,18.813139,-86.247482,26.992065,-139.15096,-33.344009,-46.474754,26.358189,-98.135849,5.1863456
18.2,27,-15.573973,17.436916,-49.749699,18.601755,-85.278404,26.688782,-137.58746,-32.969353,-45.952564,26.062027,-97.033195,5.1280718
18.3,27,-15.396998,17.238771,-49.184372,18.390373,-84.309349,26.385506,-136.02399,-32.594707,-45.430382,25.765873,-95.930565,5.0697994
18.4,27,-15.22002,17.040625,-48.61903,18.178989,-83.340271,26.082222,-134.46048,-32.220055,-44.908192,25.469711,-94.827911,5.0115256
18.5,27,-15.043043,16.842476,-48.053692,17.967606,-82.371193,25.778938,-132.89699,-31.845402,-44.386002,25.173552,-93.725258,4.9532518
18.6,27,-14.866065,16.644329,-47.48835,17.75622,-81.402115,25.475657,-131.33348,-31.470749,-43.863811,24.87739,-92.622604,4.894978
18.7,27,-14.689088,16.446182,-46.923012,17.544836,-80.433044,25.172373,-129.76999,-31.096096,-43.341621,24.58123,-91.519951,4.8367043
18.8,27,-14.512114,16.248037,-46.357681,17.333456,-79.463982,24.869097,-128.20651,-30.721449,-42.819443,24.285076,-90.417313,4.7784314
18.9,27,-14.335135,16.049891,-45.792343,17.122072,-78.494904,24.565813,-126.64302,-30.346796,-42.297253,23.988914,-89.314659,4.7201576
19,27,-14.158158,15.851743,-45.227001,16.910686,-77.525833,24.262531,-125.07951,-29.972143,-41.775063,23.692755,-88.212006,4.6618838
19.1,27,-13.98118,15.653595,-44.661663,16.699303,-76.556755,23.959248,-123.51601,-29.59749,-41.252872,23.396593,-87.109352,4.60361
19.2,27,-13.804203,15.455448,-44.096325,16.487919,-75.587677,23.655966,-121.95251,-29.222837,-40.730679,23.100433,-86.006699,4.5453362
19.3,27,-13.627229,15.257304,-43.530994,16.276539,-74.618622,23.352688,-120.38905,-28.84819,-40.2085,22.804277,-84.90406,4.4870639
19.4,27,-13.450251,15.059156,-42.965656,16.065153,-73.649544,23.049406,-118.82555,-28.473537,-39.68631,22.508118,-83.801407,4.4287901
19.5,27,-13.273273,14.861009,-42.400314,15.853769,-72.680466,22.746122,-117.26205,-28.098885,-39.16412,22.211958,-82.698753,4.3705163
19.6,27,-13.096295,14.662862,-41.834976,15.642385,-71.711388,22.442841,-115.69855,-27.724232,-38.64193,21.915796,-81.5961,4.3122425
19.7,27,-12.919318,14.464714,-41.269634,15.431001,-70.74231,22.139557,-114.13505,-27.349577,-38.11974,21.619637,-80.493446,4.2539687
19.8,27,-12.742344,14.26657,-40.704308,15.21962,-69.773254,21.836281,-112.57158,-26.974932,-37.597557,21.323481,-79.390816,4.1956959
19.9,27,-12.565366,14.068422,-40.138966,15.008236,-68.804176,21.532997,-111.00808,-26.600279,-37.075367,21.027321,-78.288162,4.1374221
20,27,-12.388389,13.870275,-39.573627,14.796851,-67.835098,21.229715,-109.44458,-26.225626,-36.553177,20.731159,-77.185509,4.0791483
20.1,27,-12.211411,13.672128,-39.008289,14.585467,-66.866028,20.926432,-107.88108,-25.850971,-36.030987,20.434999,-76.082848,4.0208745
20.2,27,-12.034432,13.47398,-38.442947,14.374083,-65.89695,20.62315,-106.31758,-25.476318,-35.508797,20.13884,-74.980194,3.9626009
20.3,27,-11.857459,13.275836,-37.877621,14.162703,-64.927887,20.319872,-104.7541,-25.101673,-34.986618,19.842684,-73.877563,3.9043283
20.4,27,-11.680481,13.077688,-37.312279,13.951318,-63.958813,20.01659,-103.19061,-24.72702,-34.464428,19.546524,-72.77491,3.8460546
20.5,27,-11.503503,12.879541,-36.746941,13.739933,-62.989738,19.713306,-101.62711,-24.352365,-33.942238,19.250362,-71.672256,3.7877808
20.6,27,-11.326526,12.681394,-36.181599,13.528549,-62.02066,19.410023,-100.06361,-23.977713,-33.420048,18.954203,-70.569603,3.729507
20.7,27,-11.149548,12.483246,-35.616261,13.317164,-61.051582,19.106741,-98.500107,-23.60306,-32.897858,18.658041,-69.466949,3.6712332
20.8,27,-10.972573,12.285102,-35.05093,13.105784,-60.082527,18.803463,-96.936638,-23.228415,-32.375675,18.361887,-68.364311,3.6129606
20.9,27,-10.795596,12.086955,-34.485592,12.8944,-59.113449,18.500181,-95.373138,-22.85376,-31.853485,18.065725,-67.261658,3.5546868
21,27,-10.618618,11.888807,-33.920254,12.683016,-58.144371,18.196898,-93.809639,-22.479107,-31.331295,17.769566,-66.159004,3.496413
21.1,27,-10.441641,11.69066,-33.354912,12.471631,-57.175297,17.893616,-92.24614,-22.104454,-30.809105,17.473406,-65.056351,3.4381392
21.2,27,-10.264663,11.492512,-32.789574,12.260246,-56.206219,17.590332,-90.68264,-21.729801,-30.286915,17.177244,-63.953697,3.3798654
21.3,27,-10.087688,11.294369,-32.224243,12.048866,-55.23716,17.287056,-89.119171,-21.355154,-29.764734,16.88109,-62.851063,3.3215928
21.4,27,-9.9107113,11.096221,-31.658905,11.837481,-54.268085,16.983772,-87.555664,-20.980501,-29.242544,16.584929,-61.748409,3.263319
21.5,27,-9.7337332,10.898073,-31.093565,11.626098,-53.299007,16.68049,-85.992165,-20.605848,-28.720354,16.288769,-60.645756,3.2050452
21.6,27,-9.556756,10.699925,-30.528225,11.414713,-52.329933,16.377207,-84.428665,-20.231195,-28.198164,15.992608,-59.543098,3.1467714
21.7,27,-9.3797779,10.501779,-29.962885,11.203329,-51.360855,16.073925,-82.865166,-19.856543,-27.675974,15.696447,-58.440445,3.0884976
21.8,27,-9.2028036,10.303635,-29.397556,10.991948,-50.391796,15.770647,-81.301697,-19.481895,-27.153793,15.400292,-57.337811,3.030225
21.9,27,-9.0258265,10.105487,-28.832216,10.780564,-49.422722,15.467364,-79.738197,-19.107243,-26.631603,15.104132,-56.235157,2.9719512
22,27,-8.8488483,9.9073391,-28.266876,10.56918,-48.453644,15.164082,-78.174698,-18.73259,-26.109413,14.807971,-55.132504,2.9136775
22.1,27,-8.6718712,9.7091913,-27.701538,10.357795,-47.484566,14.860799,-76.611198,-18.357937,-25.587223,14.511811,-54.02985,2.8554037
22.2,27,-8.4948931,9.5110445,-27.136198,10.146411,-46.515491,14.557516,-75.047699,-17.983282,-25.065033,14.215651,-52.927197,2.7971299
22.3,27,-8.3179188,9.3129005,-26.570869,9.93503,-45.546432,14.254239,-73.48423,-17.608637,-24.542852,13.919496,-51.824562,2.7388573
22.4,27,-8.1409416,9.1147528,-26.005529,9.7236462,-44.577354,13.950956,-71.920731,-17.233984,-24.020662,13.623335,-50.721909,2.6805835
22.5,27,-7.963964,8.916605,-25.440189,9.5122614,-43.60828,13.647674,-70.357231,-16.859331,-23.498472,13.327174,-49.619255,2.6223097
22.6,27,-7.7869864,8.7184582,-24.874849,9.3008776,-42.639202,13.344391,-68.793732,-16.484676,-22.976282,13.031013,-48.516598,2.5640359
22.7,27,-7.6100087,8.5203104,-24.309509,9.0894928,-41.670128,13.041108,-67.230232,-16.110023,-22.454092,12.734853,-47.413944,2.5057621
22.8,27,-7.4330344,8.3221664,-23.744181,8.8781128,-40.701069,12.737831,-65.666756,-15.735378,-21.931911,12.438698,-46.31131,2.4474895
22.9,27,-7.2560568,8.1240187,-23.178841,8.666728,-39.731991,12.434548,-64.103256,-15.360724,-21.409721,12.142538,-45.208656,2.3892157
23,27,-7.0790792,7.9258714,-22.613501,8.4553432,-38.762917,12.131266,-62.539757,-14.986072,-20.887531,11.846377,-44.106003,2.3309419
23.1,27,-6.9021015,7.7277241,-22.048162,8.2439594,-37.793839,11.827983,-60.976257,-14.611419,-20.365339,11.550217,-43.003349,2.2726681
23.2,27,-6.7251239,7.5295763,-21.482822,8.0325747,-36.82476,11.5247,-59.412758,-14.236765,-19.843149,11.254056,-41.900696,2.2143946
23.3,27,-6.5481496,7.3314328,-20.917494,7.8211946,-35.855705,11.221423,-57.849289,-13.862119,-19.320971,10.957901,-40.798061,2.1561217
23.4,27,-6.371172,7.133285,-20.352154,7.6098099,-34.886627,10.91814,-56.285789,-13.487466,-18.798779,10.66174,-39.695408,2.0978479
23.5,27,-6.1941943,6.9351377,-19.786814,7.3984256,-33.917549,10.614858,-54.72229,-13.112813,-18.276588,10.36558,-38.592754,2.0395741
23.6,27,-6.0172162,6.73699,-19.221474,7.1870413,-32.948475,10.311575,-53.158791,-12.738159,-17.754398,10.06942,-37.490097,1.9813005
23.7,27,-5.8402386,6.5388422,-18.656134,6.975657,-31.979397,10.008292,-51.595287,-12.363506,-17.232208,9.7732592,-36.387444,1.9230267
23.8,27,-5.6632648,6.3406987,-18.090805,6.7642765,-31.01034,9.7050152,-50.031818,-11.98886,-16.710028,9.4771042,-35.284809,1.8647541
23.9,27,-5.4862866,6.1425509,-17.525465,6.5528922,-30.041264,9.4017315,-48.468319,-11.614207,-16.187838,9.1809435,-34.182156,1.8064803
24,27,-5.309309,5.9444036,-16.960127,6.3415079,-29.072186,9.0984488,-46.904819,-11.239553,-15.665648,8.8847828,-33.079502,1.7482065
24.1,27,-5.1323314,5.7462559,-16.394787,6.1301231,-28.103109,8.795166,-45.34132,-10.864901,-15.143457,8.5886221,-31.976849,1.6899327
24.2,27,-4.9553537,5.5481086,-15.829447,5.9187388,-27.134033,8.4918833,-43.777821,-10.490247,-14.621267,8.2924614,-30.874193,1.6316589
24.3,27,-4.7783794,5.3499646,-15.264118,5.7073584,-26.164974,8.1886063,-42.214348,-10.115602,-14.099087,7.9963069,-29.771561,1.5733863
24.4,27,-4.6014018,5.1518173,-14.698778,5.4959741,-25.195898,7.8853235,-40.650848,-9.7409477,-13.576897,7.7001462,-28.668905,1.5151125
24.5,27,-4.4244242,4.9536695,-14.133438,5.2845898,-24.226822,7.5820408,-39.087349,-9.3662949,-13.054707,7.4039855,-27.566252,1.4568387
24.6,27,-4.2474465,4.7555223,-13.568099,5.0732055,-23.257746,7.278758,-37.523849,-8.991641,-12.532516,7.1078253,-26.463598,1.3985649
24.7,27,-4.0704689,4.5573745,-13.002759,4.8618212,-22.28867,6.9754753,-35.96035,-8.6169882,-12.010326,6.8116646,-25.360943,1.3402913
24.8,27,-3.8934948,4.359231,-12.43743,4.6504407,-21.319611,6.6721983,-34.396877,-8.242342,-11.488146,6.5155096,-24.25831,1.2820185
24.9,27,-3.7165172,4.1610832,-11.87209,4.4390564,-20.350534,6.3689156,-32.833378,-7.8676891,-10.965956,6.2193489,-23.155655,1.2237448
25,27,-3.5395396,3.9629357,-11.30675,4.2276716,-19.381458,6.0656328,-31.269878,-7.4930358,-10.443766,5.9231887,-22.053001,1.165471
25.1,27,-3.3625619,3.7647882,-10.741411,4.0162873,-18.41238,5.7623501,-29.706379,-7.1183825,-9.9215746,5.627028,-20.950348,1.1071973
25.2,27,-3.1855841,3.5666406,-10.176071,3.804903,-17.443304,5.4590673,-28.142879,-6.7437291,-9.3993845,5.3308673,-19.847692,1.0489235
25.3,27,-3.00861,3.3684969,-9.6107426,3.5935225,-16.474247,5.1557903,-26.579409,-6.3690834,-8.8772049,5.0347123,-18.74506,.99065077
25.4,27,-2.8316324,3.1703494,-9.0454025,3.3821383,-15.50517,4.8525076,-25.015909,-5.9944301,-8.3550138,4.7385521,-17.642405,.93237704
25.5,27,-2.6546545,2.9722018,-8.4800634,3.170754,-14.536093,4.5492244,-23.45241,-5.6197767,-7.8328238,4.4423914,-16.539751,.87410325
25.6,27,-2.4776769,2.7740543,-7.9147234,2.9593694,-13.567017,4.2459416,-21.88891,-5.2451234,-7.3106337,4.1462307,-15.437097,.81582946
25.7,27,-2.3006992,2.5759068,-7.3493838,2.7479851,-12.59794,3.9426589,-20.325409,-4.8704705,-6.7884436,3.8500702,-14.334442,.75755572
25.8,27,-2.1237249,2.377763,-6.7840548,2.5366046,-11.628881,3.6393819,-18.76194,-4.4958243,-6.266263,3.5539155,-13.23181,.69928306
25.9,27,-1.9467474,2.1796155,-6.2187152,2.3252203,-10.659805,3.3360991,-17.198439,-4.121171,-5.7440729,3.2577548,-12.129155,.64100927
26,27,-1.7697698,1.9814678,-5.6533751,2.1138358,-9.6907291,3.0328164,-15.634939,-3.7465179,-5.2218828,2.9615943,-11.026501,.58273548
26.1,27,-1.592792,1.7833203,-5.0880356,1.9024515,-8.721652,2.7295337,-14.07144,-3.3718646,-4.6996922,2.6654336,-9.9238462,.52446175
26.2,27,-1.4158144,1.5851728,-4.522696,1.6910671,-7.7525754,2.4262507,-12.507939,-2.9972115,-4.1775022,2.3692732,-8.8211918,.46618795
26.3,27,-1.2388402,1.3870291,-3.9573672,1.4796867,-6.7835174,2.1229737,-10.944469,-2.6225653,-3.6553218,2.0731182,-7.7185588,.40791529
26.4,27,-1.0618625,1.1888815,-3.3920274,1.2683023,-5.8144407,1.8196909,-9.38097,-2.2479122,-3.1331315,1.7769578,-6.6159048,.34964153
26.5,27,-.88488489,.99073392,-2.8266876,1.0569179,-4.8453646,1.5164082,-7.8174696,-1.8732589,-2.6109414,1.4807972,-5.5132504,.29136774
26.6,27,-.7079072,.79258639,-2.261348,.84553355,-3.8762877,1.2131253,-6.2539697,-1.4986057,-2.0887511,1.1846366,-4.4105959,.23309398
26.7,27,-.53092957,.59443885,-1.6960083,.63414913,-2.9072113,.90984261,-4.6904697,-1.1239525,-1.5665607,.88847601,-3.3079419,.1748202
26.8,27,-.3539553,.39629507,-1.1306794,.4227688,-1.9381531,.60656559,-3.1269999,-.74930644,-1.0443805,.5923211,-2.2053087,.11654755
26.9,27,-.17697765,.19814754,-.56533968,.2113844,-.96907657,.3032828,-1.5634999,-.37465322,-.52219027,.29616055,-1.1026543,.058273774
27,27,0,0,0,0,0,0,0,0,0,0,0,0
27.1,27,.17696662,.19812965,-.21136037,.56529361,.96890974,.30326632,.37451869,1.5633008,.52212733,.29613873,-.058293939,1.1025486
27.2,27,.35386711,.39615199,-.42257655,1.1303108,1.9368187,.60643381,.74823028,3.125407,1.043877,.59214658,-.11670893,2.204463
27.3,27,.5306319,.59395605,-.63350058,1.6947645,2.9027073,.90939802,1.1203201,4.6850948,1.5648617,.88788712,-.17536518,3.3050883
27.4,27,.70720166,.79144257,-.84399724,2.2584007,3.865612,1.2120721,1.4899943,6.24123,2.0847232,1.1832412,-.23438683,4.4038334
27.5,27,.88350689,.98850119,-1.0539199,2.8209336,4.8245134,1.5143527,1.8564367,7.7925901,2.6030746,1.4780731,-.29389548,5.5000448
27.6,27,1.0594814,1.185026,-1.263127,3.3820896,5.7784104,1.8161424,2.2188368,9.3379841,3.1195381,1.7722535,-.35401508,6.593091
27.7,27,1.2350589,1.3809118,-1.4714786,3.9415965,6.7263021,2.1173451,2.5763824,10.876223,3.6337357,2.0656536,-.41487089,7.6823421
27.8,27,1.4101702,1.5760505,-1.6788319,4.4991722,7.66717,2.4178596,2.928252,12.406088,4.1452804,2.3581398,-.47658882,8.767149
27.9,27,1.5847557,1.770346,-1.8850589,5.0545702,8.600049,2.7176037,3.273644,13.926455,4.6538138,2.6495967,-.5393002,9.8469276
28,27,1.7587458,1.9636925,-2.0900209,5.6075125,9.523921,3.0164785,3.6117313,15.43611,5.1589494,2.939893,-.60313535,10.921034
28.1,27,1.9320744,2.1559889,-2.2935863,6.1577353,10.437784,3.3143933,3.9416921,16.933876,5.6603084,3.2289045,-.66822821,11.988845
28.2,27,2.1046755,2.3471358,-2.4956262,6.7049775,11.340637,3.6112587,4.2627006,18.418575,6.1575141,3.5165086,-.73471582,13.049745
28.3,27,2.2764797,2.5370314,-2.6960106,7.24897,12.231462,3.9069815,4.5739198,19.889006,6.6501789,3.8025782,-.80273741,14.103095
28.4,27,2.447427,2.7255874,-2.8946259,7.7894802,13.109295,4.2014875,4.8745308,21.344059,7.1379447,4.0870056,-.87243915,15.148328
28.5,27,2.6174486,2.9127057,-3.0913494,8.3262472,13.973116,4.494689,5.1636877,22.782545,7.6204238,4.369668,-.94396788,16.184816
28.6,27,2.786478,3.0982943,-3.2860672,8.8590231,14.821924,4.7865047,5.440547,24.2033,8.0972395,4.6504502,-1.017476,17.211954
28.7,27,2.9544492,3.2822638,-3.4786696,9.3875675,15.654718,5.0768576,5.7042603,25.605177,8.5680122,4.9292402,-1.0931203,18.229145
28.8,27,3.1212924,3.4645233,-3.6690485,9.9116335,16.47048,5.3656669,5.9539657,26.986994,9.0323572,5.2059216,-1.171062,19.235777
28.9,27,3.2869484,3.6449962,-3.8571129,10.431009,17.268246,5.652873,6.188817,28.347672,9.4899149,5.4803996,-1.2514712,20.2313
29,27,3.4513476,3.8235974,-4.0427656,10.94546,18.046993,5.9384017,6.4079394,29.686047,9.9402981,5.752564,-1.3345203,21.215117
29.1,27,3.614424,4.0002489,-4.2259197,11.454768,18.805725,6.2221889,6.6104589,31.000992,10.38313,6.0223141,-1.4203894,22.186649
29.2,27,3.7761114,4.1748762,-4.406496,11.958718,19.543438,6.5041742,6.7954912,32.291386,10.818031,6.2895527,-1.5092658,23.145329
29.3,27,3.9363403,4.347405,-4.5844173,12.457098,20.259115,6.7842956,6.962141,33.556091,11.244616,6.5541806,-1.6013423,24.090574
29.4,27,4.0950513,4.517776,-4.7596269,12.949729,20.951792,7.0625119,7.1095219,34.79406,11.662525,6.8161197,-1.6968238,25.021873
29.5,27,4.2521744,4.6859226,-4.932065,13.436415,21.620447,7.3387713,7.2367196,36.004173,12.071372,7.0752792,-1.7959195,25.938665
29.6,27,4.4076443,4.8517876,-5.1016846,13.916973,22.26408,7.6130304,7.3428154,37.185345,12.470779,7.3315783,-1.8988492,26.840408
29.7,27,4.5613947,5.0153179,-5.2684479,14.391237,22.881693,7.885253,7.4268813,38.336506,12.86037,7.5849409,-2.0058422,27.726582
29.8,27,4.7133555,5.1764622,-5.4323239,14.859035,23.472263,8.1554012,7.4879708,39.456554,13.239754,7.8352919,-2.1171362,28.596643
29.9,27,4.8634677,5.335186,-5.5933051,15.32024,24.034828,8.423461,7.5251484,40.54451,13.608575,8.0825768,-2.2329843,29.450134
30,27,5.0116615,5.4914498,-5.7513828,15.774706,24.568369,8.6894073,7.5374436,41.599297,13.966447,8.3267307,-2.3536465,30.286539
30.1,27,5.1578712,5.6452246,-5.9065652,16.222307,25.071886,8.953227,7.5238824,42.619888,14.31299,8.5677013,-2.4793966,31.105377
30.2,27,5.3020306,5.7964869,-6.0588746,16.662935,25.544374,9.2149143,7.4834733,43.605274,14.647827,8.8054419,-2.6105218,31.906176
30.3,27,5.4440699,5.9452181,-6.2083435,17.096483,25.984818,9.4744635,7.4152102,44.554424,14.970572,9.0399075,-2.7473209,32.688465
30.4,27,5.5839295,6.0914183,-6.3550305,17.52289,26.39225,9.7318954,7.3180866,45.466415,15.280865,9.2710772,-2.8901117,33.451843
30.5,27,5.7215409,6.2350845,-6.4990001,17.942081,26.765657,9.9872198,7.1910658,46.340248,15.578321,9.4989214,-3.0392227,34.195866
30.6,27,5.8568368,6.3762259,-6.6403365,18.35401,27.104033,10.240461,7.0330977,47.174969,15.86256,9.723424,-3.1950011,34.92012
30.7,27,5.9897513,6.5148616,-6.7791424,18.758646,27.406376,10.491653,6.8431139,47.969639,16.133205,9.9445782,-3.357811,35.624222
30.8,27,6.1202154,6.6510162,-6.9155364,19.155968,27.671673,10.740832,6.620028,48.723316,16.38987,10.162382,-3.5280325,36.307774
30.9,27,6.2481694,6.7847366,-7.0496697,19.546009,27.898952,10.988061,6.3627491,49.435158,16.632195,10.376857,-3.7060702,36.970459
31,27,6.3735437,6.9160695,-7.1817031,19.928791,28.087202,11.233395,6.0701523,50.104252,16.859795,10.588019,-3.8923433,37.611931
31.1,27,6.4962726,7.0450764,-7.3118238,20.304369,28.235416,11.476906,5.7410941,50.72974,17.072289,10.795905,-4.0872955,38.231873
31.2,27,6.6162896,7.1718326,-7.4402442,20.672823,28.342598,11.718676,5.3744154,51.310783,17.269304,11.000557,-4.2913914,38.829998
31.3,27,6.7335243,7.2964201,-7.5671964,21.034246,28.407719,11.958793,4.9689164,51.846519,17.450447,11.202026,-4.5051212,39.406013
31.4,27,6.847919,7.4189496,-7.692955,21.388792,28.429827,12.197371,4.5234184,52.336235,17.615364,11.400394,-4.7289987,39.959728
31.5,27,6.959403,7.5395317,-7.8178077,21.736614,28.407898,12.434525,4.0366788,52.779118,17.763668,11.595739,-4.9635639,40.490898
31.6,27,7.0679111,7.658298,-7.9420772,22.0779,28.340931,12.670379,3.5074456,53.174419,17.894979,11.788157,-5.2093849,40.999344
31.7,27,7.1733761,7.7753944,-8.0661173,22.41287,28.227924,12.905077,2.9344387,53.521412,18.008921,11.97776,-5.4670587,41.484901
31.8,27,7.2757287,7.8909817,-8.1903114,22.741768,28.067856,13.138767,2.3163452,53.819366,18.105104,12.16467,-5.7372122,41.947418
31.9,27,7.3749104,8.0052471,-8.3150864,23.064907,27.859768,13.37163,1.6518564,54.06768,18.183172,12.349041,-6.020503,42.386848
32,27,7.4708505,8.1183872,-8.440896,23.382597,27.60264,13.60384,.93960565,54.265675,18.242741,12.531029,-6.3176236,42.803104
32.1,27,7.5634804,8.2306147,-8.5682287,23.695189,27.29545,13.835588,.17819764,54.412704,18.283417,12.710803,-6.6292992,43.196133
32.2,27,7.6527438,8.3421783,-8.6976261,24.003113,26.937258,14.067101,-.63375425,54.508266,18.304857,12.888579,-6.9562926,43.56601
32.3,27,7.7385602,8.4533205,-8.8296432,24.306765,26.526976,14.298582,-1.4977318,54.551682,18.306641,13.064548,-7.2994032,43.912685
32.4,27,7.8208785,8.564333,-8.9649057,24.606663,26.06369,14.530295,-2.4151642,54.542545,18.288433,13.238967,-7.6594667,44.236332
32.5,27,7.8996181,8.6754999,-9.1040497,24.903286,25.546324,14.762472,-3.3875906,54.480236,18.249813,13.41207,-8.0373611,44.536987
32.6,27,7.97472,8.7871485,-9.2477751,25.197214,24.973909,14.995397,-4.4165282,54.364346,18.190426,13.584144,-8.4340057,44.814857
32.7,27,8.0461245,8.8996277,-9.3968258,25.489075,24.345488,15.229365,-5.503521,54.194496,18.109915,13.755495,-8.8503609,45.07019
32.8,27,8.1137514,9.0132856,-9.5519638,25.779467,23.659969,15.46466,-6.6502066,53.970146,18.007856,13.926424,-9.2874327,45.303146
32.9,27,8.1775494,9.1285219,-9.7140245,26.069122,22.916451,15.701621,-7.858161,53.691059,17.883921,14.097294,-9.7462673,45.514111
33,27,8.2374382,9.2457285,-9.8838568,26.358732,22.11384,15.94056,-9.1290836,53.356762,17.737686,14.268449,-10.22796,45.703331
33.1,27,8.2933578,9.3653402,-10.062371,26.649086,21.251181,16.181839,-10.464642,52.967003,17.568796,14.440288,-10.733649,45.871239
33.2,27,8.3452501,9.4878111,-10.250518,26.941017,20.327509,16.425835,-11.866537,52.521553,17.376892,14.613235,-11.264523,46.018307
33.3,27,8.393033,9.613596,-10.449268,27.235336,19.341734,16.672907,-13.336563,52.020031,17.161552,14.787704,-11.821815,46.14492
33.4,27,8.4366579,9.7431955,-10.659655,27.532969,18.292955,16.923473,-14.876442,51.462353,16.922447,14.964177,-12.4068,46.251698
33.5,27,8.4760418,9.8771,-10.882719,27.834803,17.180084,17.177921,-16.488026,50.848194,16.659157,15.143117,-13.020806,46.339123
33.6,27,8.5111265,10.015838,-11.119555,28.141808,16.002161,17.436691,-18.173126,50.177448,16.371325,15.325041,-13.665204,46.407852
33.7,27,8.541852,10.159948,-11.371281,28.454985,14.758209,17.70023,-19.933605,49.450024,16.058586,15.510488,-14.341413,46.458584
33.8,27,8.5681391,10.309969,-11.639029,28.775307,13.447162,17.968969,-21.771372,48.665695,15.720527,15.69999,-15.050889,46.491943
33.9,27,8.5899353,10.466469,-11.923966,29.103838,12.068101,18.243395,-23.688297,47.824497,15.356814,15.894142,-15.795132,46.508762
34,27,8.6071615,10.630004,-12.227263,29.441587,10.61995,18.523964,-25.68635,46.92625,14.96703,16.093517,-16.575684,46.509743
34.1,27,8.6197577,10.801153,-12.550114,29.789629,9.101737,18.811171,-27.767479,45.970951,14.550811,16.298737,-17.394125,46.495747
34.2,27,8.6276636,10.980497,-12.893715,30.149042,7.5125012,19.105522,-29.933636,44.958637,14.107803,16.510441,-18.252068,46.467674
34.3,27,8.6308002,11.168604,-13.259261,30.520861,5.8511515,19.407509,-32.186867,43.889168,13.637583,16.729259,-19.151165,46.426331
34.4,27,8.6291151,11.366058,-13.647949,30.906179,4.1167889,19.717659,-34.52911,42.762688,13.139822,16.955872,-20.093075,46.372719
34.5,27,8.62253,11.573421,-14.060959,31.306019,2.3083315,20.036474,-36.962437,41.579098,12.6141,17.190929,-21.079502,46.307701
34.6,27,8.6109829,11.791263,-14.499467,31.721434,.42480856,20.364491,-39.488857,40.338474,12.060058,17.435129,-22.112165,46.232281
34.7,27,8.5944157,12.020142,-14.964628,32.153461,-1.5347409,20.702244,-42.110394,39.040913,11.477338,17.689167,-23.192793,46.147469
34.8,27,8.5727482,12.260593,-15.457573,32.603069,-3.5714087,21.050253,-44.829147,37.686329,10.865518,17.953726,-24.323141,46.054176
34.9,27,8.545929,12.513154,-15.979401,33.071259,-5.6860886,21.409067,-47.647091,36.274914,10.22427,18.229523,-25.504936,45.953476
35,27,8.5138779,12.778329,-16.531187,33.558945,-7.8798771,21.779203,-50.56633,34.806576,9.5531712,18.517239,-26.739948,45.846291
35.1,27,8.4765348,13.056621,-17.113972,34.067039,-10.15374,22.161203,-53.588902,33.281422,8.851861,18.817581,-28.029922,45.733643
35.2,27,8.4338408,13.348508,-17.728754,34.596436,-12.508619,22.555607,-56.716797,31.699558,8.1199913,19.131252,-29.376575,45.616558
35.3,27,8.3857155,13.654442,-18.376499,35.14793,-14.945625,22.962927,-59.952137,30.060884,7.3571305,19.458923,-30.78166,45.495922
35.4,27,8.3321104,13.974864,-19.058121,35.72234,-17.465622,23.383699,-63.296829,28.365587,6.5629654,19.801285,-32.246841,45.372772
35.5,27,8.2729387,14.310188,-19.774515,36.320393,-20.069782,23.818434,-66.753052,26.613489,5.7370405,20.158991,-33.773857,45.247936
35.6,27,8.2081442,14.660809,-20.526512,36.942802,-22.759007,24.267643,-70.322708,24.804699,4.8790231,20.532698,-35.364323,45.122372
35.7,27,8.1376724,15.027097,-21.314896,37.59024,-25.534224,24.731836,-74.007729,22.939285,3.9885681,20.923044,-37.019844,44.996979
35.8,27,8.0614347,15.409405,-22.140444,38.263313,-28.396599,25.2115,-77.810234,21.017035,3.0652242,21.330639,-38.742062,44.872509
35.9,27,7.9793868,15.808063,-23.003847,38.96262,-31.346972,25.70713,-81.732018,19.038076,2.108686,21.75609,-40.532467,44.74984
36,27,7.8914428,16.223381,-23.905798,39.688686,-34.38649,26.219191,-85.775162,17.002182,1.11851,22.199966,-42.392624,44.629646
36.1,27,7.7975459,16.655649,-24.846928,40.44202,-37.516087,26.748156,-89.941505,14.909332,.094347581,22.66283,-44.323986,44.51268
36.2,27,7.6976395,17.105141,-25.82782,41.223099,-40.736679,27.294477,-94.232872,12.759511,-.96413863,23.145216,-46.327927,44.399651
36.3,27,7.5916376,17.572111,-26.849068,42.032345,-44.049438,27.858595,-98.651283,10.552402,-2.0574033,23.647631,-48.405907,44.291103
36.4,27,7.4794941,18.056797,-27.91118,42.870167,-47.455196,28.440943,-103.19842,8.2880278,-3.1857486,24.170567,-50.559189,44.187691
36.5,27,7.361124,18.559427,-29.014685,43.736935,-50.955105,29.041935,-107.87625,5.9660425,-4.3496213,24.714485,-52.789124,44.089878
36.6,27,7.2364697,19.080208,-30.160051,44.632992,-54.550095,29.661982,-112.68651,3.5863202,-5.5493665,25.279831,-55.096924,43.998192
36.7,27,7.1054759,19.619333,-31.347712,45.558662,-58.241085,30.301476,-117.63089,1.1487134,-6.7853251,25.867022,-57.483753,43.913105
36.8,27,6.9680552,20.177,-32.578136,46.514248,-62.029255,30.960798,-122.7113,-1.3472044,-8.0579519,26.476456,-59.950851,43.834946
36.9,27,6.8241634,20.753368,-33.851692,47.500019,-65.915405,31.640318,-127.92929,-3.9015243,-9.3675423,27.108507,-62.499237,43.764153
37,27,6.6737127,21.348618,-35.168808,48.516235,-69.900734,32.340393,-133.28674,-6.5147262,-10.714553,27.763533,-65.130081,43.70097
37.1,27,6.5167136,21.962784,-36.529549,49.562977,-73.985153,33.061253,-138.78403,-9.186285,-12.09895,28.44175,-67.843758,43.645855
37.2,27,6.3534422,22.59539,-37.932709,50.639595,-78.164543,33.802612,-144.41644,-11.912643,-13.519173,29.142839,-70.638084,43.599743
37.3,27,6.1842065,23.245827,-39.376774,51.74519,-82.43412,34.564007,-150.17833,-14.689913,-14.973425,29.866295,-73.510284,43.563438
37.4,27,6.0093594,23.913395,-40.860035,52.878754,-86.788666,35.344891,-156.06339,-17.51395,-16.45973,30.611502,-76.457169,43.537708
37.5,27,5.8292103,24.597393,-42.380795,54.039215,-91.223381,36.14468,-162.06564,-20.381109,-17.976286,31.377787,-79.475616,43.523045
37.6,27,5.6440992,25.297062,-43.937229,55.22543,-95.733162,36.962704,-168.17874,-23.287594,-19.521166,32.164394,-82.562218,43.51989
37.7,27,5.45437,26.011604,-45.527439,56.43618,-100.3129,37.798256,-174.39612,-26.229681,-21.09243,32.970501,-85.713425,43.528564
37.8,27,5.2603307,26.740232,-47.149563,57.670223,-104.95779,38.650581,-180.71153,-29.204046,-22.688282,33.79525,-88.925758,43.549194
37.9,27,5.0623331,27.482096,-48.801586,58.926254,-109.66264,39.518871,-187.11819,-32.207073,-24.306746,34.637714,-92.195419,43.581928
38,27,4.8606877,28.236366,-50.481571,60.20295,-114.42262,40.402294,-193.60965,-35.235573,-25.946018,35.496948,-95.518753,43.626717
38.1,27,4.6557345,29.002172,-52.187477,61.498947,-119.23264,41.299976,-200.17911,-38.286175,-27.604174,36.371948,-98.891884,43.683533
38.2,27,4.4478168,29.778629,-53.917225,62.812859,-124.08759,42.211006,-206.81964,-41.355541,-29.279272,37.261684,-102.31083,43.752285
38.3,27,4.2372413,30.564878,-55.668819,64.143303,-128.9827,43.134472,-213.5247,-44.440685,-30.969524,38.165127,-105.7718,43.832752
38.4,27,4.0243602,31.36001,-57.440128,65.488853,-133.91275,44.069408,-220.2872,-47.538292,-32.672955,39.081192,-109.27068,43.924774
38.5,27,3.8094852,32.163147,-59.229122,66.848091,-138.87291,45.014854,-227.1004,-50.645409,-34.387753,40.008804,-112.80357,44.028065
38.6,27,3.5929563,32.973381,-61.03368,68.219597,-143.85809,45.969822,-233.95729,-53.758896,-36.111992,40.946861,-116.36636,44.14238
38.7,27,3.3751166,33.789799,-62.851673,69.601906,-148.86317,46.933292,-240.85074,-56.87561,-37.843731,41.894234,-119.95493,44.26746
38.8,27,3.1562717,34.61153,-64.681084,70.993622,-153.88341,47.904282,-247.77408,-59.992737,-39.581192,42.849838,-123.56533,44.40295
38.9,27,2.9367783,35.437641,-66.519722,72.39328,-158.91351,48.881741,-254.71997,-63.107063,-41.322372,43.812519,-127.19333,44.548584
39,27,2.716943,36.267258,-68.36557,73.799461,-163.94873,49.864658,-261.68167,-66.215797,-43.065487,44.78117,-130.83496,44.703995
39.1,27,2.497051,37.099586,-70.216805,75.210907,-168.9848,50.852127,-268.65314,-69.316467,-44.808922,45.754795,-134.48668,44.868832
39.2,27,2.2771726,37.934326,-72.072746,76.62709,-174.02074,51.843746,-275.6326,-72.408859,-46.552299,46.732941,-138.14719,45.04258
39.3,27,2.0572822,38.771347,-73.933167,78.047729,-179.05679,52.839306,-282.61993,-75.493645,-48.295731,47.715351,-141.8161,45.22464
39.4,27,1.8374025,39.610481,-75.797714,79.472519,-184.09274,53.838573,-289.61441,-78.571075,-50.039116,48.701752,-145.4928,45.414558
39.5,27,1.6175106,40.451618,-77.666206,80.90123,-189.12881,54.841358,-296.61591,-81.641724,-51.782555,49.691921,-149.17693,45.611824
39.6,27,1.3976188,41.294628,-79.538361,82.333603,-194.16489,55.847466,-303.6239,-84.705856,-53.52599,50.685631,-152.86801,45.816025
39.7,27,1.1777403,42.139378,-81.413918,83.769402,-199.20082,56.856705,-310.63791,-87.763725,-55.269367,51.682659,-156.56552,46.026783
39.8,27,.9578498,42.98579,-83.292755,85.20845,-204.23686,57.868935,-317.6579,-90.815842,-57.012798,52.682846,-160.26929,46.243687
39.9,27,.73797011,43.833755,-85.174614,86.650551,-209.27281,58.88398,-324.68329,-93.862343,-58.756184,53.685993,-163.97879,46.466431
40,27,.51807821,44.683201,-87.059387,88.095543,-214.30888,59.901718,-331.71411,-96.903679,-60.499619,54.691959,-167.69389,46.694653
40.1,27,.29818636,45.534035,-88.946884,89.543259,-219.34496,60.922009,-338.74991,-99.940018,-62.243057,55.700581,-171.41418,46.928078
40.2,27,.078306645,46.386166,-90.836906,90.993523,-224.38092,61.944706,-345.79031,-102.97152,-63.986443,56.7117,-175.13933,47.166447
40.3,27,-.14158252,47.239544,-92.729385,92.44622,-229.41695,62.969715,-352.83533,-105.99857,-65.729866,57.725208,-178.86919,47.409466
40.4,27,-.36146224,48.094086,-94.624138,93.901215,-234.4529,63.996914,-359.88455,-109.02126,-67.473251,58.740963,-182.60342,47.656925
40.5,27,-.58135408,48.949757,-96.521118,95.358406,-239.48897,65.026215,-366.93799,-112.03994,-69.21669,59.758877,-186.34193,47.908562
40.6,27,-.80124599,49.806484,-98.420158,96.817665,-244.52504,66.057503,-373.99536,-115.05472,-70.960121,60.778828,-190.08444,48.164188
40.7,27,-1.0211257,50.664196,-100.32112,98.27887,-249.56099,67.090683,-381.0563,-118.06568,-72.703506,61.800694,-193.83064,48.423622
40.8,27,-1.2410176,51.522873,-102.22399,99.741959,-254.59706,68.125687,-388.12094,-121.07318,-74.446945,62.824417,-197.58054,48.686646
40.9,27,-1.4608918,52.382431,-104.12857,101.20679,-259.63293,69.162392,-395.18875,-124.07714,-76.1903,63.849857,-201.33372,48.953121
41,27,-1.6807865,53.242882,-106.03491,102.67334,-264.66904,70.20079,-402.26007,-127.07803,-77.933754,64.877007,-205.09035,49.222843
41.1,27,-1.9006783,54.104145,-107.94285,104.14149,-269.70511,71.240768,-409.33444,-130.07579,-79.677193,65.905739,-208.85007,49.495682
41.2,27,-2.120558,54.966175,-109.85228,105.61117,-274.74106,72.282242,-416.41165,-133.07048,-81.420578,66.935966,-212.61267,49.771511
41.3,27,-2.3404498,55.828964,-111.76321,107.08231,-279.77713,73.32518,-423.49185,-136.06242,-83.164017,67.967667,-216.37819,50.050163
41.4,27,-2.5603242,56.69244,-113.67546,108.55482,-284.81302,74.369484,-430.57452,-139.05151,-84.907372,69.00071,-220.14629,50.331543
41.5,27,-2.7802188,57.556625,-115.58913,110.02869,-289.84912,75.415154,-437.6601,-142.03815,-86.650818,70.035118,-223.91713,50.615494
41.6,27,-3.0001106,58.421455,-117.50406,111.50384,-294.88519,76.46209,-444.74814,-145.02226,-88.394257,71.070786,-227.69043,50.90192
41.7,27,-3.2199905,59.286888,-119.42016,112.98018,-299.92114,77.510239,-451.83841,-148.00388,-90.137642,72.107643,-231.46602,51.190735
41.8,27,-3.4398797,60.152927,-121.33745,114.45769,-304.95718,78.55957,-458.93109,-150.98326,-91.881065,73.145668,-235.24393,51.481804
41.9,27,-3.6597567,61.019516,-123.25581,115.9363,-309.9931,79.610016,-466.02585,-153.96034,-93.624435,74.184784,-239.02394,51.775063
42,27,-3.8796511,61.886681,-125.17532,117.41602,-315.02921,80.661575,-473.12299,-156.93542,-95.367889,75.224991,-242.80617,52.070389
42.1,27,-4.0995431,62.75436,-127.09583,118.89674,-320.06528,81.714172,-480.22211,-159.90845,-97.111328,76.26622,-246.59036,52.367714
42.2,27,-4.3194227,63.622524,-129.01727,120.37843,-325.10123,82.767754,-487.32306,-162.87941,-98.854713,77.308403,-250.3764,52.666977
42.3,27,-4.5393119,64.49118,-130.9397,121.86107,-330.13727,83.822319,-494.42599,-165.84854,-100.59813,78.35154,-254.16432,52.96806
42.4,27,-4.7591891,65.360275,-132.86298,123.3446,-335.17319,84.877792,-501.53058,-168.81577,-102.3415,79.395561,-257.95395,53.270931
42.5,27,-4.9790835,66.229851,-134.7872,124.82903,-340.20929,85.934189,-508.63721,-171.78137,-104.08495,80.440475,-261.74539,53.575485
42.6,27,-5.1989756,67.099838,-136.71223,126.31429,-345.24536,86.991447,-515.74548,-174.74525,-105.82839,81.486229,-265.53845,53.881676
42.7,27,-5.4188552,67.970222,-138.63805,127.80033,-350.28131,88.049515,-522.85516,-177.70743,-107.57178,82.532761,-269.33301,54.189453
42.8,27,-5.6387444,68.841011,-140.56464,129.28716,-355.31735,89.108398,-529.96661,-180.66809,-109.3152,83.58007,-273.12912,54.49873
42.9,27,-5.8586211,69.712158,-142.49194,130.7747,-360.35324,90.168037,-537.07935,-183.62715,-111.05857,84.628113,-276.92661,54.809479
43,27,-6.078516,70.583702,-144.42003,132.263,-365.38937,91.228455,-544.19385,-186.58488,-112.80202,85.676903,-280.72565,55.121616
43.1,27,-6.2984104,71.455605,-146.34882,133.752,-370.42548,92.289597,-551.30975,-189.5412,-114.54547,86.726379,-284.52606,55.435108
43.2,27,-6.5182953,72.327827,-148.27823,135.24164,-375.46152,93.351425,-558.42694,-192.49609,-116.28889,87.776512,-288.3277,55.749916
43.3,27,-6.7381687,73.20034,-150.20819,136.73186,-380.49731,94.413872,-565.5451,-195.44951,-118.03222,88.82724,-292.1304,56.065971
43.4,27,-6.9580536,74.073204,-152.13887,138.22276,-385.53333,95.47702,-572.66486,-198.40181,-119.77563,89.878639,-295.93454,56.383251
43.5,27,-7.177948,74.946388,-154.07018,139.71428,-390.56946,96.54081,-579.78595,-201.35294,-121.51909,90.930641,-299.73987,56.701691
43.6,27,-7.3978429,75.819862,-156.00204,141.20636,-395.60556,97.605209,-586.90826,-204.30287,-123.26254,91.983223,-303.54636,57.021263
43.7,27,-7.6177278,76.693619,-157.93445,142.69901,-400.6416,98.670189,-594.03162,-207.25159,-125.00596,93.036354,-307.35385,57.341942
43.8,27,-7.8376007,77.567596,-159.86731,144.19211,-405.67737,99.735687,-601.1557,-210.19904,-126.74929,94.089966,-311.16223,57.663662
43.9,27,-8.0574856,78.441887,-161.80077,145.68579,-410.71341,100.80178,-608.28125,-213.14555,-128.49271,95.144157,-314.97183,57.98642
44,27,-8.2773809,79.316444,-163.73476,147.17999,-415.74951,101.86842,-615.40796,-216.09108,-130.23616,96.19886,-318.78247,58.31015
44.1,27,-8.4972754,80.191246,-165.66924,148.67468,-420.78564,102.93559,-622.53571,-219.0356,-131.97961,97.254051,-322.59406,58.634834
44.2,27,-8.7171602,81.066284,-167.60416,150.16983,-425.82169,104.00324,-629.66431,-221.97906,-133.72302,98.309708,-326.40649,58.960461
44.3,27,-8.9370308,81.941505,-169.53943,151.66536,-430.85742,105.07133,-636.79346,-224.9214,-135.46634,99.365761,-330.21964,59.286968
44.4,27,-9.1569185,82.817001,-171.47525,153.16142,-435.89349,106.13995,-643.92395,-227.86302,-137.20978,100.42232,-334.03391,59.614353
44.5,27,-9.3768129,83.692719,-173.41153,154.6579,-440.9296,107.20902,-651.05542,-230.80377,-138.95322,101.47931,-337.849,59.94257
44.6,27,-9.5967073,84.568649,-175.34821,156.1548,-445.96573,108.27855,-658.18781,-233.74367,-140.69667,102.53671,-341.66495,60.271595
44.7,27,-9.8165922,85.444771,-177.28528,157.65208,-451.00174,109.3485,-665.32086,-236.68263,-142.44009,103.59451,-345.4816,60.601429
44.8,27,-10.036463,86.321045,-179.22261,159.14969,-456.03751,110.4188,-672.45441,-239.62062,-144.18341,104.65265,-349.29883,60.932011
44.9,27,-10.256351,87.197571,-181.16045,160.64775,-461.07358,111.48959,-679.58917,-242.558,-145.92683,105.71122,-353.11703,61.263351
45,27,-10.476245,88.07428,-183.09866,162.14618,-466.10968,112.56076,-686.72473,-245.49464,-147.67029,106.77017,-356.93597,61.595394
45.1,27,-10.696135,88.951164,-185.0372,163.64494,-471.14572,113.63231,-693.86096,-248.4305,-149.41371,107.82945,-360.75555,61.928139
45.2,27,-10.916027,89.828239,-186.97614,165.14409,-476.18188,114.70425,-700.99805,-251.36566,-151.15718,108.88911,-364.57593,62.261578
45.3,27,-11.135895,90.705414,-188.91524,166.64345,-481.21759,115.77647,-708.13531,-254.29985,-152.90047,109.94903,-368.39661,62.595657
45.4,27,-11.355791,91.582832,-190.85484,168.14326,-486.25378,116.84914,-715.27386,-257.23367,-154.64395,111.00936,-372.21829,62.930393
45.5,27,-11.575678,92.460381,-192.79469,169.64334,-491.28976,117.92211,-722.41284,-260.16666,-156.38736,112.06996,-376.04047,63.265739
45.6,27,-11.795567,93.338089,-194.73486,171.14374,-496.32581,118.99543,-729.55255,-263.09906,-158.13078,113.13089,-379.86325,63.601688
45.7,27,-12.01546,94.215973,-196.67538,172.64445,-501.36194,120.06909,-736.69305,-266.03085,-159.87424,114.19214,-383.68671,63.938236
45.8,27,-12.235328,95.093933,-198.61601,174.14536,-506.39764,121.14298,-743.83356,-268.96176,-161.61754,115.25359,-387.51044,64.275345
45.9,27,-12.45522,95.972107,-200.5571,175.64665,-511.43381,122.21728,-750.97528,-271.89236,-163.36101,116.31541,-391.33502,64.613022
46,27,-12.67511,96.850403,-202.49841,177.14819,-516.46985,123.29183,-758.11737,-274.8223,-165.10443,117.37749,-395.16006,64.951225
46.1,27,-12.895,97.728836,-204.43999,178.64999,-521.50586,124.36668,-765.26013,-277.75165,-166.84784,118.43983,-398.98566,65.289955
46.2,27,-13.114892,98.607414,-206.38188,180.1521,-526.54205,125.44186,-772.40356,-280.68051,-168.59131,119.50246,-402.81183,65.629211
46.3,27,-13.33476,99.486053,-208.32385,181.65433,-531.57776,126.51721,-779.54694,-283.60855,-170.33461,120.56525,-406.63815,65.968956
46.4,27,-13.554653,100.3649,-210.26624,183.15694,-536.61389,127.59293,-786.69141,-286.53635,-172.07806,121.62839,-410.46533,66.309196
46.5,27,-13.774542,101.24384,-212.20882,184.65973,-541.6499,128.66887,-793.8363,-289.46356,-173.82149,122.69173,-414.29288,66.649895
46.6,27,-13.994426,102.12288,-214.1516,186.16275,-546.68585,129.74506,-800.98151,-292.39023,-175.56488,123.7553,-418.12082,66.991051
46.7,27,-14.214325,103.00209,-216.09471,187.66606,-551.72211,130.82156,-808.12769,-295.31656,-177.30838,124.81915,-421.94943,67.332672
46.8,27,-14.434193,103.88132,-218.03786,189.16946,-556.75781,131.89821,-815.27356,-298.2421,-179.05167,125.88313,-425.77808,67.674721
46.9,27,-14.654085,104.76075,-219.98138,190.6732,-561.79395,132.97517,-822.42053,-301.16742,-180.79514,126.9474,-429.60748,68.017212
47,27,-14.873975,105.64025,-221.92506,192.17712,-566.83002,134.05235,-829.56775,-304.09222,-182.53856,128.01187,-433.43723,68.3601
