temp,ref,yhat_low,se_low,lowerci_low,upperci_low,yhat_high_gdp,se_high,lowerci_high,upperci_high
-20,27,-2.5172164,13.458097,-28.894602,23.860168,19.901678,14.654115,-8.8198595,48.623215
-19.9,27,-2.5118606,13.429462,-28.833124,23.809402,19.859333,14.622935,-8.8010941,48.51976
-19.799999,27,-2.506505,13.400828,-28.771645,23.758636,19.816988,14.591756,-8.7823277,48.416306
-19.700001,27,-2.5011492,13.372194,-28.710169,23.70787,19.774645,14.560577,-8.7635622,48.312855
-19.6,27,-2.4957933,13.34356,-28.648691,23.657103,19.732302,14.529399,-8.7447968,48.2094
-19.5,27,-2.4904375,13.314925,-28.587212,23.606337,19.689957,14.498219,-8.7260313,48.105946
-19.4,27,-2.4850819,13.286291,-28.525734,23.555571,19.647614,14.467041,-8.7072649,48.002491
-19.299999,27,-2.4797261,13.257657,-28.464256,23.504805,19.605268,14.435862,-8.6884995,47.899036
-19.200001,27,-2.4743702,13.229023,-28.402779,23.454039,19.562925,14.404683,-8.669734,47.795586
-19.1,27,-2.4690144,13.200389,-28.341301,23.403273,19.520582,14.373504,-8.6509686,47.692131
-19,27,-2.4636588,13.171754,-28.279823,23.352505,19.478237,14.342325,-8.6322031,47.588676
-18.9,27,-2.458303,13.14312,-28.218346,23.301739,19.435894,14.311146,-8.6134367,47.485222
-18.799999,27,-2.4529471,13.114486,-28.156866,23.250973,19.393549,14.279966,-8.5946712,47.381771
-18.700001,27,-2.4475913,13.085852,-28.09539,23.200207,19.351206,14.248788,-8.5759058,47.278316
-18.6,27,-2.4422357,13.057218,-28.033911,23.149441,19.308861,14.217609,-8.5571404,47.174862
-18.5,27,-2.4368799,13.028584,-27.972433,23.098675,19.266518,14.18643,-8.5383749,47.071407
-18.4,27,-2.431524,12.999949,-27.910955,23.047907,19.224173,14.155251,-8.5196085,46.967957
-18.299999,27,-2.4261682,12.971314,-27.849478,22.997141,19.181829,14.124072,-8.500843,46.864502
-18.200001,27,-2.4208126,12.94268,-27.788,22.946375,19.139486,14.092894,-8.4820776,46.761047
-18.1,27,-2.4154568,12.914046,-27.726522,22.895609,19.097141,14.061714,-8.4633121,46.657597
-18,27,-2.4101009,12.885412,-27.665045,22.844843,19.054798,14.030535,-8.4445457,46.554142
-17.9,27,-2.4047451,12.856777,-27.603565,22.794075,19.012453,13.999356,-8.4257803,46.450687
-17.799999,27,-2.3993893,12.828143,-27.542088,22.743309,18.97011,13.968177,-8.4070148,46.347233
-17.700001,27,-2.3940337,12.799509,-27.480612,22.692543,18.927765,13.936998,-8.3882494,46.243782
-17.6,27,-2.3886778,12.770875,-27.419132,22.641777,18.885422,13.905819,-8.3694839,46.140327
-17.5,27,-2.383322,12.742241,-27.357655,22.591011,18.843077,13.87464,-8.3507175,46.036873
-17.4,27,-2.3779662,12.713606,-27.296177,22.540245,18.800734,13.843461,-8.3319521,45.933418
-17.299999,27,-2.3726103,12.684972,-27.234699,22.489477,18.758389,13.812283,-8.3131866,45.829964
-17.200001,27,-2.3672547,12.656338,-27.173222,22.438711,18.716045,13.781104,-8.2944212,45.726513
-17.1,27,-2.3618989,12.627704,-27.111744,22.387945,18.673702,13.749925,-8.2756557,45.623058
-17,27,-2.3565431,12.59907,-27.050266,22.337179,18.631357,13.718745,-8.2568893,45.519604
-16.9,27,-2.3511872,12.570435,-26.988787,22.286413,18.589014,13.687567,-8.2381239,45.416149
-16.799999,27,-2.3458316,12.5418,-26.927309,22.235645,18.546669,13.656387,-8.2193584,45.312695
-16.700001,27,-2.3404758,12.513166,-26.865831,22.184881,18.504326,13.625209,-8.200593,45.209244
-16.6,27,-2.33512,12.484532,-26.804354,22.134113,18.461981,13.594029,-8.1818275,45.105789
-16.5,27,-2.3297641,12.455898,-26.742876,22.083347,18.419638,13.562851,-8.1630611,45.002335
-16.4,27,-2.3244085,12.427264,-26.681398,22.032581,18.377293,13.531672,-8.1442957,44.898884
-16.299999,27,-2.3190527,12.398629,-26.619919,21.981815,18.334949,13.500492,-8.1255302,44.795429
-16.200001,27,-2.3136969,12.369996,-26.558443,21.931049,18.292606,13.469314,-8.1067648,44.691975
-16.1,27,-2.308341,12.341361,-26.496965,21.880283,18.250261,13.438135,-8.0879984,44.588524
-16,27,-2.3029854,12.312727,-26.435486,21.829515,18.207918,13.406956,-8.0692329,44.485069
-15.9,27,-2.2976296,12.284093,-26.374008,21.778749,18.165573,13.375776,-8.0504675,44.381615
-15.8,27,-2.2922738,12.255459,-26.312531,21.727983,18.12323,13.344598,-8.031702,44.27816
-15.7,27,-2.2869179,12.226824,-26.251053,21.677217,18.080885,13.313418,-8.0129356,44.174706
-15.6,27,-2.2815623,12.19819,-26.189575,21.626451,18.038542,13.28224,-7.9941707,44.071255
-15.5,27,-2.2762065,12.169556,-26.128098,21.575684,17.996197,13.25106,-7.9754047,43.9678
-15.4,27,-2.2708507,12.140922,-26.06662,21.524918,17.953854,13.219882,-7.9566388,43.864346
-15.3,27,-2.2654948,12.112288,-26.005142,21.474152,17.91151,13.188704,-7.9378734,43.760891
-15.2,27,-2.260139,12.083652,-25.943663,21.423386,17.869165,13.157524,-7.9191079,43.65744
-15.1,27,-2.2547834,12.055018,-25.882185,21.37262,17.826822,13.126346,-7.900342,43.553986
-15,27,-2.2494276,12.026384,-25.820707,21.321854,17.784477,13.095166,-7.8815765,43.450531
-14.9,27,-2.2440717,11.99775,-25.75923,21.271086,17.742134,13.063987,-7.8628106,43.347076
-14.8,27,-2.2387159,11.969116,-25.697752,21.22032,17.699789,13.032808,-7.8440452,43.243626
-14.7,27,-2.2333603,11.940481,-25.636274,21.169554,17.657446,13.001629,-7.8252792,43.140171
-14.6,27,-2.2280045,11.911847,-25.574797,21.118788,17.615101,12.97045,-7.8065138,43.036716
-14.5,27,-2.2226486,11.883213,-25.513319,21.068022,17.572758,12.939271,-7.7877483,42.933262
-14.4,27,-2.2172928,11.854579,-25.451839,21.017254,17.530413,12.908092,-7.7689824,42.829811
-14.3,27,-2.2119372,11.825945,-25.390364,20.966488,17.48807,12.876913,-7.750217,42.726357
-14.2,27,-2.2065814,11.797311,-25.328884,20.915722,17.445726,12.845735,-7.731451,42.622902
-14.1,27,-2.2012255,11.768676,-25.267406,20.864956,17.403381,12.814555,-7.7126856,42.519447
-14,27,-2.1958697,11.740042,-25.205929,20.81419,17.361038,12.783377,-7.6939197,42.415997
-13.9,27,-2.1905138,11.711408,-25.144451,20.763424,17.318693,12.752197,-7.6751542,42.312542
-13.8,27,-2.1851583,11.682774,-25.082973,20.712658,17.27635,12.721019,-7.6563888,42.209087
-13.7,27,-2.1798024,11.65414,-25.021496,20.66189,17.234005,12.689839,-7.6376228,42.105633
-13.6,27,-2.1744466,11.625505,-24.960018,20.611124,17.191662,12.658661,-7.6188574,42.002182
-13.5,27,-2.1690907,11.59687,-24.89854,20.560358,17.149317,12.627481,-7.6000915,41.898727
-13.4,27,-2.1637349,11.568236,-24.837061,20.509592,17.106974,12.596303,-7.581326,41.795273
-13.3,27,-2.1583793,11.539602,-24.775583,20.458826,17.064631,12.565124,-7.5625601,41.691818
-13.2,27,-2.1530235,11.510968,-24.714106,20.408058,17.022285,12.533945,-7.5437946,41.588367
-13.1,27,-2.1476676,11.482334,-24.652628,20.357292,16.979942,12.502766,-7.5250292,41.484913
-13,27,-2.142312,11.453699,-24.59115,20.306526,16.937597,12.471587,-7.5062633,41.381458
-12.9,27,-2.1369562,11.425065,-24.529673,20.25576,16.895254,12.440408,-7.4874978,41.278004
-12.8,27,-2.1316004,11.396431,-24.468195,20.204994,16.852909,12.409229,-7.4687319,41.174553
-12.7,27,-2.1262445,11.367797,-24.406717,20.154228,16.810566,12.37805,-7.4499664,41.071098
-12.6,27,-2.1208889,11.339163,-24.34524,20.103462,16.768221,12.346871,-7.431201,40.967644
-12.5,27,-2.1155331,11.310528,-24.28376,20.052694,16.725878,12.315692,-7.4124351,40.864189
-12.4,27,-2.1101773,11.281894,-24.222282,20.001928,16.683533,12.284513,-7.3936691,40.760735
-12.3,27,-2.1048214,11.25326,-24.160805,19.951162,16.64119,12.253334,-7.3749037,40.657284
-12.2,27,-2.0994656,11.224626,-24.099327,19.900396,16.598846,12.222155,-7.3561382,40.553829
-12.1,27,-2.09411,11.195992,-24.037849,19.84963,16.556501,12.190976,-7.3373723,40.450375
-12,27,-2.0887542,11.167356,-23.976372,19.798862,16.514158,12.159797,-7.3186069,40.346924
-11.9,27,-2.0833983,11.138722,-23.914894,19.748096,16.471813,12.128618,-7.2998409,40.243469
-11.8,27,-2.0780425,11.110088,-23.853416,19.69733,16.42947,12.097439,-7.2810755,40.140015
-11.7,27,-2.0726867,11.081454,-23.791937,19.646564,16.387125,12.06626,-7.2623096,40.03656
-11.6,27,-2.0673311,11.05282,-23.730461,19.595798,16.344782,12.035081,-7.2435441,39.933109
-11.5,27,-2.0619752,11.024186,-23.668982,19.545033,16.302437,12.003902,-7.2247787,39.829655
-11.4,27,-2.0566194,10.995551,-23.607504,19.494265,16.260094,11.972723,-7.2060127,39.7262
-11.3,27,-2.0512636,10.966917,-23.546026,19.443499,16.217751,11.941545,-7.1872473,39.622746
-11.2,27,-2.045908,10.938283,-23.484549,19.392733,16.175406,11.910365,-7.1684813,39.519291
-11.1,27,-2.0405521,10.909649,-23.423071,19.341967,16.133062,11.879187,-7.1497159,39.41584
-11,27,-2.0351963,10.881015,-23.361593,19.291201,16.090717,11.848007,-7.13095,39.312386
-10.9,27,-2.0298405,10.85238,-23.300116,19.240433,16.048374,11.816829,-7.1121845,39.208931
-10.8,27,-2.0244849,10.823746,-23.238638,19.189667,16.006029,11.785649,-7.0934191,39.10548
-10.7,27,-2.019129,10.795112,-23.177158,19.138901,15.963686,11.754471,-7.0746531,39.002026
-10.6,27,-2.0137732,10.766478,-23.115681,19.088135,15.921342,11.723291,-7.0558877,38.898571
-10.5,27,-2.0084174,10.737844,-23.054203,19.037369,15.878998,11.692113,-7.0371218,38.795116
-10.4,27,-2.0030615,10.709208,-22.992725,18.986603,15.836654,11.660933,-7.0183563,38.691662
-10.3,27,-1.9977059,10.680574,-22.931248,18.935837,15.79431,11.629755,-6.9995904,38.588211
-10.2,27,-1.9923501,10.65194,-22.86977,18.885069,15.751966,11.598576,-6.9808249,38.484756
-10.1,27,-1.9869944,10.623306,-22.808292,18.834303,15.709622,11.567397,-6.9620595,38.381302
-10,27,-1.9816386,10.594672,-22.746815,18.783537,15.667277,11.536218,-6.9432936,38.277847
-9.8999996,27,-1.9762827,10.566037,-22.685335,18.732771,15.624933,11.505038,-6.9245276,38.174397
-9.8000002,27,-1.970927,10.537403,-22.623857,18.682005,15.58259,11.47386,-6.9057622,38.070942
-9.6999998,27,-1.9655712,10.508769,-22.56238,18.631237,15.540246,11.44268,-6.8869967,37.967487
-9.6000004,27,-1.9602154,10.480135,-22.500902,18.580471,15.497902,11.411502,-6.8682308,37.864037
-9.5,27,-1.9548596,10.451501,-22.439425,18.529705,15.455558,11.380323,-6.8494654,37.760582
-9.3999996,27,-1.9495038,10.422867,-22.377947,18.478939,15.413214,11.349144,-6.8306994,37.657127
-9.3000002,27,-1.9441481,10.394233,-22.316469,18.428173,15.37087,11.317966,-6.811934,37.553673
-9.1999998,27,-1.9387922,10.365598,-22.254992,18.377407,15.328526,11.286786,-6.7931681,37.450218
-9.1000004,27,-1.9334365,10.336964,-22.193514,18.326641,15.286182,11.255608,-6.7744026,37.346767
-9,27,-1.9280808,10.30833,-22.132036,18.275873,15.243838,11.224428,-6.7556372,37.243313
-8.8999996,27,-1.922725,10.279696,-22.070557,18.225107,15.201493,11.193249,-6.7368712,37.139858
-8.8000002,27,-1.9173692,10.251061,-22.009079,18.174341,15.15915,11.16207,-6.7181058,37.036407
-8.6999998,27,-1.9120134,10.222426,-21.947601,18.123575,15.116806,11.130891,-6.6993399,36.932953
-8.6000004,27,-1.9066577,10.193792,-21.886124,18.072809,15.074462,11.099712,-6.6805744,36.829498
-8.5,27,-1.9013019,10.165158,-21.824646,18.022041,15.032118,11.068533,-6.6618085,36.726044
-8.3999996,27,-1.895946,10.136524,-21.763168,17.971275,14.989774,11.037354,-6.643043,36.622589
-8.3000002,27,-1.8905903,10.10789,-21.701691,17.920509,14.94743,11.006175,-6.6242776,36.519138
-8.1999998,27,-1.8852345,10.079255,-21.640213,17.869743,14.905086,10.974997,-6.6055117,36.415684
-8.1000004,27,-1.8798788,10.050621,-21.578735,17.818977,14.862742,10.943817,-6.5867462,36.312229
-8,27,-1.8745229,10.021987,-21.517256,17.768211,14.820398,10.912639,-6.5679803,36.208775
-7.9000001,27,-1.8691672,9.9933529,-21.455778,17.717443,14.778054,10.881459,-6.5492148,36.105324
-7.8000002,27,-1.8638114,9.9647188,-21.3943,17.666677,14.73571,10.850281,-6.5304489,36.001869
-7.6999998,27,-1.8584555,9.9360838,-21.332823,17.615911,14.693366,10.819101,-6.5116835,35.898415
-7.5999999,27,-1.8530998,9.9074497,-21.271345,17.565145,14.651022,10.787923,-6.4929175,35.79496
-7.5,27,-1.847744,9.8788157,-21.209867,17.51438,14.608678,10.756743,-6.4741521,35.691509
-7.4000001,27,-1.8423883,9.8501816,-21.14839,17.463614,14.566334,10.725565,-6.4553866,35.588055
-7.3000002,27,-1.8370324,9.8215475,-21.086912,17.412846,14.52399,10.694386,-6.4366207,35.4846
-7.1999998,27,-1.8316767,9.7929125,-21.025433,17.36208,14.481646,10.663207,-6.4178553,35.381145
-7.0999999,27,-1.8263209,9.7642784,-20.963955,17.311314,14.439301,10.632028,-6.3990893,35.277695
-7,27,-1.8209652,9.7356443,-20.902477,17.260548,14.396958,10.600849,-6.3803239,35.17424
-6.9000001,27,-1.8156093,9.7070103,-20.841,17.209782,14.354614,10.56967,-6.361558,35.070786
-6.8000002,27,-1.8102536,9.6783762,-20.779522,17.159016,14.31227,10.538491,-6.3427925,34.967331
-6.6999998,27,-1.8048978,9.6497421,-20.718044,17.108248,14.269926,10.507312,-6.3240266,34.86388
-6.5999999,27,-1.7995421,9.6211071,-20.656567,17.057482,14.227582,10.476133,-6.3052611,34.760426
-6.5,27,-1.7941862,9.592473,-20.595089,17.006716,14.185238,10.444954,-6.2864957,34.656971
-6.4000001,27,-1.7888305,9.563839,-20.533611,16.95595,14.142894,10.413775,-6.2677298,34.553516
-6.3000002,27,-1.7834747,9.5352049,-20.472134,16.905184,14.10055,10.382596,-6.2489643,34.450066
-6.1999998,27,-1.7781188,9.5065708,-20.410654,16.854418,14.058206,10.351417,-6.2301984,34.346611
-6.0999999,27,-1.7727631,9.4779358,-20.349176,16.80365,14.015862,10.320238,-6.2114329,34.243156
-6,27,-1.7674073,9.4493017,-20.287699,16.752884,13.973518,10.289059,-6.192667,34.139702
-5.9000001,27,-1.7620516,9.4206676,-20.226221,16.702118,13.931174,10.25788,-6.1739016,34.036251
-5.8000002,27,-1.7566957,9.3920336,-20.164743,16.651352,13.88883,10.226701,-6.1551361,33.932796
-5.6999998,27,-1.75134,9.3633995,-20.103266,16.600586,13.846486,10.195522,-6.1363702,33.829342
-5.5999999,27,-1.7459842,9.3347654,-20.041788,16.54982,13.804142,10.164343,-6.1176047,33.725887
-5.5,27,-1.7406285,9.3061304,-19.98031,16.499052,13.761798,10.133164,-6.0988388,33.622437
-5.4000001,27,-1.7352726,9.2774963,-19.918831,16.448286,13.719454,10.101985,-6.0800734,33.518982
-5.3000002,27,-1.7299169,9.2488623,-19.857353,16.39752,13.67711,10.070807,-6.0613074,33.415527
-5.1999998,27,-1.7245611,9.2202282,-19.795876,16.346754,13.634766,10.039627,-6.042542,33.312073
-5.0999999,27,-1.7192054,9.1915941,-19.734398,16.295988,13.592422,10.008449,-6.0237761,33.208622
-5,27,-1.7138495,9.1629591,-19.67292,16.245222,13.550078,9.9772692,-6.0050106,33.105167
-4.9000001,27,-1.7084938,9.134325,-19.611443,16.194454,13.507734,9.9460907,-5.9862452,33.001713
-4.8000002,27,-1.703138,9.105691,-19.549965,16.143688,13.46539,9.9149113,-5.9674792,32.898258
-4.6999998,27,-1.6977822,9.0770569,-19.488487,16.092922,13.423046,9.8837328,-5.9487138,32.794807
-4.5999999,27,-1.6924264,9.0484228,-19.42701,16.042156,13.380702,9.8525534,-5.9299479,32.691353
-4.5,27,-1.6870706,9.0197887,-19.36553,15.991389,13.338358,9.8213749,-5.9111824,32.587898
-4.4000001,27,-1.6817149,8.9911537,-19.304052,15.940623,13.296014,9.7901955,-5.8924165,32.484444
-4.3000002,27,-1.6763591,8.9625196,-19.242575,15.889857,13.253671,9.759017,-5.873651,32.380993
-4.1999998,27,-1.6710033,8.9338856,-19.181097,15.83909,13.211326,9.7278376,-5.8548856,32.277538
-4.0999999,27,-1.6656475,8.9052515,-19.119619,15.788324,13.168983,9.6966591,-5.8361197,32.174084
-4,27,-1.6602918,8.8766174,-19.058142,15.737558,13.126638,9.6654797,-5.8173542,32.070629
-3.9000001,27,-1.654936,8.8479824,-18.996664,15.686791,13.084294,9.6343012,-5.7985883,31.967176
-3.8,27,-1.6495802,8.8193483,-18.935186,15.636025,13.04195,9.6031218,-5.7798228,31.863724
-3.7,27,-1.6442244,8.7907143,-18.873709,15.585259,12.999606,9.5719433,-5.7610569,31.760269
-3.5999999,27,-1.6388686,8.7620802,-18.812229,15.534492,12.957262,9.5407639,-5.7422915,31.656816
-3.5,27,-1.6335129,8.7334461,-18.750751,15.483727,12.914918,9.5095854,-5.723526,31.553362
-3.4000001,27,-1.628157,8.704812,-18.689274,15.432961,12.872574,9.478406,-5.7047601,31.449909
-3.3,27,-1.6228013,8.676177,-18.627796,15.382194,12.83023,9.4472265,-5.6859946,31.346455
-3.2,27,-1.6174455,8.647543,-18.566319,15.331428,12.787887,9.416048,-5.6672287,31.243002
-3.0999999,27,-1.6120898,8.6189089,-18.504841,15.280661,12.745543,9.3848686,-5.6484632,31.139547
-3,27,-1.6067339,8.5902748,-18.443363,15.229895,12.703198,9.3536901,-5.6296973,31.036095
-2.9000001,27,-1.6013782,8.5616407,-18.381886,15.179129,12.660854,9.3225107,-5.6109319,30.93264
-2.8,27,-1.5960224,8.5330057,-18.320408,15.128362,12.61851,9.2913322,-5.5921659,30.829187
-2.7,27,-1.5906667,8.5043716,-18.258928,15.077596,12.576166,9.2601528,-5.5734005,30.725733
-2.5999999,27,-1.5853108,8.4757376,-18.197451,15.02683,12.533822,9.2289743,-5.554635,30.62228
-2.5,27,-1.5799551,8.4471035,-18.135973,14.976064,12.491478,9.1977949,-5.5358691,30.518826
-2.4000001,27,-1.5745993,8.4184694,-18.074495,14.925297,12.449134,9.1666164,-5.5171037,30.415373
-2.3,27,-1.5692434,8.3898344,-18.013018,14.874531,12.40679,9.135437,-5.4983377,30.311918
-2.2,27,-1.5638877,8.3612003,-17.95154,14.823765,12.364447,9.1042585,-5.4795723,30.208466
-2.0999999,27,-1.5585319,8.3325663,-17.890062,14.772998,12.322103,9.0730791,-5.4608064,30.105011
-2,27,-1.5531762,8.3039322,-17.828585,14.722232,12.279758,9.0419006,-5.4420409,30.001558
-1.9,27,-1.5478203,8.2752981,-17.767107,14.671465,12.237414,9.0107212,-5.4232755,29.898104
-1.8,27,-1.5424646,8.246664,-17.705627,14.620699,12.19507,8.9795427,-5.4045095,29.794651
-1.7,27,-1.5371088,8.218029,-17.64415,14.569933,12.152726,8.9483633,-5.3857441,29.691196
-1.6,27,-1.5317531,8.189395,-17.582672,14.519166,12.110382,8.9171848,-5.3669782,29.587744
-1.5,27,-1.5263972,8.1607609,-17.521194,14.4684,12.068038,8.8860054,-5.3482127,29.484289
-1.4,27,-1.5210415,8.1321268,-17.459717,14.417634,12.025694,8.8548269,-5.3294468,29.380836
-1.3,27,-1.5156857,8.1034927,-17.398239,14.366867,11.983351,8.8236475,-5.3106813,29.277382
-1.2,27,-1.51033,8.0748577,-17.336761,14.316101,11.941007,8.792469,-5.2919154,29.173929
-1.1,27,-1.5049741,8.0462236,-17.275284,14.265335,11.898663,8.7612896,-5.27315,29.070475
-1,27,-1.4996184,8.0175896,-17.213806,14.214568,11.856318,8.7301111,-5.2543845,28.967022
-.89999998,27,-1.4942626,7.9889555,-17.152327,14.163802,11.813974,8.6989317,-5.2356186,28.863567
-.80000001,27,-1.4889067,7.9603209,-17.090849,14.113036,11.77163,8.6677532,-5.2168531,28.760113
-.69999999,27,-1.483551,7.9316869,-17.029371,14.062269,11.729286,8.6365738,-5.1980872,28.65666
-.60000002,27,-1.4781952,7.9030528,-16.967894,14.011503,11.686942,8.6053953,-5.1793218,28.553205
-.5,27,-1.4728395,7.8744183,-16.906416,13.960737,11.644598,8.5742159,-5.1605558,28.449753
-.40000001,27,-1.4674836,7.8457842,-16.844938,13.90997,11.602254,8.5430374,-5.1417904,28.346298
-.30000001,27,-1.4621279,7.8171496,-16.783461,13.859204,11.559911,8.511858,-5.1230249,28.242846
-.2,27,-1.4567721,7.7885156,-16.721983,13.808438,11.517567,8.4806786,-5.104259,28.139391
-.1,27,-1.4514164,7.7598815,-16.660503,13.757671,11.475223,8.4495001,-5.0854936,28.035938
0,27,-1.4460605,7.7312469,-16.599026,13.706905,11.432878,8.4183207,-5.0667276,27.932484
.1,27,-1.4407048,7.7026129,-16.537548,13.656139,11.390534,8.3871422,-5.0479622,27.829031
.2,27,-1.435349,7.6739788,-16.47607,13.605372,11.34819,8.3559628,-5.0291963,27.725576
.30000001,27,-1.4299933,7.6453443,-16.414593,13.554606,11.305846,8.3247843,-5.0104308,27.622124
.40000001,27,-1.4246374,7.6167102,-16.353115,13.50384,11.263502,8.2936049,-4.9916649,27.518669
.5,27,-1.4192816,7.5880756,-16.291637,13.453074,11.221158,8.2624264,-4.9728994,27.415216
.60000002,27,-1.4139259,7.5594416,-16.23016,13.402308,11.178815,8.2312469,-4.954134,27.311762
.69999999,27,-1.4085701,7.5308075,-16.168682,13.351542,11.136471,8.2000685,-4.9353681,27.208309
.80000001,27,-1.4032143,7.5021729,-16.107203,13.300775,11.094127,8.168889,-4.9166026,27.104855
.89999998,27,-1.3978585,7.4735389,-16.045725,13.250009,11.051783,8.1377106,-4.8978367,27.001402
1,27,-1.3925028,7.4449048,-15.984248,13.199243,11.009439,8.1065311,-4.8790712,26.897947
1.1,27,-1.3871469,7.4162703,-15.92277,13.148476,10.967094,8.0753527,-4.8603053,26.794495
1.2,27,-1.3817912,7.3876362,-15.861292,13.09771,10.92475,8.0441732,-4.8415399,26.69104
1.3,27,-1.3764354,7.3590021,-15.799814,13.046944,10.882406,8.0129948,-4.8227744,26.587587
1.4,27,-1.3710797,7.3303676,-15.738337,12.996177,10.840062,7.9818153,-4.8040085,26.484133
1.5,27,-1.3657238,7.3017335,-15.676858,12.945411,10.797718,7.9506364,-4.785243,26.38068
1.6,27,-1.3603681,7.2730989,-15.61538,12.894645,10.755375,7.9194574,-4.7664771,26.277225
1.7,27,-1.3550123,7.2444649,-15.553903,12.843878,10.713031,7.8882785,-4.7477117,26.173773
1.8,27,-1.3496565,7.2158308,-15.492425,12.793112,10.670687,7.8570995,-4.7289457,26.070318
1.9,27,-1.3443007,7.1871963,-15.430947,12.742346,10.628343,7.8259206,-4.7101803,25.966866
2,27,-1.3389449,7.1585622,-15.369469,12.691579,10.585999,7.7947416,-4.6914144,25.863411
2.0999999,27,-1.3335892,7.1299281,-15.307991,12.640813,10.543654,7.7635627,-4.6726489,25.759958
2.2,27,-1.3282334,7.1012936,-15.246513,12.590046,10.50131,7.7323837,-4.6538835,25.656504
2.3,27,-1.3228776,7.0726595,-15.185036,12.53928,10.458966,7.7012048,-4.6351175,25.553051
2.4000001,27,-1.3175218,7.0440249,-15.123557,12.488514,10.416622,7.6700258,-4.6163521,25.449596
2.5,27,-1.3121661,7.0153909,-15.062079,12.437747,10.374279,7.6388469,-4.5975862,25.346144
2.5999999,27,-1.3068103,6.9867568,-15.000602,12.386981,10.331935,7.6076679,-4.5788207,25.242689
2.7,27,-1.3014545,6.9581223,-14.939124,12.336215,10.289591,7.576489,-4.5600548,25.139236
2.8,27,-1.2960987,6.9294882,-14.877645,12.285448,10.247247,7.54531,-4.5412893,25.035782
2.9000001,27,-1.290743,6.9008541,-14.816168,12.234682,10.204903,7.5141311,-4.5225234,24.932329
3,27,-1.2853872,6.8722196,-14.75469,12.183916,10.162559,7.4829521,-4.503758,24.828875
3.0999999,27,-1.2800314,6.8435855,-14.693213,12.133149,10.120214,7.4517732,-4.4849925,24.725422
3.2,27,-1.2746756,6.8149509,-14.631735,12.082383,10.07787,7.4205942,-4.4662266,24.621967
3.3,27,-1.2693198,6.7863169,-14.570256,12.031617,10.035526,7.3894153,-4.4474611,24.518515
3.4000001,27,-1.2639641,6.7576828,-14.508779,11.98085,9.9931822,7.3582363,-4.4286952,24.41506
3.5,27,-1.2586082,6.7290483,-14.447301,11.930084,9.950839,7.3270574,-4.4099298,24.311607
3.5999999,27,-1.2532525,6.7004142,-14.385823,11.879318,9.9084949,7.2958784,-4.3911638,24.208153
3.7,27,-1.2478967,6.6717801,-14.324345,11.828551,9.8661509,7.2646995,-4.3723984,24.1047
3.8,27,-1.242541,6.6431456,-14.262867,11.777785,9.8238068,7.2335205,-4.3536329,24.001245
3.9000001,27,-1.2371851,6.6145115,-14.201389,11.727019,9.7814627,7.2023416,-4.334867,23.897793
4,27,-1.2318294,6.5858769,-14.139912,11.676252,9.7391186,7.1711626,-4.3161016,23.794338
4.0999999,27,-1.2264736,6.5572429,-14.078434,11.625486,9.6967745,7.1399837,-4.2973356,23.690886
4.1999998,27,-1.2211179,6.5286088,-14.016955,11.57472,9.6544304,7.1088047,-4.2785702,23.587431
4.3000002,27,-1.215762,6.4999743,-13.955478,11.523953,9.6120863,7.0776253,-4.2598042,23.483978
4.4000001,27,-1.2104062,6.4713402,-13.894,11.473187,9.5697422,7.0464463,-4.2410388,23.380524
4.5,27,-1.2050505,6.4427061,-13.832522,11.422421,9.5273991,7.0152674,-4.2222729,23.277071
4.5999999,27,-1.1996946,6.4140716,-13.771044,11.371655,9.485055,6.9840884,-4.2035074,23.173616
4.6999998,27,-1.1943389,6.3854375,-13.709566,11.320889,9.4427109,6.9529095,-4.184742,23.070164
4.8000002,27,-1.1889831,6.3568029,-13.648088,11.270123,9.4003668,6.9217305,-4.165976,22.966709
4.9000001,27,-1.1836274,6.3281689,-13.586611,11.219356,9.3580227,6.8905516,-4.1472106,22.863256
5,27,-1.1782715,6.2995348,-13.525133,11.16859,9.3156786,6.8593726,-4.1284447,22.759802
5.0999999,27,-1.1729158,6.2709002,-13.463655,11.117824,9.2733345,6.8281937,-4.1096792,22.656349
5.1999998,27,-1.16756,6.2422662,-13.402177,11.067057,9.2309904,6.7970147,-4.0909138,22.552895
5.3000002,27,-1.1622043,6.2136321,-13.340699,11.016291,9.1886463,6.7658358,-4.0721478,22.449442
5.4000001,27,-1.1568484,6.1849976,-13.279222,10.965525,9.1463022,6.7346568,-4.0533824,22.345987
5.5,27,-1.1514927,6.1563635,-13.217743,10.914758,9.1039591,6.7034779,-4.0346165,22.242535
5.5999999,27,-1.1461369,6.1277294,-13.156265,10.863992,9.061615,6.6722989,-4.015851,22.13908
5.6999998,27,-1.1407812,6.0990949,-13.094788,10.813226,9.0192709,6.64112,-3.9970853,22.035627
5.8000002,27,-1.1354253,6.0704608,-13.03331,10.762459,8.9769268,6.609941,-3.9783194,21.932173
5.9000001,27,-1.1300695,6.0418262,-12.971831,10.711693,8.9345827,6.5787621,-3.959554,21.82872
6,27,-1.1247138,6.0131922,-12.910354,10.660927,8.8922386,6.5475831,-3.9407883,21.725266
6.0999999,27,-1.1193579,5.9845581,-12.848876,10.61016,8.8498945,6.5164042,-3.9220226,21.621813
6.1999998,27,-1.1140022,5.9559236,-12.787398,10.559394,8.8075504,6.4852252,-3.9032569,21.518358
6.3000002,27,-1.1086464,5.9272895,-12.72592,10.508627,8.7652063,6.4540462,-3.8844912,21.414906
6.4000001,27,-1.1032907,5.8986554,-12.664442,10.457861,8.7228632,6.4228673,-3.8657255,21.311451
6.5,27,-1.0979348,5.8700209,-12.602964,10.407095,8.6805191,6.3916883,-3.8469598,21.207998
6.5999999,27,-1.0925791,5.8413868,-12.541487,10.356329,8.638175,6.3605094,-3.8281944,21.104544
6.6999998,27,-1.0872233,5.8127527,-12.480009,10.305562,8.5958309,6.3293304,-3.8094287,21.001091
6.8000002,27,-1.0818675,5.7841182,-12.41853,10.254796,8.5534868,6.2981515,-3.790663,20.897636
6.9000001,27,-1.0765117,5.7554841,-12.357053,10.204029,8.5111427,6.2669725,-3.7718973,20.794184
7,27,-1.071156,5.7268496,-12.295575,10.153263,8.4687986,6.2357936,-3.7531316,20.690729
7.0999999,27,-1.0658002,5.6982155,-12.234097,10.102497,8.4264545,6.2046146,-3.7343659,20.587276
7.1999998,27,-1.0604445,5.6695814,-12.17262,10.051731,8.3841105,6.1734357,-3.7156005,20.483822
7.3000002,27,-1.0550886,5.6409469,-12.111141,10.000964,8.3417664,6.1422563,-3.6968346,20.380367
7.4000001,27,-1.0497328,5.6123128,-12.049664,9.9501982,8.2994232,6.1110773,-3.6780691,20.276915
7.5,27,-1.0443771,5.5836782,-11.988186,9.8994312,8.2570791,6.0798984,-3.6593034,20.173462
7.5999999,27,-1.0390213,5.5550442,-11.926708,9.8486652,8.214735,6.0487194,-3.6405377,20.070007
7.6999998,27,-1.0336655,5.5264101,-11.865231,9.7978992,8.1723909,6.0175405,-3.6217721,19.966555
7.8000002,27,-1.0283097,5.4977756,-11.803752,9.7471323,8.1300468,5.9863615,-3.6030064,19.8631
7.9000001,27,-1.022954,5.4691415,-11.742274,9.6963663,8.0877028,5.9551826,-3.5842407,19.759645
8,27,-1.0175982,5.4405074,-11.680797,9.6456003,8.0453587,5.9240036,-3.565475,19.656193
8.1000004,27,-1.0122423,5.4118729,-11.619318,9.5948334,8.0030146,5.8928246,-3.5467093,19.552738
8.1999998,27,-1.0068866,5.3832388,-11.55784,9.5440674,7.9606709,5.8616457,-3.5279438,19.449286
8.3000002,27,-1.0015308,5.3546042,-11.496363,9.4933014,7.9183269,5.8304667,-3.5091782,19.345831
8.3999996,27,-.99617505,5.3259702,-11.434885,9.4425354,7.8759832,5.7992878,-3.4904125,19.242378
8.5,27,-.99081928,5.2973361,-11.373407,9.3917685,7.8336387,5.7681088,-3.4716468,19.138924
8.6000004,27,-.98546344,5.2687016,-11.311929,9.3410015,7.7912946,5.7369299,-3.4528811,19.035471
8.6999998,27,-.98010772,5.2400675,-11.250451,9.2902355,7.748951,5.7057509,-3.4341154,18.932018
8.8000002,27,-.97475189,5.2114334,-11.188973,9.2394695,7.7066069,5.674572,-3.4153497,18.828564
8.8999996,27,-.96939617,5.1827993,-11.127496,9.1887035,7.6642632,5.643393,-3.3965843,18.725111
9,27,-.9640404,5.1541648,-11.066018,9.1379366,7.6219192,5.6122141,-3.3778186,18.621656
9.1000004,27,-.95868456,5.1255302,-11.004539,9.0871706,7.5795746,5.5810351,-3.3590527,18.518202
9.1999998,27,-.95332885,5.0968962,-10.943062,9.0364046,7.537231,5.5498562,-3.3402872,18.414749
9.3000002,27,-.94797301,5.0682621,-10.881584,8.9856377,7.4948869,5.5186772,-3.3215215,18.311295
9.3999996,27,-.9426173,5.039628,-10.820107,8.9348717,7.4525433,5.4874983,-3.3027558,18.207842
9.5,27,-.93726146,5.0109935,-10.758628,8.8841057,7.4101992,5.4563193,-3.2839901,18.104387
9.6000004,27,-.93190569,4.9823589,-10.69715,8.8333387,7.3678546,5.4251399,-3.2652245,18.000935
9.6999998,27,-.92654991,4.9537249,-10.635673,8.7825727,7.325511,5.3939614,-3.246459,17.897482
9.8000002,27,-.92119414,4.9250908,-10.574195,8.7318058,7.2831669,5.3627825,-3.2276931,17.794027
9.8999996,27,-.91583836,4.8964567,-10.512717,8.6810398,7.2408233,5.3316035,-3.2089276,17.690575
10,27,-.91048259,4.8678222,-10.451239,8.6302738,7.1984792,5.3004246,-3.1901619,17.58712
10.1,27,-.90512675,4.8391881,-10.389761,8.5795069,7.1561346,5.2692451,-3.1713963,17.483665
10.2,27,-.89977103,4.810554,-10.328283,8.5287409,7.113791,5.2380667,-3.1526306,17.380213
10.3,27,-.8944152,4.7819195,-10.266805,8.4779749,7.0714469,5.2068872,-3.1338649,17.276758
10.4,27,-.88905948,4.7532854,-10.205328,8.4272089,7.0291033,5.1757088,-3.1150994,17.173306
10.5,27,-.88370365,4.7246509,-10.143849,8.376442,6.9867592,5.1445293,-3.0963335,17.069851
10.6,27,-.87834787,4.6960168,-10.082372,8.325676,6.9444151,5.1133504,-3.0775678,16.966398
10.7,27,-.8729921,4.6673827,-10.020894,8.27491,6.902071,5.0821714,-3.0588024,16.862944
10.8,27,-.86763632,4.6387482,-9.9594154,8.224143,6.8597269,5.0509925,-3.0400367,16.759491
10.9,27,-.86228055,4.6101141,-9.8979378,8.173377,6.8173833,5.019814,-3.021271,16.656038
11,27,-.85692477,4.5814795,-9.8364601,8.122611,6.7750392,4.9886346,-3.0025053,16.552584
11.1,27,-.851569,4.5528455,-9.7749825,8.0718441,6.7326951,4.9574556,-2.9837396,16.449129
11.2,27,-.84621322,4.5242114,-9.7135048,8.0210781,6.690351,4.9262767,-2.9649739,16.345676
11.3,27,-.84085745,4.4955769,-9.6520262,7.9703116,6.6480069,4.8950977,-2.9462082,16.242222
11.4,27,-.83550167,4.4669428,-9.5905485,7.9195457,6.6056633,4.8639188,-2.9274428,16.138769
11.5,27,-.8301459,4.4383087,-9.5290709,7.8687792,6.5633192,4.8327398,-2.9086771,16.035315
11.6,27,-.82479006,4.4096742,-9.4675922,7.8180127,6.5209751,4.8015609,-2.8899114,15.931861
11.7,27,-.81943434,4.3810401,-9.4061155,7.7672462,6.478631,4.7703819,-2.8711457,15.828408
11.8,27,-.81407851,4.3524055,-9.3446369,7.7164798,6.4362869,4.739203,-2.85238,15.724954
11.9,27,-.80872279,4.3237715,-9.2831593,7.6657138,6.3939433,4.708024,-2.8336146,15.621501
12,27,-.80336696,4.2951374,-9.2216816,7.6149473,6.3515992,4.6768451,-2.8148487,15.518047
12.1,27,-.79801118,4.2665029,-9.160203,7.5641809,6.3092551,4.6456661,-2.796083,15.414593
12.2,27,-.79265541,4.2378688,-9.0987253,7.5134149,6.266911,4.6144872,-2.7773175,15.31114
12.3,27,-.78729963,4.2092347,-9.0372477,7.4626484,6.2245669,4.5833082,-2.7585518,15.207685
12.4,27,-.78194386,4.1806002,-8.97577,7.4118824,6.1822233,4.5521293,-2.7397861,15.104233
12.5,27,-.77658808,4.1519661,-8.9142923,7.3611159,6.1398792,4.5209503,-2.7210205,15.000779
12.6,27,-.77123225,4.1233315,-8.8528137,7.3103495,6.0975351,4.4897709,-2.7022548,14.897325
12.7,27,-.76587653,4.0946975,-8.7913361,7.2595835,6.055191,4.4585924,-2.6834891,14.793872
12.8,27,-.7605207,4.0660634,-8.7298584,7.208817,6.0128469,4.4274135,-2.6647234,14.690417
12.9,27,-.75516498,4.0374293,-8.6683807,7.1580505,5.9705033,4.3962345,-2.6459579,14.586965
13,27,-.74980921,4.0087948,-8.6069031,7.1072841,5.9281592,4.3650556,-2.6271923,14.483511
13.1,27,-.74445337,3.9801605,-8.5454245,7.0565176,5.8858151,4.3338761,-2.6084263,14.380056
13.2,27,-.73909765,3.9515264,-8.4839468,7.0057516,5.8434711,4.3026977,-2.5896609,14.276604
13.3,27,-.73374182,3.9228921,-8.4224691,6.9549851,5.801127,4.2715182,-2.5708952,14.173149
13.4,27,-.7283861,3.894258,-8.3609915,6.9042192,5.7587833,4.2403398,-2.5521295,14.069696
13.5,27,-.72303027,3.8656235,-8.2995129,6.8534527,5.7164392,4.2091603,-2.5333638,13.966242
13.6,27,-.71767449,3.8369892,-8.2380352,6.8026862,5.6740952,4.1779814,-2.5145981,13.862788
13.7,27,-.71231872,3.8083551,-8.1765575,6.7519202,5.6317511,4.1468029,-2.4958327,13.759336
13.8,27,-.70696294,3.7797208,-8.1150799,6.7011538,5.589407,4.1156235,-2.4770668,13.655881
13.9,27,-.70160717,3.7510867,-8.0536022,6.6503878,5.5470634,4.084445,-2.4583013,13.552428
14,27,-.69625139,3.7224524,-7.9921241,6.5996213,5.5047193,4.0532656,-2.4395356,13.448974
14.1,27,-.69089556,3.6938179,-7.9306459,6.5488544,5.4623752,4.0220866,-2.4207699,13.34552
14.2,27,-.68553984,3.6651838,-7.8691683,6.4980884,5.4200315,3.9909079,-2.4020042,13.242067
14.3,27,-.68018401,3.6365495,-7.8076901,6.4473219,5.377687,3.9597287,-2.3832386,13.138613
14.4,27,-.67482829,3.6079154,-7.7462125,6.3965559,5.3353434,3.92855,-2.3644731,13.03516
14.5,27,-.66947246,3.5792811,-7.6847343,6.3457894,5.2929993,3.8973708,-2.3457072,12.931705
14.6,27,-.66411668,3.5506468,-7.6232562,6.295023,5.2506552,3.8661919,-2.3269415,12.828252
14.7,27,-.65876091,3.5220127,-7.561779,6.244257,5.2083116,3.8350129,-2.308176,12.724799
14.8,27,-.65340513,3.4933782,-7.5003009,6.1934905,5.165967,3.803834,-2.2894104,12.621345
14.9,27,-.64804935,3.4647441,-7.4388232,6.1427245,5.1236234,3.772655,-2.2706447,12.517892
15,27,-.64269358,3.4361098,-7.3773451,6.091958,5.0812793,3.7414761,-2.251879,12.414437
15.1,27,-.6373378,3.4074755,-7.3158669,6.0411916,5.0389352,3.7102969,-2.2331133,12.310984
15.2,27,-.63198203,3.3788414,-7.2543893,5.9904256,4.9965916,3.6791182,-2.2143476,12.20753
15.3,27,-.62662625,3.3502071,-7.1929111,5.9396591,4.954247,3.647939,-2.1955819,12.104076
15.4,27,-.62127048,3.321573,-7.131434,5.8888927,4.9119034,3.6167603,-2.1768165,12.000624
15.5,27,-.6159147,3.2929385,-7.0699558,5.8381262,4.8695593,3.5855813,-2.1580508,11.897169
15.6,27,-.61055887,3.2643042,-7.0084777,5.7873597,4.8272152,3.5544021,-2.1392851,11.793715
15.7,27,-.60520315,3.2356701,-6.947,5.7365937,4.7848716,3.5232234,-2.1205194,11.690262
15.8,27,-.59984732,3.2070358,-6.8855219,5.6858273,4.7425275,3.4920442,-2.1017537,11.586808
15.9,27,-.5944916,3.1784017,-6.8240442,5.6350613,4.7001834,3.4608655,-2.082988,11.483356
16,27,-.58913577,3.1497674,-6.7625666,5.5842948,4.6578393,3.4296863,-2.0642223,11.379901
16.1,27,-.58377999,3.1211331,-6.7010884,5.5335283,4.6154952,3.3985074,-2.0454566,11.276447
16.200001,27,-.57842416,3.0924985,-6.6396103,5.4827619,4.5731511,3.3673282,-2.026691,11.172993
16.299999,27,-.5730685,3.0638647,-6.5781331,5.4319963,4.5308075,3.3361497,-2.0079255,11.069541
16.4,27,-.56771266,3.0352304,-6.516655,5.3812299,4.4884634,3.3049705,-1.9891598,10.966087
16.5,27,-.56235689,3.0065961,-6.4551768,5.3304634,4.4461193,3.2737916,-1.9703941,10.862633
16.6,27,-.55700105,2.9779618,-6.3936987,5.2796965,4.4037752,3.2426124,-1.9516284,10.759179
16.700001,27,-.55164528,2.9493275,-6.3322206,5.22893,4.3614311,3.2114334,-1.9328626,10.655725
16.799999,27,-.54628956,2.9206936,-6.2707438,5.1781645,4.3190875,3.1802549,-1.9140973,10.552273
16.9,27,-.54093379,2.8920593,-6.2092657,5.127398,4.2767434,3.1490757,-1.8953315,10.448818
17,27,-.53557801,2.8634248,-6.1477876,5.0766315,4.2343993,3.1178968,-1.8765658,10.345365
17.1,27,-.53022218,2.8347905,-6.0863094,5.0258651,4.1920552,3.0867176,-1.8578001,10.241911
17.200001,27,-.5248664,2.8061562,-6.0248313,4.9750986,4.1497111,3.0555384,-1.8390343,10.138456
17.299999,27,-.51951069,2.7775223,-5.9633546,4.9243331,4.1073675,3.0243599,-1.820269,10.035005
17.4,27,-.51415491,2.748888,-5.9018764,4.8735666,4.0650234,2.993181,-1.8015033,9.93155
17.5,27,-.50879908,2.7202537,-5.8403983,4.8228002,4.0226793,2.9620018,-1.7827375,9.8280964
17.6,27,-.5034433,2.6916192,-5.7789202,4.7720337,3.9803352,2.9308228,-1.7639718,9.7246428
17.700001,27,-.4980875,2.6629848,-5.717442,4.7212672,3.9379911,2.8996437,-1.7452061,9.6211882
17.799999,27,-.49273178,2.634351,-5.6559649,4.6705012,3.8956478,2.8684652,-1.7264407,9.5177364
17.9,27,-.48737597,2.6057167,-5.5944867,4.6197348,3.8533037,2.837286,-1.707675,9.4142818
18,27,-.4820202,2.5770824,-5.5330091,4.5689683,3.8109596,2.806107,-1.6889093,9.3108282
18.1,27,-.47666439,2.5484481,-5.4715309,4.5182018,3.7686152,2.7749279,-1.6701435,9.2073746
18.200001,27,-.47130859,2.5198135,-5.4100528,4.4674354,3.7262712,2.7437489,-1.6513778,9.10392
18.299999,27,-.46595287,2.4911799,-5.3485756,4.4166698,3.6839278,2.7125704,-1.6326125,9.0004683
18.4,27,-.4605971,2.4625454,-5.2870975,4.3659034,3.6415837,2.6813912,-1.6138467,8.8970137
18.5,27,-.45524129,2.4339111,-5.2256193,4.3151369,3.5992396,2.6502123,-1.595081,8.79356
18.6,27,-.44988549,2.4052768,-5.1641412,4.2643704,3.5568953,2.6190331,-1.5763152,8.6901054
18.700001,27,-.44452968,2.3766425,-5.102663,4.213604,3.5145512,2.5878539,-1.5575495,8.5866518
18.799999,27,-.439174,2.3480086,-5.0411863,4.1628385,3.4722078,2.5566754,-1.5387841,8.4832001
18.9,27,-.43381819,2.3193743,-4.9797082,4.112072,3.4298637,2.5254965,-1.5200183,8.3797455
19,27,-.42846239,2.2907398,-4.9182301,4.0613055,3.3875196,2.4943173,-1.5012527,8.2762918
19.1,27,-.42310658,2.2621055,-4.8567519,4.0105386,3.3451753,2.4631383,-1.482487,8.1728373
19.200001,27,-.41775078,2.2334712,-4.7952738,3.9597723,3.3028312,2.4319592,-1.4637212,8.0693836
19.299999,27,-.41239509,2.2048373,-4.7337971,3.9090068,3.2604878,2.4007807,-1.4449558,7.9659314
19.4,27,-.40703928,2.176203,-4.6723189,3.8582401,3.2181437,2.3696017,-1.4261901,7.8624773
19.5,27,-.40168348,2.1475687,-4.6108408,3.8074737,3.1757996,2.3384225,-1.4074243,7.7590237
19.6,27,-.39632767,2.1189344,-4.5493627,3.7567072,3.1334555,2.3072433,-1.3886586,7.6555696
19.700001,27,-.3909719,2.0902998,-4.4878845,3.7059407,3.0911112,2.2760644,-1.369893,7.5521154
19.799999,27,-.38561618,2.061666,-4.4264073,3.6551752,3.0487678,2.2448859,-1.3511275,7.4486632
19.9,27,-.38026038,2.0330317,-4.3649292,3.6044087,3.0064237,2.2137067,-1.3323618,7.3452091
20,27,-.3749046,2.0043974,-4.3034515,3.553642,2.9640796,2.1825278,-1.3135961,7.2417555
20.1,27,-.3695488,1.9757631,-4.2419734,3.5028756,2.9217355,2.1513486,-1.2948303,7.1383014
20.200001,27,-.36419299,1.9471287,-4.1804953,3.4521091,2.8793912,2.1201694,-1.2760646,7.0348473
20.299999,27,-.35883728,1.9184948,-4.1190181,3.4013436,2.8370478,2.0889909,-1.2572993,6.9313951
20.4,27,-.3534815,1.8898605,-4.0575399,3.3505771,2.7947037,2.057812,-1.2385335,6.8279409
20.5,27,-.3481257,1.8612262,-3.996062,3.2998106,2.7523596,2.0266328,-1.2197678,6.7244868
20.6,27,-.34276989,1.8325918,-3.9345839,3.2490439,2.7100155,1.9954537,-1.201002,6.6210332
20.700001,27,-.33741409,1.8039575,-3.8731058,3.1982775,2.6676712,1.9642746,-1.1822363,6.5175791
20.799999,27,-.3320584,1.7753236,-3.8116288,3.147512,2.6253281,1.9330962,-1.163471,6.4141269
20.9,27,-.32670259,1.7466893,-3.7501507,3.0967455,2.5829837,1.9019171,-1.1447052,6.3106728
21,27,-.32134679,1.7180549,-3.6886725,3.045979,2.5406396,1.870738,-1.1259395,6.2072186
21.1,27,-.31599098,1.6894206,-3.6271944,2.9952126,2.4982955,1.839559,-1.1071738,6.1037645
21.200001,27,-.31063518,1.6607862,-3.5657163,2.9444458,2.4559512,1.8083799,-1.088408,6.0003109
21.299999,27,-.30527949,1.6321524,-3.5042393,2.8936803,2.4136081,1.7772014,-1.0696427,5.8968587
21.4,27,-.29992369,1.603518,-3.4427612,2.8429139,2.3712637,1.7460222,-1.050877,5.7934046
21.5,27,-.29456788,1.5748837,-3.3812833,2.7921474,2.3289196,1.7148432,-1.0321112,5.6899505
21.6,27,-.28921208,1.5462493,-3.3198051,2.7413809,2.2865756,1.6836641,-1.0133455,5.5864964
21.700001,27,-.2838563,1.517615,-3.258327,2.6906145,2.2442315,1.652485,-.99457973,5.4830422
21.799999,27,-.27850059,1.4889811,-3.1968501,2.6398487,2.2018881,1.6213065,-.9758144,5.3795905
21.9,27,-.27314478,1.4603468,-3.1353719,2.5890822,2.1595438,1.5901275,-.95704865,5.2761364
22,27,-.26778901,1.4317124,-3.0738938,2.5383158,2.1171997,1.5589484,-.93828291,5.1726823
22.1,27,-.2624332,1.4030781,-3.0124156,2.4875493,2.0748556,1.5277692,-.91951716,5.0692282
22.200001,27,-.2570774,1.3744438,-2.9509375,2.4367828,2.0325115,1.4965901,-.90075147,4.9657741
22.299999,27,-.25172168,1.3458099,-2.8894606,2.3860173,1.9901681,1.4654117,-.88198608,4.8623223
22.4,27,-.24636589,1.3171755,-2.8279824,2.3352506,1.9478239,1.4342326,-.86322033,4.7588682
22.5,27,-.2410101,1.2885412,-2.7665045,2.2844841,1.9054798,1.4030535,-.84445465,4.6554141
22.6,27,-.23565429,1.2599068,-2.7050264,2.2337177,1.8631356,1.3718745,-.8256889,4.55196
22.700001,27,-.23029849,1.2312725,-2.6435483,2.1829512,1.8207914,1.3406954,-.80692315,4.4485059
22.799999,27,-.22494279,1.2026386,-2.5820713,2.1321857,1.7784481,1.3095169,-.78815776,4.3450541
22.9,27,-.219587,1.1740043,-2.5205932,2.0814192,1.7361039,1.2783377,-.76939207,4.2416
23,27,-.21423119,1.1453699,-2.459115,2.0306528,1.6937598,1.2471586,-.75062633,4.1381459
23.1,27,-.20887539,1.1167356,-2.3976369,1.9798862,1.6514156,1.2159796,-.73186058,4.0346918
23.200001,27,-.2035196,1.0881013,-2.3361588,1.9291196,1.6090715,1.1848005,-.71309489,3.9312377
23.299999,27,-.1981639,1.0594674,-2.2746818,1.8783541,1.5667281,1.153622,-.6943295,3.8277857
23.4,27,-.19280809,1.030833,-2.2132037,1.8275876,1.5243839,1.122443,-.67556375,3.7243316
23.5,27,-.1874523,1.0021987,-2.1517258,1.776821,1.4820398,1.0912639,-.65679806,3.6208777
23.6,27,-.1820965,.97356433,-2.0902476,1.7260545,1.4396956,1.0600847,-.63803232,3.5174236
23.700001,27,-.17674069,.94492996,-2.0287695,1.6752881,1.3973515,1.0289056,-.61926657,3.4139695
23.799999,27,-.17138499,.91629618,-1.9672925,1.6245224,1.3550081,.99772716,-.60050118,3.3105175
23.9,27,-.1660292,.88766181,-1.9058144,1.573756,1.312664,.96654809,-.58173549,3.2070634
24,27,-.16067339,.85902745,-1.8443363,1.5229895,1.2703198,.93536901,-.56296974,3.1036093
24.1,27,-.15531759,.83039308,-1.7828581,1.4722229,1.2279756,.90418994,-.544204,3.0001554
24.200001,27,-.1499618,.80175877,-1.72138,1.4214565,1.1856315,.87301081,-.52543831,2.8967013
24.299999,27,-.1446061,.77312493,-1.6599032,1.3706909,1.1432881,.84183234,-.50667292,2.7932491
24.4,27,-.13925029,.74449056,-1.598425,1.3199244,1.100944,.81065327,-.4879072,2.6897953
24.5,27,-.1338945,.71585619,-1.5369469,1.2691579,1.0585998,.7794742,-.46914145,2.5863411
24.6,27,-.1285387,.68722188,-1.4754688,1.2183914,1.0162557,.74829507,-.45037574,2.482887
24.700001,27,-.12318289,.65858752,-1.4139906,1.1676248,.97391152,.717116,-.43160999,2.3794332
24.799999,27,-.1178272,.62995368,-1.3525138,1.1168593,.93156821,.68593752,-.41284463,2.2759809
24.9,27,-.11247139,.60131931,-1.2910357,1.0660928,.88922405,.65475845,-.39407888,2.1725271
25,27,-.1071156,.57268494,-1.2295575,1.0153264,.8468799,.62357932,-.37531316,2.069073
25.1,27,-.1017598,.54405063,-1.1680794,.96455979,.80453575,.59240025,-.35654745,1.9656188
25.200001,27,-.096403994,.51541626,-1.1066012,.91379333,.76219159,.56122118,-.3377817,1.8621649
25.299999,27,-.0910483,.48678243,-1.0451244,.86302775,.71984822,.53004265,-.31901634,1.7587128
25.4,27,-.085692495,.45814809,-.98364627,.81226122,.67750406,.49886358,-.30025059,1.6552588
25.5,27,-.080336697,.42951372,-.92216814,.76149476,.63515991,.46768451,-.28148487,1.5518047
25.6,27,-.0749809,.40087938,-.86069,.71072823,.59281576,.43650541,-.26271915,1.4483507
25.700001,27,-.069625095,.37224501,-.79921192,.6599617,.5504716,.40532634,-.24395342,1.3448966
25.799999,27,-.064269401,.34361121,-.73773497,.60919619,.50812823,.37414783,-.22518805,1.2414446
25.9,27,-.0589136,.31497684,-.6762569,.55842966,.4657841,.34296876,-.20642231,1.1379905
26,27,-.053557798,.28634247,-.61477876,.50766319,.42343995,.31178966,-.18765658,1.0345365
26.1,27,-.048201997,.25770813,-.55330062,.45689666,.3810958,.28061059,-.16889085,.93108243
26.200001,27,-.042846199,.22907376,-.49182254,.40613014,.33875164,.24943149,-.15012512,.82762837
26.299999,27,-.037490498,.20043996,-.43034559,.35536459,.2964083,.218253,-.13135976,.72417629
26.4,27,-.032134701,.17180561,-.36886749,.30459809,.25406411,.18707392,-.11259402,.62072229
26.5,27,-.026778899,.14317124,-.30738938,.2538316,.21171997,.15589483,-.093828291,.51726824
26.6,27,-.0214231,.11453688,-.24591127,.20306507,.16937582,.12471575,-.075062558,.41381419
26.700001,27,-.016067298,.085902527,-.18443316,.15229855,.12703165,.09353666,-.056296833,.31036016
26.799999,27,-.0107116,.057268716,-.12295622,.10153302,.084688313,.062358171,-.037531458,.20690808
26.9,27,-.0053558,.028634358,-.061478112,.050766509,.042344157,.031179085,-.018765729,.10345404
27,27,0,0,0,0,0,0,0,0
27.1,27,.005352716,.028632505,-.050765961,.061471395,-.042337894,.031176981,-.10344365,.018767864
27.200001,27,.010686927,.057253897,-.10152865,.12290251,-.084638231,.062341332,-.20682499,.037548538
27.299999,27,.015984025,.085852534,-.15228385,.1842519,-.12686263,.093479842,-.31007975,.056354493
27.4,27,.021225708,.11441845,-.20303035,.24548176,-.16897516,.1245811,-.41314963,.075199313
27.5,27,.026393369,.14294012,-.25376412,.30655086,-.21093744,.15563194,-.51597041,.094095565
27.6,27,.031468499,.17140661,-.30448228,.36741927,-.25271189,.18661983,-.61848003,.11305626
27.700001,27,.036432598,.19980709,-.35518211,.4280473,-.29426098,.21753231,-.72061646,.13209449
27.799999,27,.041267067,.22813033,-.40586016,.48839429,-.33554637,.24835634,-.82231587,.15122312
27.9,27,.045953583,.25636685,-.45651618,.54842335,-.37653205,.27908078,-.92352033,.17045625
28,27,.050473548,.28450567,-.50714731,.60809439,-.41717964,.30969277,-1.0241663,.18980703
28.1,27,.05480846,.3125366,-.55775201,.66736895,-.45745164,.34018013,-1.1241924,.20928915
28.200001,27,.058939807,.34044957,-.60832912,.72620875,-.49731043,.37053078,-1.2235374,.22891653
28.299999,27,.062849015,.36823431,-.65887702,.78457505,-.53671777,.40073219,-1.3221384,.24870293
28.4,27,.066517726,.39588231,-.70939732,.8424328,-.57563752,.43077374,-1.4199386,.2686635
28.5,27,.069927357,.42338371,-.75988948,.89974421,-.61403143,.46064311,-1.5168753,.28881249
28.6,27,.073059402,.45072958,-.81035429,.95647311,-.65186185,.49032879,-1.6128886,.30916488
28.700001,27,.075895362,.4779112,-.86079335,1.0125841,-.68909132,.51981938,-1.7079186,.32973593
28.799999,27,.078416683,.50491977,-.91120785,1.0680412,-.72568154,.5491032,-1.8019041,.35054091
28.9,27,.080604948,.53174829,-.96160257,1.1228125,-.76159638,.5781703,-1.8947893,.37159657
29,27,.082441606,.55838883,-1.0119804,1.1768636,-.79679751,.60700935,-1.986514,.39291897
29.1,27,.083908156,.58483416,-1.0623457,1.230162,-.83124739,.63560981,-2.0770197,.41452494
29.200001,27,.084986083,.61107761,-1.112704,1.2826762,-.86490846,.66396135,-2.1662488,.43643183
29.299999,27,.085656874,.63711256,-1.1630608,1.3343745,-.89774257,.69205332,-2.2541423,.458657
29.4,27,.085902058,.6629343,-1.2134253,1.3852293,-.92971337,.71987706,-2.3406465,.48121968
29.5,27,.085703112,.68853724,-1.263805,1.4352113,-.96078271,.74742246,-2.4257038,.50413835
29.6,27,.085041516,.71391684,-1.3142098,1.4842929,-.99091297,.77468032,-2.5092585,.52743256
29.700001,27,.083898775,.73906928,-1.3646504,1.5324479,-1.0200666,.80164182,-2.5912557,.55112249
29.799999,27,.082256421,.76399076,-1.4151379,1.5796508,-1.0482056,.82829791,-2.6716397,.57522851
29.9,27,.08009588,.78867972,-1.465688,1.6258798,-1.0752933,.8546415,-2.7503598,.59977317
30,27,.07739868,.8131339,-1.5163145,1.6711118,-1.1012918,.88066423,-2.8273621,.62477833
30.1,27,.074146308,.83735228,-1.567034,1.7153267,-1.1261634,.90635884,-2.9025941,.65026724
30.200001,27,.070320256,.86133468,-1.6178646,1.7585052,-1.1498706,.93171841,-2.9760051,.67626393
30.299999,27,.065902129,.88508123,-1.6688253,1.8006295,-1.1723753,.95673603,-3.0475435,.70279282
30.4,27,.060873214,.90859449,-1.7199394,1.8416858,-1.1936409,.98140681,-3.1171629,.72988099
30.5,27,.055215128,.93187654,-1.7712294,1.8816596,-1.2136296,1.0057248,-3.184814,.75755483
30.6,27,.048909344,.9549309,-1.8227208,1.9205395,-1.2323035,1.0296853,-3.2504494,.78584248
30.700001,27,.041937348,.97776216,-1.8744413,1.958316,-1.2496251,1.0532838,-3.3140233,.81477314
30.799999,27,.034280796,1.0003755,-1.9264193,1.9949809,-1.2655567,1.0765164,-3.3754902,.84437674
30.9,27,.025920888,1.0227789,-1.9786888,2.0305307,-1.2800611,1.0993811,-3.4348085,.87468624
31,27,.016839273,1.0449797,-2.0312834,2.0649619,-1.2931007,1.1218752,-3.4919357,.90573412
31.1,27,.007017422,1.0669874,-2.0842395,2.0982742,-1.3046379,1.143997,-3.5468307,.93755496
31.200001,27,-.0035631373,1.0888125,-2.1375964,2.1304703,-1.314635,1.1657459,-3.5994549,.97018492
31.299999,27,-.014920744,1.1104667,-2.1913955,2.1615541,-1.3230543,1.1871214,-3.6497695,1.003661
31.4,27,-.0270743,1.1319643,-2.2456837,2.191535,-1.3298585,1.2081255,-3.697741,1.0380239
31.5,27,-.040042076,1.1533197,-2.3005071,2.220423,-1.3350102,1.2287595,-3.7433348,1.0733143
31.6,27,-.053842634,1.1745493,-2.355917,2.2482316,-1.3384714,1.2490263,-3.7865181,1.1095752
31.700001,27,-.068494424,1.1956712,-2.4119668,2.2749779,-1.340205,1.2689296,-3.8272612,1.1468514
31.799999,27,-.08401569,1.2167046,-2.4687128,2.3006814,-1.340173,1.2884741,-3.8655357,1.1851897
31.9,27,-.1004255,1.2376715,-2.5262172,2.3253663,-1.338338,1.3076663,-3.9013169,1.2246408
32,27,-.1177421,1.2585948,-2.5845425,2.3490584,-1.3346626,1.3265133,-3.9345808,1.2652556
32.099998,27,-.13598362,1.2794987,-2.643755,2.3717878,-1.3291092,1.3450229,-3.9653056,1.3070873
32.200001,27,-.15516965,1.300411,-2.7039282,2.393589,-1.3216398,1.3632061,-3.9934747,1.3501951
32.299999,27,-.17531721,1.3213586,-2.7651324,2.4144979,-1.3122176,1.3810725,-4.0190701,1.394635
32.400002,27,-.19644639,1.3423733,-2.8274496,2.4345567,-1.300804,1.3986361,-4.0420804,1.4404722
32.5,27,-.218574,1.3634857,-2.8909569,2.4538088,-1.2873628,1.4159094,-4.0624943,1.4877685
32.599998,27,-.24171941,1.3847306,-2.9557416,2.4723027,-1.2718556,1.4329087,-4.0803051,1.5365937
32.700001,27,-.26590204,1.406145,-3.0218954,2.4900913,-1.2542443,1.4496517,-4.0955095,1.5870209
32.799999,27,-.29113853,1.4277648,-3.0895061,2.5072291,-1.2344928,1.4661562,-4.1081061,1.6391207
32.900002,27,-.3174493,1.4496317,-3.1586752,2.5237765,-1.2125618,1.482444,-4.1180987,1.692975
33,27,-.34485093,1.4717853,-3.2294972,2.5397954,-1.1884155,1.4985363,-4.1254926,1.7486618
33.099998,27,-.37336287,1.4942702,-3.3020785,2.5553529,-1.1620156,1.5144582,-4.1302991,1.8062677
33.200001,27,-.40300468,1.5171322,-3.3765292,2.5705199,-1.1333234,1.5302364,-4.1325316,1.8658847
33.299999,27,-.43379277,1.5404167,-3.4529541,2.5853686,-1.1023035,1.545898,-4.1322079,1.9276009
33.400002,27,-.46574792,1.5641741,-3.5314727,2.5999768,-1.0689158,1.5614747,-4.1293502,1.9915184
33.5,27,-.49888614,1.5884526,-3.612196,2.6144238,-1.0331256,1.5769979,-4.1239848,2.0577335
33.599998,27,-.53322715,1.6133049,-3.6952465,2.6287923,-.99489403,1.5925027,-4.1161418,2.126354
33.700001,27,-.56879091,1.638785,-3.7807505,2.6431687,-.95418173,1.6080267,-4.1058564,2.1974928
33.799999,27,-.60559326,1.6649454,-3.8688262,2.6576397,-.91095418,1.623608,-4.0931673,2.2712591
33.900002,27,-.64365524,1.6918434,-3.9596074,2.672297,-.86517107,1.639289,-4.0781183,2.3477764
34,27,-.68299276,1.7195337,-4.0532169,2.6872313,-.81679779,1.6551123,-4.0607581,2.4271626
34.099998,27,-.72362554,1.7480743,-4.1497884,2.7025373,-.76579529,1.6711245,-4.0411391,2.5095484
34.200001,27,-.7655738,1.7775247,-4.2494583,2.7183106,-.71212399,1.6873745,-4.0193172,2.5950692
34.299999,27,-.80885291,1.8079412,-4.3523526,2.7346466,-.65575016,1.7039115,-3.9953554,2.6838551
34.400002,27,-.85348457,1.8393849,-4.4586129,2.7516437,-.59663218,1.7207897,-3.9693179,2.7760537
34.5,27,-.89948398,1.8719128,-4.5683656,2.7693977,-.53473687,1.7380625,-3.9412768,2.871803
34.599998,27,-.94687116,1.9055852,-4.6817493,2.7880073,-.4700245,1.7557877,-3.9113052,2.971256
34.700001,27,-.99566656,1.9404626,-4.7989035,2.80757,-.40245509,1.7740248,-3.8794799,3.0745697
34.799999,27,-1.0458852,1.976601,-4.9199519,2.8281815,-.33199561,1.7928334,-3.8458846,3.1818933
34.900002,27,-1.0975491,2.0140617,-5.0450373,2.8499393,-.25860399,1.8122774,-3.8106027,3.2933946
35,27,-1.150673,2.0528994,-5.1742821,2.872936,-.18224758,1.8324196,-3.7737241,3.409229
35.099998,27,-1.2052772,2.0931726,-5.3078203,2.8972659,-.10288654,1.8533264,-3.7353396,3.5295665
35.200001,27,-1.2613826,2.134939,-5.4457865,2.9230211,-.020479504,1.8750653,-3.69554,3.6545811
35.299999,27,-1.3190032,2.1782506,-5.5882959,2.9502892,.065004274,1.8977027,-3.6544247,3.7844331
35.400002,27,-1.3781619,2.2231641,-5.7354832,2.9791596,.15360856,1.9213089,-3.6120877,3.9193048
35.5,27,-1.4388729,2.2697294,-5.8874607,3.0097148,.24536525,1.9459515,-3.5686295,4.05936
35.599998,27,-1.5011569,2.3179991,-6.0443516,3.042038,.34031436,1.9717009,-3.5241485,4.2047772
35.700001,27,-1.5650347,2.3680253,-6.2062793,3.0762098,.43849748,1.998628,-3.4787414,4.3557363
35.799999,27,-1.6305201,2.419853,-6.3733444,3.1123044,.53994495,2.0268004,-3.4325106,4.5124006
35.900002,27,-1.6976364,2.4735324,-6.545671,3.1503983,.6447013,2.0562892,-3.3855515,4.6749539
36,27,-1.7663971,2.5291057,-6.7233534,3.1905589,.75279689,2.0871608,-3.3379631,4.8435569
36.099998,27,-1.8368236,2.5866187,-6.9065032,3.2328558,.86427325,2.1194839,-3.2898388,5.0183854
36.200001,27,-1.9089364,2.6461158,-7.0952282,3.2773552,.97917163,2.1533263,-3.2412701,5.1996136
36.299999,27,-1.982749,2.7076337,-7.2896132,3.3241153,1.0975212,2.1887503,-3.1923504,5.387393
36.400002,27,-2.0582855,2.7712162,-7.4897695,3.3731985,1.2193688,2.2258222,-3.1431627,5.5819001
36.5,27,-2.1355586,2.8368967,-7.6957741,3.4246566,1.3447425,2.2646012,-3.0937941,5.7832794
36.599998,27,-2.2145898,2.9047139,-7.9077244,3.4785447,1.4736845,2.3051481,-3.0443227,5.9916921
36.700001,27,-2.2954006,2.9747055,-8.1257162,3.5349147,1.6062374,2.3475225,-2.9948223,6.2072973
36.799999,27,-2.3780031,3.0468996,-8.3498163,3.5938106,1.7424287,2.3917768,-2.9453678,6.4302254
36.900002,27,-2.4624226,3.1213348,-8.5801258,3.6552811,1.8823063,2.4379675,-2.8960221,6.660635
37,27,-2.5486708,3.198036,-8.8167057,3.7193644,2.0258973,2.4861419,-2.8468513,6.8986459
37.099998,27,-2.6367509,3.2770221,-9.0595961,3.7860944,2.1732068,2.5363426,-2.7979333,7.1443472
37.200001,27,-2.7265928,3.3582532,-9.3086481,3.8554626,2.3240905,2.5885763,-2.7494259,7.3976068
37.299999,27,-2.8180964,3.4416587,-9.5636234,3.9274306,2.478349,2.6428256,-2.701494,7.6581917
37.400002,27,-2.9111762,3.5271745,-9.8243113,4.0019584,2.6358054,2.6990697,-2.654274,7.9258847
37.5,27,-3.0057335,3.6147177,-10.09045,4.0789833,2.7962615,2.7572708,-2.6078899,8.2004128
37.599998,27,-3.1016781,3.7042103,-10.361797,4.1584406,2.9595344,2.8173869,-2.5624425,8.4815111
37.700001,27,-3.1989222,3.7955689,-10.638101,4.2402563,3.1254427,2.8793685,-2.5180159,8.7689018
37.799999,27,-3.2973652,3.888696,-10.919069,4.3243389,3.293786,2.943151,-2.474684,9.0622559
37.900002,27,-3.3969226,3.983505,-11.204449,4.410604,3.4643905,3.008673,-2.4325001,9.3612814
38,27,-3.4974937,4.0798907,-11.493933,4.4989452,3.637054,3.0758557,-2.3915124,9.6656199
38.099998,27,-3.5989904,4.1777568,-11.787244,4.5892625,3.8115957,3.1446235,-2.3517535,9.9749441
38.200001,27,-3.7013235,4.2770042,-12.084098,4.6814508,3.9878337,3.2148957,-2.3132463,10.288914
38.299999,27,-3.8043928,4.3775206,-12.384175,4.7753901,4.1655674,3.2865796,-2.2760103,10.607145
38.400002,27,-3.908114,4.479208,-12.687201,4.8709726,4.3446231,3.3595898,-2.240052,10.929298
38.5,27,-4.0123863,4.5819502,-12.992844,4.9680715,4.5247984,3.4338264,-2.2053778,11.254975
38.599998,27,-4.1171212,4.6856427,-13.300812,5.0665703,4.7059131,3.5091963,-2.1719851,11.583811
38.700001,27,-4.22223,4.7901793,-13.610808,5.1663489,4.8877854,3.585603,-2.1398671,11.915439
38.799999,27,-4.3276129,4.8954415,-13.922503,5.2672768,5.0702152,3.6629412,-2.1090174,12.249448
38.900002,27,-4.4331841,5.0013256,-14.235602,5.3692346,5.2530265,3.7411144,-2.079423,12.585476
39,27,-4.5388441,5.1077132,-14.549778,5.4720898,5.4360194,3.8200147,-2.0510719,12.923111
39.099998,27,-4.6445203,5.21451,-14.864772,5.5757318,5.6190434,3.8995526,-2.0239391,13.262026
39.200001,27,-4.7501998,5.321682,-15.180505,5.6801052,5.8020744,3.9796827,-1.9979603,13.60211
39.299999,27,-4.855875,5.4291987,-15.496909,5.7851591,5.9850984,4.0603642,-1.9730692,13.943266
39.400002,27,-4.961555,5.5370488,-15.813972,5.890862,6.1681294,4.1415706,-1.9492002,14.285459
39.5,27,-5.0672302,5.645205,-16.131628,5.9971681,6.3511529,4.2232656,-1.9262961,14.628601
39.599998,27,-5.1729059,5.7536535,-16.44986,6.1040478,6.5341768,4.3054252,-1.904301,14.972655
39.700001,27,-5.2785854,5.8623824,-16.768644,6.211473,6.7172079,4.3880253,-1.8831633,15.317579
39.799999,27,-5.3842611,5.9713683,-17.087927,6.3194056,6.9002314,4.4710355,-1.8628371,15.663301
39.900002,27,-5.4899406,6.0806055,-17.407709,6.4278274,7.0832624,4.55444,-1.8432763,16.009802
40,27,-5.5956159,6.1900725,-17.727936,6.5367036,7.2662864,4.6382113,-1.8244411,16.357014
40.099998,27,-5.701292,6.2997622,-18.048599,6.6460147,7.4493103,4.722333,-1.8062921,16.704912
40.200001,27,-5.8069711,6.4096656,-18.369684,6.7557425,7.6323409,4.8067894,-1.788793,17.053474
40.299999,27,-5.9126468,6.5197654,-18.691153,6.8658581,7.8153648,4.8915572,-1.7719108,17.402641
40.400002,27,-6.0183263,6.6300583,-19.013002,6.9763494,7.9983954,4.9766264,-1.7556133,17.752403
40.5,27,-6.124002,6.7405286,-19.335196,7.0871911,8.1814194,5.0619764,-1.7398719,18.102711
40.599998,27,-6.2296777,6.8511705,-19.657724,7.1983695,8.3644438,5.1475959,-1.7246584,18.453547
40.700001,27,-6.3353572,6.9619799,-19.980587,7.3098726,8.5474739,5.2334743,-1.7099465,18.804895
40.799999,27,-6.4410319,7.0729403,-20.30374,7.4216766,8.7304974,5.3195925,-1.6957132,19.156708
40.900002,27,-6.5467119,7.1840553,-20.627201,7.5337772,8.9135284,5.4059477,-1.6819336,19.508991
41,27,-6.6523876,7.2953072,-20.950928,7.6461515,9.0965528,5.4925199,-1.6685882,19.861694
41.099998,27,-6.7580628,7.4066939,-21.274916,7.758791,9.2795753,5.5793028,-1.6556563,20.214808
41.200001,27,-6.8637428,7.5182157,-21.599174,7.8716893,9.4626074,5.6662908,-1.6431179,20.568333
41.299999,27,-6.969418,7.6298561,-21.92366,7.9848251,9.6456308,5.7534666,-1.6309568,20.922218
41.400002,27,-7.075098,7.7416201,-22.248394,8.0981989,9.8286619,5.8408298,-1.6191542,21.276478
41.5,27,-7.1807737,7.8534932,-22.573338,8.2117901,10.011686,5.9283652,-1.6076959,21.631069
41.599998,27,-7.2864485,7.9654737,-22.898491,8.325593,10.194709,6.0160675,-1.5965666,21.985985
41.700001,27,-7.3921289,8.0775642,-23.223864,8.4396057,10.377741,6.1039348,-1.5857508,22.341232
41.799999,27,-7.4978037,8.1897488,-23.549416,8.5538082,10.560764,6.1919508,-1.575237,22.696764
41.900002,27,-7.6034837,8.3020344,-23.875172,8.6682053,10.743795,6.2801189,-1.5650109,23.052603
42,27,-7.7091594,8.4144077,-24.201096,8.7827768,10.92682,6.3684239,-1.5550616,23.408701
42.099998,27,-7.8148346,8.5268688,-24.527189,8.897521,11.109842,6.4568639,-1.5453779,23.765062
42.200001,27,-7.9205146,8.6394196,-24.853466,9.0124369,11.292874,6.5454378,-1.5359476,24.121696
42.299999,27,-8.0261898,8.7520466,-25.179886,9.1275072,11.475897,6.6341319,-1.5267622,24.478558
42.400002,27,-8.1318693,8.8647575,-25.506475,9.2427368,11.658929,6.72295,-1.5178108,24.835669
42.5,27,-8.237545,8.97754,-25.8332,9.3581095,11.841953,6.8118796,-1.5090851,25.192991
42.599998,27,-8.3432207,9.090394,-26.160065,9.4736242,12.024976,6.900919,-1.5005763,25.550528
42.700001,27,-8.4489002,9.2033234,-26.487083,9.589282,12.208008,6.9900689,-1.492275,25.908291
42.799999,27,-8.5545759,9.3163147,-26.814217,9.7050657,12.39103,7.0793166,-1.484175,26.266237
42.900002,27,-8.6602554,9.4293766,-27.141495,9.8209829,12.574062,7.1686673,-1.4762673,26.624392
43,27,-8.7659311,9.5424967,-27.468882,9.9370193,12.757087,7.2581091,-1.4685459,26.982719
43.099998,27,-8.8716059,9.6556768,-27.796385,10.053172,12.940109,7.3476419,-1.4610038,27.341223
43.200001,27,-8.9772863,9.7689209,-28.12402,10.169446,13.123141,7.4372668,-1.4536337,27.699917
43.299999,27,-9.0829611,9.8822155,-28.451748,10.285825,13.306164,7.5269723,-1.4464306,28.05876
43.400002,27,-9.1886415,9.9955702,-28.779598,10.402316,13.489196,7.6167641,-1.4393874,28.41778
43.5,27,-9.2943172,10.108973,-29.10754,10.518906,13.67222,7.7066312,-1.4324996,28.776939
43.599998,27,-9.399992,10.222425,-29.435579,10.635594,13.855243,7.7965741,-1.4257617,29.136248
43.700001,27,-9.5056725,10.335934,-29.763729,10.752385,14.038275,7.8865952,-1.4191676,29.495718
43.799999,27,-9.6113472,10.449483,-30.091959,10.869264,14.221297,7.9766831,-1.4127136,29.855309
43.900002,27,-9.7170277,10.563085,-30.420294,10.986238,14.404329,8.066844,-1.4063941,30.215054
44,27,-9.8227034,10.676726,-30.748701,11.103295,14.587354,8.1570673,-1.4002053,30.574913
44.099998,27,-9.9283781,10.79041,-31.077192,11.220437,14.770376,8.2473555,-1.3941427,30.934896
44.200001,27,-10.034059,10.904141,-31.405783,11.337666,14.953408,8.3377094,-1.3882018,31.295019
44.299999,27,-10.139733,11.017907,-31.734434,11.454968,15.136431,8.4281197,-1.3823795,31.655241
44.400002,27,-10.245413,11.131719,-32.063179,11.572354,15.319463,8.5185919,-1.3766712,32.015598
44.5,27,-10.351089,11.245563,-32.391987,11.68981,15.502487,8.6091175,-1.3710737,32.376049
44.599998,27,-10.456764,11.359444,-32.720863,11.807337,15.68551,8.6996975,-1.3655839,32.736603
44.700001,27,-10.562444,11.473366,-33.049828,11.92494,15.868542,8.7903347,-1.3601975,33.097282
44.799999,27,-10.668119,11.587317,-33.378845,12.042605,16.051565,8.8810186,-1.3549124,33.458042
44.900002,27,-10.773799,11.701308,-33.707943,12.160343,16.234596,8.9717569,-1.3497247,33.818916
45,27,-10.879475,11.815327,-34.03709,12.278141,16.41762,9.0625401,-1.3446319,34.179874
45.099998,27,-10.985149,11.929377,-34.366299,12.396,16.600643,9.1533699,-1.3396313,34.540916
45.200001,27,-11.09083,12.043464,-34.695583,12.513925,16.783676,9.2442493,-1.3347197,34.902069
45.299999,27,-11.196505,12.157575,-35.024914,12.631904,16.966698,9.3351679,-1.329895,35.26329
45.400002,27,-11.302185,12.271721,-35.354317,12.749946,17.149731,9.4261341,-1.3251542,35.624615
45.5,27,-11.407861,12.38589,-35.683762,12.868038,17.332754,9.5171385,-1.3204952,35.986004
45.599998,27,-11.513535,12.500087,-36.013256,12.986184,17.515778,9.6081829,-1.3159159,36.347469
45.700001,27,-11.619216,12.614316,-36.342819,13.104389,17.698809,9.6992712,-1.3114134,36.70903
45.799999,27,-11.724891,12.728566,-36.672421,13.22264,17.881832,9.7903929,-1.3069865,37.070648
45.900002,27,-11.830571,12.842847,-37.002087,13.340945,18.064863,9.8815565,-1.3026319,37.432358
46,27,-11.936247,12.957148,-37.331787,13.459295,18.247887,9.9727526,-1.2983485,37.794125
46.099998,27,-12.041923,13.071472,-37.661537,13.577693,18.430912,10.063984,-1.2941343,38.155956
46.200001,27,-12.147601,13.185824,-37.991341,13.696139,18.613941,10.155252,-1.2899873,38.517868
46.299999,27,-12.253277,13.300196,-38.321182,13.814628,18.796965,10.246551,-1.2859055,38.879837
46.400002,27,-12.358956,13.414595,-38.651077,13.933166,18.979998,10.337886,-1.2818872,39.241882
46.5,27,-12.464632,13.52901,-38.981007,14.05174,19.163021,10.429249,-1.2779311,39.603973
46.599998,27,-12.570308,13.643447,-39.310974,14.170357,19.346045,10.520642,-1.2740352,39.966125
46.700001,27,-12.675986,13.757908,-39.640991,14.289018,19.529074,10.612069,-1.2701985,40.328346
46.799999,27,-12.781663,13.872386,-39.971039,14.407714,19.712099,10.703522,-1.2664187,40.690617
46.900002,27,-12.887342,13.986888,-40.30114,14.526454,19.89513,10.795007,-1.2626946,41.052956
47,27,-12.993018,14.101405,-40.631264,14.645227,20.078154,10.886517,-1.2590252,41.415333
