temp,ref,yhat_low,se_low,lowerci_low,upperci_low,yhat_high_noag,se_high,lowerci_high,upperci_high
-20,27,-88.091614,109.93726,-303.5647,127.38146,-71.952278,137.68959,-341.81891,197.91435
-19.9,27,-87.90419,109.70335,-302.91882,127.11044,-71.799194,137.39664,-341.09164,197.49326
-19.8,27,-87.716759,109.46944,-302.27292,126.83941,-71.646103,137.10367,-340.36435,197.07216
-19.7,27,-87.529327,109.23553,-301.62704,126.56839,-71.493011,136.81071,-339.63708,196.65108
-19.6,27,-87.341904,109.00163,-300.98117,126.29736,-71.33992,136.51776,-338.90982,196.22998
-19.5,27,-87.154472,108.76772,-300.3353,126.02634,-71.186829,136.22481,-338.18256,195.80888
-19.4,27,-86.967041,108.53381,-299.68939,125.75532,-71.033745,135.93185,-337.45526,195.38779
-19.3,27,-86.77961,108.2999,-299.04352,125.48429,-70.880653,135.63889,-336.728,194.96669
-19.2,27,-86.592186,108.06599,-298.39764,125.21327,-70.727562,135.34593,-336.00073,194.54559
-19.1,27,-86.404755,107.83208,-297.75177,124.94225,-70.574471,135.05298,-335.27344,194.12451
-19,27,-86.217323,107.59818,-297.10587,124.67122,-70.421379,134.76003,-334.54617,193.70341
-18.9,27,-86.0299,107.36427,-296.45999,124.40019,-70.268288,134.46707,-333.81891,193.28232
-18.8,27,-85.842468,107.13036,-295.81409,124.12917,-70.115204,134.1741,-333.09161,192.86122
-18.7,27,-85.655045,106.89645,-295.16824,123.85815,-69.962112,133.88115,-332.36435,192.44012
-18.6,27,-85.467613,106.66254,-294.52234,123.58712,-69.809021,133.5882,-331.63708,192.01903
-18.5,27,-85.280182,106.42863,-293.87646,123.31609,-69.65593,133.29524,-330.90979,191.59793
-18.4,27,-85.092751,106.19472,-293.23056,123.04507,-69.502838,133.00229,-330.18253,191.17683
-18.3,27,-84.905319,105.96081,-292.58469,122.77405,-69.349754,132.70932,-329.45526,190.75575
-18.2,27,-84.717896,105.72691,-291.93881,122.50302,-69.196663,132.41637,-328.728,190.33466
-18.1,27,-84.530464,105.493,-291.29294,122.232,-69.043571,132.12341,-328.0007,189.91356
-18,27,-84.34304,105.25908,-290.64703,121.96098,-68.89048,131.83046,-327.27344,189.49246
-17.9,27,-84.155609,105.02517,-290.00116,121.68995,-68.737389,131.53751,-326.54614,189.07137
-17.8,27,-83.968178,104.79126,-289.35529,121.41892,-68.584305,131.24454,-325.81888,188.65027
-17.7,27,-83.780754,104.55736,-288.70941,121.1479,-68.431213,130.95158,-325.09161,188.22919
-17.6,27,-83.593323,104.32345,-288.06351,120.87688,-68.278122,130.65863,-324.36435,187.80809
-17.5,27,-83.405891,104.08954,-287.41763,120.60585,-68.125031,130.36568,-323.63705,187.38699
-17.4,27,-83.21846,103.85563,-286.77176,120.33482,-67.971939,130.07272,-322.90979,186.9659
-17.3,27,-83.031029,103.62172,-286.12585,120.0638,-67.818848,129.77975,-322.1825,186.5448
-17.2,27,-82.843605,103.38781,-285.47998,119.79278,-67.665764,129.4868,-321.45523,186.12372
-17.1,27,-82.656174,103.1539,-284.83411,119.52176,-67.512672,129.19385,-320.72797,185.70262
-17,27,-82.46875,102.91999,-284.18823,119.25073,-67.359581,128.90089,-320.00067,185.28152
-16.9,27,-82.281319,102.68608,-283.54233,118.97971,-67.20649,128.60794,-319.27341,184.86043
-16.8,27,-82.093887,102.45217,-282.89645,118.70868,-67.053398,128.31497,-318.54614,184.43933
-16.7,27,-81.906464,102.21827,-282.25058,118.43766,-66.900314,128.02202,-317.81888,184.01823
-16.6,27,-81.719032,101.98436,-281.60471,118.16663,-66.747223,127.72906,-317.09158,183.59715
-16.5,27,-81.531601,101.75045,-280.9588,117.89561,-66.594131,127.43611,-316.36432,183.17606
-16.4,27,-81.34417,101.51653,-280.31293,117.62458,-66.44104,127.14315,-315.63702,182.75496
-16.3,27,-81.156746,101.28262,-279.66705,117.35355,-66.287949,126.85019,-314.90976,182.33386
-16.2,27,-80.969315,101.04872,-279.02118,117.08253,-66.134865,126.55724,-314.1825,181.91277
-16.1,27,-80.781883,100.81481,-278.37527,116.81151,-65.981773,126.26428,-313.45523,181.49167
-16,27,-80.59446,100.5809,-277.7294,116.54049,-65.828682,125.97133,-312.72794,181.07057
-15.9,27,-80.407028,100.34699,-277.08353,116.26946,-65.675591,125.67837,-312.00067,180.64948
-15.8,27,-80.219597,100.11308,-276.43765,115.99844,-65.522507,125.38541,-311.27341,180.22839
-15.7,27,-80.032173,99.879173,-275.79175,115.72741,-65.369415,125.09245,-310.54611,179.8073
-15.6,27,-79.844742,99.645264,-275.14587,115.45639,-65.216324,124.7995,-309.81885,179.3862
-15.5,27,-79.65731,99.411354,-274.5,115.18536,-65.063232,124.50655,-309.09158,178.9651
-15.4,27,-79.469879,99.177444,-273.8541,114.91434,-64.910141,124.21358,-308.36429,178.54401
-15.3,27,-79.282455,98.943535,-273.20822,114.64332,-64.757057,123.92063,-307.63702,178.12292
-15.2,27,-79.095024,98.709625,-272.56235,114.37229,-64.603966,123.62767,-306.90976,177.70183
-15.1,27,-78.9076,98.475723,-271.91647,114.10126,-64.450874,123.33472,-306.18246,177.28073
-15,27,-78.720169,98.241814,-271.27057,113.83025,-64.297783,123.04176,-305.4552,176.85963
-14.9,27,-78.532738,98.007904,-270.62469,113.55922,-64.144691,122.7488,-304.72794,176.43854
-14.8,27,-78.345306,97.773994,-269.97882,113.28819,-63.991604,122.45585,-304.00064,176.01744
-14.7,27,-78.157883,97.540085,-269.33292,113.01717,-63.838512,122.16289,-303.27338,175.59634
-14.6,27,-77.970451,97.306175,-268.68704,112.74615,-63.685425,121.86993,-302.54611,175.17526
-14.5,27,-77.78302,97.072266,-268.04117,112.47512,-63.532333,121.57697,-301.81882,174.75417
-14.4,27,-77.595596,96.838356,-267.39529,112.20409,-63.379242,121.28402,-301.09155,174.33307
-14.3,27,-77.408165,96.604446,-266.74939,111.93307,-63.226154,120.99107,-300.36429,173.91197
-14.2,27,-77.220734,96.370537,-266.10352,111.66205,-63.073063,120.6981,-299.63699,173.49088
-14.1,27,-77.03331,96.136627,-265.45764,111.39102,-62.919975,120.40515,-298.90973,173.06979
-14,27,-76.845879,95.902718,-264.81177,111.12,-62.766884,120.11219,-298.18246,172.6487
-13.9,27,-76.658447,95.668808,-264.16586,110.84898,-62.613792,119.81924,-297.45517,172.2276
-13.8,27,-76.471024,95.434898,-263.51999,110.57795,-62.460705,119.52628,-296.72791,171.8065
-13.7,27,-76.283592,95.200989,-262.87411,110.30692,-62.307613,119.23332,-296.00064,171.38541
-13.6,27,-76.096161,94.967087,-262.22824,110.0359,-62.154526,118.94037,-295.27338,170.96431
-13.5,27,-75.90873,94.733177,-261.58234,109.76488,-62.001434,118.64741,-294.54608,170.54321
-13.4,27,-75.721306,94.499268,-260.93646,109.49385,-61.848343,118.35445,-293.81882,170.12212
-13.3,27,-75.533875,94.265358,-260.29059,109.22283,-61.695255,118.0615,-293.09155,169.70103
-13.2,27,-75.346443,94.031448,-259.64468,108.95181,-61.542164,117.76854,-292.36426,169.27994
-13.1,27,-75.159019,93.797539,-258.99881,108.68078,-61.389076,117.47559,-291.63699,168.85884
-13,27,-74.971588,93.563629,-258.35294,108.40975,-61.235985,117.18262,-290.90973,168.43774
-12.9,27,-74.784157,93.32972,-257.70703,108.13873,-61.082893,116.88967,-290.18243,168.01665
-12.8,27,-74.596733,93.09581,-257.06116,107.86771,-60.929806,116.59672,-289.45517,167.59557
-12.7,27,-74.409302,92.8619,-256.41528,107.59668,-60.776714,116.30376,-288.72791,167.17447
-12.6,27,-74.22187,92.627991,-255.76941,107.32566,-60.623627,116.0108,-288.00061,166.75337
-12.5,27,-74.034447,92.394081,-255.12352,107.05463,-60.470535,115.71784,-287.27335,166.33228
-12.4,27,-73.847015,92.160172,-254.47763,106.78361,-60.317444,115.42489,-286.54608,165.91118
-12.3,27,-73.659584,91.92627,-253.83176,106.51258,-60.164356,115.13194,-285.81879,165.49008
-12.2,27,-73.472153,91.692352,-253.18587,106.24156,-60.011265,114.83897,-285.09152,165.06898
-12.1,27,-73.284729,91.45845,-252.53999,105.97054,-59.858173,114.54602,-284.36426,164.6479
-12,27,-73.097298,91.224541,-251.8941,105.69951,-59.705086,114.25306,-283.63696,164.22681
-11.9,27,-72.909866,90.990631,-251.24823,105.42848,-59.551994,113.96011,-282.9097,163.80571
-11.8,27,-72.722443,90.756721,-250.60234,105.15746,-59.398907,113.66715,-282.18243,163.38461
-11.7,27,-72.535011,90.522812,-249.95647,104.88644,-59.245815,113.37419,-281.45514,162.96352
-11.6,27,-72.34758,90.288902,-249.31058,104.61542,-59.092724,113.08124,-280.72787,162.54243
-11.5,27,-72.160156,90.054993,-248.6647,104.34439,-58.939636,112.78828,-280.00061,162.12134
-11.4,27,-71.972725,89.821083,-248.01881,104.07336,-58.786545,112.49532,-279.27332,161.70024
-11.3,27,-71.785294,89.587173,-247.37294,103.80234,-58.633453,112.20237,-278.54605,161.27914
-11.2,27,-71.59787,89.353264,-246.72705,103.53132,-58.480366,111.90941,-277.81879,160.85805
-11.1,27,-71.410439,89.119354,-246.08118,103.26029,-58.327274,111.61646,-277.09149,160.43695
-11,27,-71.223007,88.885445,-245.43529,102.98927,-58.174187,111.32349,-276.36423,160.01585
-10.9,27,-71.035576,88.651535,-244.7894,102.71824,-58.021095,111.03054,-275.63696,159.59476
-10.8,27,-70.848152,88.417633,-244.14352,102.44722,-57.868004,110.73759,-274.90967,159.17368
-10.7,27,-70.660721,88.183723,-243.49763,102.17619,-57.714916,110.44463,-274.1824,158.75258
-10.6,27,-70.473297,87.949814,-242.85176,101.90517,-57.561825,110.15167,-273.45514,158.33148
-10.5,27,-70.285866,87.715904,-242.20587,101.63415,-57.408733,109.85871,-272.72784,157.91039
-10.4,27,-70.098434,87.481995,-241.55998,101.36312,-57.255646,109.56576,-272.00058,157.48929
-10.3,27,-69.911003,87.248085,-240.91411,101.09209,-57.102554,109.2728,-271.27332,157.06821
-10.2,27,-69.723579,87.014175,-240.26822,100.82107,-56.949467,108.97984,-270.54602,156.64711
-10.1,27,-69.536148,86.780266,-239.62234,100.55005,-56.796375,108.68689,-269.81876,156.22601
-10,27,-69.348717,86.546356,-238.97646,100.27902,-56.643284,108.39393,-269.09149,155.80492
-9.9,27,-69.161293,86.312447,-238.33058,100.008,-56.490196,108.10098,-268.3642,155.38382
-9.800000000000001,27,-68.973862,86.078537,-237.68469,99.736977,-56.337105,107.80802,-267.63693,154.96272
-9.699999999999999,27,-68.78643,85.844627,-237.03882,99.46595,-56.184013,107.51506,-266.90967,154.54163
-9.6,27,-68.599007,85.610718,-236.39293,99.194923,-56.030926,107.22211,-266.1824,154.12054
-9.5,27,-68.411575,85.376808,-235.74706,98.923904,-55.877834,106.92915,-265.45511,153.69945
-9.4,27,-68.224144,85.142899,-235.10117,98.652878,-55.724747,106.63619,-264.72784,153.27835
-9.300000000000001,27,-68.03672,84.908997,-234.45529,98.381851,-55.571655,106.34324,-264.00058,152.85725
-9.199999999999999,27,-67.849289,84.675087,-233.8094,98.110825,-55.418564,106.05028,-263.27328,152.43616
-9.1,27,-67.661858,84.441177,-233.16353,97.839806,-55.265476,105.75732,-262.54602,152.01506
-9,27,-67.474426,84.207268,-232.51764,97.568779,-55.112385,105.46436,-261.81876,151.59398
-8.9,27,-67.287003,83.973358,-231.87175,97.297752,-54.959293,105.17141,-261.09146,151.17288
-8.800000000000001,27,-67.099571,83.739449,-231.22588,97.026733,-54.806206,104.87846,-260.3642,150.75179
-8.699999999999999,27,-66.91214,83.505539,-230.57999,96.755707,-54.653114,104.58549,-259.63693,150.33069
-8.6,27,-66.724716,83.271629,-229.93411,96.48468,-54.500027,104.29254,-258.90964,149.90959
-8.5,27,-66.537285,83.03772,-229.28822,96.213654,-54.346935,103.99958,-258.18237,149.48849
-8.4,27,-66.349854,82.80381,-228.64233,95.942635,-54.193844,103.70663,-257.45511,149.0674
-8.300000000000001,27,-66.16243,82.569901,-227.99646,95.671608,-54.040756,103.41367,-256.72781,148.64632
-8.199999999999999,27,-65.974998,82.335991,-227.35057,95.400581,-53.887665,103.12071,-256.00055,148.22522
-8.1,27,-65.787567,82.102089,-226.7047,95.129562,-53.734577,102.82776,-255.27328,147.80412
-8,27,-65.600143,81.868172,-226.05881,94.858536,-53.581486,102.5348,-254.54601,147.38303
-7.9,27,-65.412712,81.63427,-225.41293,94.587509,-53.428398,102.24184,-253.81873,146.96193
-7.8,27,-65.225281,81.40036,-224.76704,94.31649,-53.275307,101.94889,-253.09145,146.54085
-7.7,27,-65.037849,81.166451,-224.12117,94.045464,-53.122215,101.65593,-252.36418,146.11975
-7.6,27,-64.850426,80.932541,-223.47528,93.774437,-52.969128,101.36298,-251.6369,145.69865
-7.5,27,-64.662994,80.698631,-222.82941,93.50341,-52.816036,101.07001,-250.90962,145.27756
-7.4,27,-64.475563,80.464722,-222.18352,93.232391,-52.662945,100.77706,-250.18236,144.85646
-7.3,27,-64.288139,80.230812,-221.53764,92.961365,-52.509857,100.48411,-249.45508,144.43536
-7.2,27,-64.100708,79.996902,-220.89175,92.690338,-52.356766,100.19115,-248.7278,144.01427
-7.1,27,-63.91328,79.762993,-220.24588,92.419319,-52.203678,99.898193,-248.00053,143.59319
-7,27,-63.725849,79.529083,-219.59999,92.148293,-52.050587,99.605232,-247.27325,143.17209
-6.9,27,-63.538422,79.295174,-218.95412,91.877266,-51.897495,99.312279,-246.54599,142.75099
-6.8,27,-63.350994,79.061264,-218.30823,91.606239,-51.744408,99.019318,-245.81871,142.3299
-6.7,27,-63.163563,78.827354,-217.66234,91.33522,-51.591316,98.726364,-245.09143,141.9088
-6.6,27,-62.976135,78.593445,-217.01646,91.064194,-51.438225,98.433411,-244.36417,141.4877
-6.5,27,-62.788704,78.359543,-216.37057,90.793167,-51.285137,98.14045,-243.63689,141.06662
-6.4,27,-62.601276,78.125633,-215.7247,90.522148,-51.132046,97.847496,-242.90961,140.64552
-6.3,27,-62.413849,77.891724,-215.07881,90.251122,-50.978958,97.554535,-242.18234,140.22443
-6.2,27,-62.226418,77.657814,-214.43294,89.980095,-50.825867,97.261581,-241.45506,139.80333
-6.1,27,-62.03899,77.423904,-213.78705,89.709068,-50.672775,96.968628,-240.72778,139.38223
-6,27,-61.851559,77.189995,-213.14117,89.438049,-50.519688,96.675667,-240.00052,138.96114
-5.9,27,-61.664131,76.956085,-212.49529,89.167023,-50.366596,96.382713,-239.27324,138.54005
-5.8,27,-61.476704,76.722176,-211.84941,88.895996,-50.213509,96.089752,-238.54597,138.11896
-5.7,27,-61.289272,76.488266,-211.20352,88.624977,-50.060417,95.796799,-237.8187,137.69786
-5.6,27,-61.101845,76.254356,-210.55763,88.353951,-49.907326,95.503845,-237.09142,137.27676
-5.5,27,-60.914417,76.020447,-209.91176,88.082924,-49.754238,95.210884,-236.36415,136.85567
-5.4,27,-60.726986,75.786537,-209.26587,87.811905,-49.601147,94.917931,-235.63687,136.43457
-5.3,27,-60.539558,75.552628,-208.62,87.540878,-49.448059,94.624969,-234.90959,136.01349
-5.2,27,-60.352127,75.318718,-207.97411,87.269852,-49.294968,94.332016,-234.18231,135.59239
-5.1,27,-60.1647,75.084808,-207.32823,86.998825,-49.141876,94.039063,-233.45505,135.1713
-5,27,-59.977272,74.850906,-206.68234,86.727806,-48.988789,93.746101,-232.72777,134.7502
-4.9,27,-59.789841,74.616997,-206.03647,86.456779,-48.835697,93.453148,-232.0005,134.3291
-4.8,27,-59.602413,74.383087,-205.39058,86.185753,-48.68261,93.160187,-231.27322,133.908
-4.7,27,-59.414982,74.149178,-204.74469,85.914726,-48.529518,92.867233,-230.54594,133.48691
-4.6,27,-59.227554,73.915268,-204.09882,85.643707,-48.376427,92.57428,-229.81868,133.06583
-4.5,27,-59.040127,73.681358,-203.45293,85.372681,-48.223339,92.281319,-229.0914,132.64473
-4.4,27,-58.852695,73.447449,-202.80705,85.101654,-48.070248,91.988365,-228.36412,132.22363
-4.3,27,-58.665268,73.213539,-202.16116,84.830635,-47.917156,91.695404,-227.63686,131.80254
-4.2,27,-58.477837,72.97963,-201.51529,84.559608,-47.764069,91.402451,-226.90958,131.38144
-4.1,27,-58.290409,72.74572,-200.8694,84.288582,-47.610977,91.109489,-226.1823,130.96034
-4,27,-58.102982,72.51181,-200.22353,84.017563,-47.45789,90.816536,-225.45503,130.53926
-3.9,27,-57.91555,72.277901,-199.57764,83.746536,-47.304798,90.523582,-224.72775,130.11816
-3.8,27,-57.728123,72.043991,-198.93176,83.47551,-47.151707,90.230621,-224.00047,129.69707
-3.7,27,-57.540695,71.810081,-198.28587,83.204483,-46.998619,89.937668,-223.27321,129.27597
-3.6,27,-57.353264,71.57618,-197.63998,82.933464,-46.845528,89.644707,-222.54593,128.85487
-3.5,27,-57.165836,71.34227,-196.99411,82.662437,-46.692436,89.351753,-221.81866,128.43378
-3.4,27,-56.978409,71.10836,-196.34822,82.391411,-46.539349,89.0588,-221.09138,128.0127
-3.3,27,-56.790977,70.874451,-195.70235,82.120392,-46.386257,88.765839,-220.36411,127.59159
-3.2,27,-56.60355,70.640541,-195.05646,81.849365,-46.23317,88.472885,-219.63684,127.1705
-3.1,27,-56.416119,70.406631,-194.41058,81.578339,-46.080078,88.179924,-218.90956,126.7494
-3,27,-56.228691,70.172722,-193.76469,81.30732,-45.926987,87.886971,-218.18228,126.32831
-2.9,27,-56.041264,69.938812,-193.11882,81.036293,-45.773899,87.594017,-217.45502,125.90722
-2.8,27,-55.853832,69.704903,-192.47293,80.765266,-45.620808,87.301056,-216.72774,125.48612
-2.7,27,-55.666405,69.470993,-191.82706,80.49424,-45.46772,87.008102,-216.00046,125.06503
-2.6,27,-55.478973,69.237083,-191.18117,80.223221,-45.314629,86.715141,-215.27319,124.64393
-2.5,27,-55.291546,69.003174,-190.53529,79.952194,-45.161537,86.422188,-214.54591,124.22284
-2.4,27,-55.104118,68.769264,-189.8894,79.681168,-45.00845,86.129234,-213.81863,123.80174
-2.3,27,-54.916687,68.535355,-189.24352,79.410149,-44.855358,85.836273,-213.09137,123.38065
-2.2,27,-54.729259,68.301453,-188.59764,79.139122,-44.702267,85.54332,-212.36409,122.95956
-2.1,27,-54.541832,68.067543,-187.95175,78.868095,-44.549179,85.250359,-211.63681,122.53846
-2,27,-54.354401,67.833633,-187.30588,78.597069,-44.396088,84.957405,-210.90955,122.11736
-1.9,27,-54.166973,67.599724,-186.65999,78.32605,-44.243,84.664452,-210.18227,121.69627
-1.8,27,-53.979542,67.365814,-186.01411,78.055023,-44.089909,84.37149,-209.455,121.27518
-1.7,27,-53.792114,67.131905,-185.36823,77.783997,-43.936817,84.078537,-208.72772,120.85408
-1.6,27,-53.604687,66.897995,-184.72235,77.512978,-43.78373,83.785576,-208.00044,120.43299
-1.5,27,-53.417255,66.664085,-184.07646,77.241951,-43.630638,83.492622,-207.27318,120.01189
-1.4,27,-53.229828,66.430176,-183.43059,76.970924,-43.477551,83.199669,-206.5459,119.5908
-1.3,27,-53.0424,66.196266,-182.7847,76.699898,-43.324459,82.906708,-205.81862,119.16971
-1.2,27,-52.854969,65.962357,-182.13881,76.428879,-43.171368,82.613754,-205.09135,118.74861
-1.1,27,-52.667542,65.728447,-181.49294,76.157852,-43.01828,82.320793,-204.36407,118.32751
-1,27,-52.48011,65.494537,-180.84705,75.886826,-42.865189,82.02784,-203.6368,117.90643
-.9,27,-52.292683,65.260628,-180.20117,75.615807,-42.712097,81.734886,-202.90953,117.48533
-.8,27,-52.105255,65.026726,-179.55528,75.34478,-42.55901,81.441925,-202.18225,117.06423
-.7,27,-51.917824,64.792816,-178.90941,75.073753,-42.405918,81.148972,-201.45497,116.64314
-.6,27,-51.730396,64.558907,-178.26352,74.802734,-42.252831,80.85601,-200.72771,116.22205
-.5,27,-51.542969,64.324997,-177.61765,74.531708,-42.099739,80.563057,-200.00043,115.80095
-.4,27,-51.355537,64.091087,-176.97176,74.260681,-41.946648,80.270103,-199.27315,115.37986
-.3,27,-51.16811,63.857178,-176.32588,73.989655,-41.79356,79.977142,-198.54588,114.95876
-.2,27,-50.980679,63.623268,-175.67999,73.718636,-41.640469,79.684189,-197.8186,114.53767
-.1,27,-50.793251,63.389359,-175.0341,73.447609,-41.487381,79.391228,-197.09134,114.11658
0,27,-50.605824,63.155449,-174.38823,73.176582,-41.33429,79.098274,-196.36406,113.69548
.1,27,-50.418392,62.921539,-173.74234,72.905563,-41.181198,78.805321,-195.63678,113.27438
.2,27,-50.230965,62.68763,-173.09647,72.634537,-41.028111,78.51236,-194.90952,112.85329
.3,27,-50.043533,62.453724,-172.45058,72.36351,-40.875019,78.219406,-194.18224,112.4322
.4,27,-49.856106,62.219814,-171.8047,72.092484,-40.721928,77.926445,-193.45496,112.0111
.5,27,-49.668678,61.985905,-171.15881,71.821465,-40.56884,77.633492,-192.72769,111.59
.6,27,-49.481247,61.751995,-170.51294,71.550438,-40.415749,77.340538,-192.00041,111.16891
.7,27,-49.293819,61.518085,-169.86705,71.279411,-40.262661,77.047577,-191.27313,110.74782
.8,27,-49.106392,61.284176,-169.22118,71.008392,-40.10957,76.754623,-190.54587,110.32672
.9,27,-48.918961,61.050266,-168.57529,70.737366,-39.956478,76.461662,-189.81859,109.90563
1,27,-48.731533,60.81636,-167.9294,70.466339,-39.803391,76.168709,-189.09131,109.48454
1.1,27,-48.544102,60.582451,-167.28352,70.195313,-39.650299,75.875755,-188.36404,109.06344
1.2,27,-48.356674,60.348541,-166.63763,69.924294,-39.497211,75.582794,-187.63676,108.64235
1.3,27,-48.169247,60.114632,-165.99176,69.653267,-39.34412,75.289841,-186.90948,108.22125
1.4,27,-47.981815,59.880722,-165.34587,69.38224,-39.191029,74.99688,-186.18222,107.80016
1.5,27,-47.794388,59.646812,-164.7,69.111221,-39.037941,74.703926,-185.45494,107.37907
1.6,27,-47.60696,59.412903,-164.05411,68.840195,-38.88485,74.410973,-184.72768,106.95797
1.7,27,-47.419529,59.178993,-163.40823,68.569168,-38.731758,74.118011,-184.0004,106.53687
1.8,27,-47.232101,58.945087,-162.76234,68.298149,-38.578671,73.825058,-183.27312,106.11578
1.9,27,-47.04467,58.711178,-162.11647,68.027122,-38.425579,73.532097,-182.54585,105.69469
2,27,-46.857243,58.477268,-161.47058,67.756096,-38.272491,73.239143,-181.81857,105.27359
2.1,27,-46.669815,58.243359,-160.82471,67.485069,-38.1194,72.94619,-181.09129,104.8525
2.2,27,-46.482384,58.009449,-160.17882,67.21405,-37.966309,72.653229,-180.36403,104.4314
2.3,27,-46.294956,57.775539,-159.53293,66.943024,-37.813221,72.360275,-179.63675,104.01031
2.4,27,-46.107525,57.54163,-158.88705,66.671997,-37.66013,72.067314,-178.90947,103.58921
2.5,27,-45.920097,57.307724,-158.24117,66.400978,-37.507042,71.774361,-178.18221,103.16812
2.6,27,-45.73267,57.073814,-157.59529,66.129951,-37.353951,71.481407,-177.45493,102.74702
2.7,27,-45.545238,56.839905,-156.9494,65.858925,-37.200859,71.188446,-176.72765,102.32593
2.8,27,-45.357811,56.605995,-156.30353,65.587898,-37.047771,70.895493,-176.00038,101.90484
2.9,27,-45.170383,56.372086,-155.65764,65.316879,-36.89468,70.602531,-175.2731,101.48374
3,27,-44.982952,56.138176,-155.01176,65.045853,-36.741589,70.309578,-174.54582,101.06264
3.1,27,-44.795525,55.90427,-154.36588,64.774826,-36.588501,70.016617,-173.81856,100.64156
3.2,27,-44.608093,55.670361,-153.72,64.503807,-36.43541,69.723663,-173.09128,100.22046
3.3,27,-44.420666,55.436451,-153.07411,64.23278,-36.282322,69.43071,-172.36401,99.799362
3.4,27,-44.233238,55.202541,-152.42822,63.961754,-36.12923,69.137749,-171.63673,99.378273
3.5,27,-44.045807,54.968632,-151.78235,63.690731,-35.976139,68.844795,-170.90945,98.957176
3.6,27,-43.858379,54.734722,-151.13646,63.419708,-35.823051,68.551834,-170.18219,98.536079
3.7,27,-43.670952,54.500813,-150.49059,63.148682,-35.66996,68.258881,-169.45491,98.11499
3.8,27,-43.483521,54.266907,-149.8447,62.877659,-35.516872,67.965927,-168.72763,97.693893
3.9,27,-43.296093,54.032997,-149.19882,62.606632,-35.363781,67.672966,-168.00037,97.272797
4,27,-43.108662,53.799088,-148.55293,62.335609,-35.21069,67.380013,-167.27309,96.851707
4.1,27,-42.921234,53.565178,-147.90706,62.064587,-35.057602,67.087051,-166.54581,96.430611
4.2,27,-42.733807,53.331268,-147.26117,61.79356,-34.90451,66.794098,-165.81854,96.009514
4.3,27,-42.546375,53.097359,-146.61528,61.522533,-34.751419,66.501144,-165.09126,95.588417
4.4,27,-42.358948,52.863449,-145.96941,61.251511,-34.598331,66.208183,-164.36398,95.167328
4.5,27,-42.17152,52.629539,-145.32352,60.980488,-34.44524,65.91523,-163.63672,94.746231
4.6,27,-41.984089,52.395634,-144.67764,60.709461,-34.292152,65.622269,-162.90944,94.325142
4.7,27,-41.796661,52.161724,-144.03175,60.438438,-34.139061,65.329315,-162.18217,93.904045
4.8,27,-41.60923,51.927814,-143.38588,60.167412,-33.98597,65.036362,-161.4549,93.482948
4.9,27,-41.421803,51.693905,-142.73999,59.896389,-33.832882,64.743401,-160.72762,93.061852
5,27,-41.234375,51.459995,-142.09412,59.625366,-33.67979,64.450447,-160.00034,92.640762
5.1,27,-41.046944,51.226086,-141.44823,59.35434,-33.526703,64.157486,-159.27307,92.219666
5.2,27,-40.859516,50.99218,-140.80235,59.083317,-33.373611,63.864532,-158.54579,91.798576
5.3,27,-40.672085,50.758266,-140.15646,58.81229,-33.22052,63.571575,-157.81851,91.37748
5.4,27,-40.484657,50.524361,-139.51059,58.541267,-33.067432,63.278618,-157.09125,90.956383
5.5,27,-40.29723,50.290451,-138.8647,58.270245,-32.914341,62.985664,-156.36397,90.535286
5.6,27,-40.109798,50.056541,-138.21883,57.999218,-32.761253,62.692707,-155.6367,90.114197
5.7,27,-39.922371,49.822632,-137.57294,57.728195,-32.608162,62.39975,-154.90942,89.6931
5.8,27,-39.73494,49.588722,-136.92705,57.457169,-32.45507,62.106792,-154.18214,89.272003
5.9,27,-39.547512,49.354813,-136.28117,57.186146,-32.301983,61.813835,-153.45488,88.850914
6,27,-39.360085,49.120907,-135.63528,56.915123,-32.148891,61.520882,-152.7276,88.429817
6.1,27,-39.172653,48.886997,-134.98941,56.644096,-31.995802,61.227924,-152.00032,88.00872
6.2,27,-38.985226,48.653088,-134.34352,56.373074,-31.842712,60.934967,-151.27306,87.587631
6.3,27,-38.797798,48.419178,-133.69765,56.102047,-31.689621,60.64201,-150.54578,87.166534
6.4,27,-38.610367,48.185268,-133.05176,55.831024,-31.536531,60.349052,-149.8185,86.745438
6.5,27,-38.422939,47.951359,-132.40588,55.559998,-31.383442,60.056095,-149.09123,86.324348
6.6,27,-38.235512,47.717449,-131.75999,55.288975,-31.230352,59.763142,-148.36395,85.903252
6.7,27,-38.04808,47.483543,-131.11412,55.017952,-31.077263,59.470184,-147.63669,85.482155
6.8,27,-37.860653,47.249634,-130.46823,54.746925,-30.924171,59.177227,-146.90941,85.061058
6.9,27,-37.673222,47.015724,-129.82234,54.475903,-30.771082,58.88427,-146.18213,84.639969
7,27,-37.485794,46.781815,-129.17647,54.204876,-30.617992,58.591312,-145.45486,84.218872
7.1,27,-37.298367,46.547905,-128.53058,53.933853,-30.464903,58.298359,-144.72758,83.797783
7.2,27,-37.110935,46.313995,-127.8847,53.66283,-30.311813,58.005402,-144.00031,83.376686
7.3,27,-36.923508,46.080086,-127.23882,53.391804,-30.158722,57.712444,-143.27304,82.955589
7.4,27,-36.736076,45.846176,-126.59293,53.120781,-30.005632,57.419487,-142.54576,82.534492
7.5,27,-36.548649,45.61227,-125.94705,52.849754,-29.852543,57.12653,-141.81848,82.113403
7.6,27,-36.361221,45.378361,-125.30117,52.578732,-29.699453,56.833576,-141.09122,81.692307
7.7,27,-36.17379,45.144451,-124.65529,52.307709,-29.546362,56.540619,-140.36394,81.271217
7.8,27,-35.986362,44.910542,-124.00941,52.036682,-29.393272,56.247662,-139.63666,80.850121
7.9,27,-35.798935,44.676632,-123.36353,51.765659,-29.240183,55.954704,-138.90939,80.429024
8,27,-35.611504,44.442722,-122.71764,51.494633,-29.087093,55.661747,-138.18211,80.007927
8.1,27,-35.424076,44.208813,-122.07175,51.223606,-28.934002,55.36879,-137.45483,79.58683
8.199999999999999,27,-35.236649,43.974907,-121.42588,50.952583,-28.780912,55.075836,-136.72757,79.165741
8.300000000000001,27,-35.049217,43.740997,-120.77999,50.681561,-28.627823,54.782879,-136.00029,78.744644
8.4,27,-34.86179,43.507088,-120.13412,50.410538,-28.474733,54.489922,-135.27303,78.323555
8.5,27,-34.674358,43.273178,-119.48823,50.139511,-28.321642,54.196964,-134.54575,77.902458
8.6,27,-34.486931,43.039268,-118.84235,49.868484,-28.168552,53.904007,-133.81847,77.481361
8.699999999999999,27,-34.299503,42.805359,-118.19646,49.597462,-28.015463,53.611053,-133.0912,77.060272
8.800000000000001,27,-34.112072,42.571449,-117.55058,49.326439,-27.862373,53.318096,-132.36392,76.639175
8.9,27,-33.924644,42.337543,-116.9047,49.055416,-27.709284,53.025139,-131.63664,76.218079
9,27,-33.737213,42.103634,-116.25882,48.784389,-27.556192,52.732182,-130.90938,75.796989
9.1,27,-33.549786,41.869724,-115.61294,48.513363,-27.403103,52.439224,-130.1821,75.375893
9.199999999999999,27,-33.362358,41.635815,-114.96706,48.24234,-27.250013,52.146271,-129.45482,74.954796
9.300000000000001,27,-33.174927,41.401905,-114.32117,47.971317,-27.096922,51.853313,-128.72755,74.533699
9.4,27,-32.987499,41.167999,-113.67529,47.700294,-26.943834,51.560356,-128.00027,74.11261
9.5,27,-32.800072,40.934086,-113.0294,47.429268,-26.790743,51.267399,-127.273,73.691513
9.6,27,-32.61264,40.700176,-112.38352,47.158241,-26.637653,50.974442,-126.54572,73.270416
9.699999999999999,27,-32.425213,40.46627,-111.73764,46.887218,-26.484564,50.681488,-125.81845,72.849327
9.800000000000001,27,-32.237782,40.232361,-111.09176,46.616196,-26.331472,50.388531,-125.09118,72.42823
9.9,27,-32.050354,39.998451,-110.44588,46.345173,-26.178383,50.095573,-124.36391,72.007141
10,27,-31.862925,39.764542,-109.8,46.074146,-26.025293,49.802616,-123.63663,71.586044
10.1,27,-31.675495,39.530632,-109.15411,45.80312,-25.872202,49.509659,-122.90936,71.164948
10.2,27,-31.488068,39.296726,-108.50823,45.532097,-25.719114,49.216705,-122.18208,70.743851
10.3,27,-31.300638,39.062813,-107.86235,45.26107,-25.566023,48.923748,-121.4548,70.322762
10.4,27,-31.113211,38.828907,-107.21647,44.990047,-25.412933,48.630791,-120.72753,69.901665
10.5,27,-30.925779,38.594997,-106.57059,44.719025,-25.259844,48.337833,-120.00026,69.480568
10.6,27,-30.73835,38.361088,-105.9247,44.447998,-25.106752,48.044876,-119.27298,69.059471
10.7,27,-30.550922,38.127178,-105.27882,44.176975,-24.953663,47.751923,-118.54571,68.638382
10.8,27,-30.363493,37.893269,-104.63293,43.905949,-24.800573,47.458965,-117.81844,68.217285
10.9,27,-30.176065,37.659363,-103.98706,43.634926,-24.647484,47.166008,-117.09116,67.796196
11,27,-29.988636,37.425453,-103.34117,43.363903,-24.494394,46.873051,-116.36388,67.375099
11.1,27,-29.801205,37.19154,-102.69529,43.092876,-24.341303,46.580093,-115.63661,66.954002
11.2,27,-29.613777,36.957634,-102.04941,42.821854,-24.188213,46.28714,-114.90934,66.532913
11.3,27,-29.426348,36.723724,-101.40353,42.550827,-24.035124,45.994183,-114.18206,66.111816
11.4,27,-29.23892,36.489815,-100.75764,42.279804,-23.882034,45.701225,-113.45479,65.69072
11.5,27,-29.051491,36.255905,-100.11176,42.008781,-23.728945,45.408268,-112.72752,65.26963
11.6,27,-28.864061,36.021996,-99.465874,41.737755,-23.575853,45.115311,-112.00024,64.848534
11.7,27,-28.676632,35.78809,-98.82,41.466732,-23.422764,44.822357,-111.27296,64.427437
11.8,27,-28.489202,35.55418,-98.17411,41.195705,-23.269674,44.5294,-110.54569,64.00634
11.9,27,-28.301775,35.320271,-97.528236,40.924683,-23.116585,44.236443,-109.81842,63.585251
12,27,-28.114346,35.086361,-96.882347,40.65366,-22.963493,43.943485,-109.09114,63.164154
12.1,27,-27.926916,34.852451,-96.236465,40.382633,-22.810404,43.650528,-108.36387,62.743057
12.2,27,-27.739489,34.618542,-95.590584,40.11161,-22.657314,43.357574,-107.6366,62.321968
12.3,27,-27.552059,34.384632,-94.944702,39.840584,-22.504225,43.064617,-106.90932,61.900871
12.4,27,-27.36463,34.150726,-94.29882,39.569561,-22.351135,42.77166,-106.18204,61.479778
12.5,27,-27.1772,33.916817,-93.652939,39.298534,-22.198044,42.478703,-105.45477,61.058681
12.6,27,-26.989771,33.682907,-93.00705,39.027512,-22.044954,42.185745,-104.72749,60.637589
12.7,27,-26.802343,33.448997,-92.361176,38.756489,-21.891865,41.892792,-104.00022,60.216496
12.8,27,-26.614914,33.215088,-91.715286,38.485462,-21.738773,41.599831,-103.27295,59.795399
12.9,27,-26.427486,32.981178,-91.069412,38.214439,-21.585686,41.306877,-102.54568,59.374306
13,27,-26.240055,32.747269,-90.423523,37.943413,-21.432594,41.01392,-101.8184,58.953213
13.1,27,-26.052626,32.513359,-89.777641,37.67239,-21.279505,40.720963,-101.09113,58.532116
13.2,27,-25.865198,32.279453,-89.13176,37.401367,-21.126415,40.428009,-100.36385,58.111023
13.3,27,-25.677769,32.045544,-88.485878,37.130341,-20.973324,40.135048,-99.636574,57.689926
13.4,27,-25.490341,31.811634,-87.839996,36.859318,-20.820234,39.842094,-98.909309,57.268837
13.5,27,-25.302912,31.577724,-87.194115,36.588291,-20.667145,39.549137,-98.18203,56.84774
13.6,27,-25.11548,31.343815,-86.548233,36.317268,-20.514053,39.25618,-97.45475,56.426643
13.7,27,-24.928053,31.109907,-85.902351,36.046246,-20.360966,38.963226,-96.727478,56.00555
13.8,27,-24.740623,30.875998,-85.25647,35.775219,-20.207874,38.670265,-96.000206,55.584457
13.9,27,-24.553196,30.64209,-84.610588,35.504196,-20.054785,38.377312,-95.272934,55.163364
14,27,-24.365767,30.40818,-83.964699,35.23317,-19.901695,38.084354,-94.545654,54.742268
14.1,27,-24.178337,30.174269,-83.318817,34.962143,-19.748604,37.791397,-93.818382,54.321171
14.2,27,-23.990908,29.940361,-82.672935,34.69112,-19.595514,37.49844,-93.09111,53.900082
14.3,27,-23.803478,29.706451,-82.027054,34.420097,-19.442425,37.205482,-92.363831,53.478985
14.4,27,-23.616051,29.472544,-81.381172,34.149075,-19.289335,36.912529,-91.636566,53.057892
14.5,27,-23.428621,29.238634,-80.735291,33.878048,-19.136246,36.619572,-90.909286,52.636795
14.6,27,-23.241192,29.004725,-80.089409,33.607021,-18.983154,36.326614,-90.182007,52.215698
14.7,27,-23.053764,28.770817,-79.443527,33.335999,-18.830065,36.033657,-89.454742,51.794609
14.8,27,-22.866335,28.536907,-78.797646,33.064976,-18.676975,35.7407,-88.727463,51.373512
14.9,27,-22.678905,28.302999,-78.151764,32.793953,-18.523886,35.447746,-88.000191,50.952419
15,27,-22.491476,28.069088,-77.505882,32.522926,-18.370794,35.154789,-87.272911,50.531322
15.1,27,-22.304047,27.835178,-76.859993,32.2519,-18.217705,34.861832,-86.545639,50.110229
15.2,27,-22.116619,27.601271,-76.214119,31.980879,-18.064615,34.568874,-85.818367,49.689137
15.3,27,-21.92919,27.367361,-75.56823,31.709852,-17.911526,34.275917,-85.091087,49.26804
15.4,27,-21.741762,27.133453,-74.922356,31.438829,-17.758436,33.982964,-84.363823,48.846947
15.5,27,-21.554331,26.899544,-74.276466,31.167805,-17.605345,33.690006,-83.636543,48.425854
15.6,27,-21.366901,26.665634,-73.630585,30.896778,-17.452255,33.397049,-82.909264,48.004757
15.7,27,-21.179474,26.431726,-72.984703,30.625755,-17.299166,33.104092,-82.181999,47.583664
15.8,27,-20.992044,26.197815,-72.338821,30.354731,-17.146076,32.811134,-81.45472,47.162567
15.9,27,-20.804617,25.963907,-71.69294,30.083708,-16.992987,32.518181,-80.727448,46.741478
16,27,-20.617188,25.729998,-71.047058,29.812683,-16.839895,32.225224,-80.000168,46.320381
16.1,27,-20.429756,25.496088,-70.401169,29.541656,-16.686806,31.932264,-79.272896,45.899284
16.2,27,-20.242327,25.262178,-69.755287,29.270632,-16.533714,31.639307,-78.545616,45.478188
16.3,27,-20.054901,25.028273,-69.109413,28.999611,-16.380627,31.346355,-77.818352,45.057102
16.4,27,-19.867472,24.794363,-68.463531,28.728586,-16.227537,31.053398,-77.09108,44.636005
16.5,27,-19.680042,24.560453,-67.817642,28.457561,-16.074446,30.760441,-76.3638,44.214909
16.6,27,-19.492613,24.326542,-67.171761,28.186535,-15.921355,30.467482,-75.63652,43.793812
16.7,27,-19.305183,24.092632,-66.525871,27.91551,-15.768265,30.174524,-74.909248,43.372715
16.8,27,-19.117756,23.858727,-65.880005,27.644489,-15.615177,29.881573,-74.181984,42.95163
16.9,27,-18.930326,23.624817,-65.234116,27.373465,-15.462087,29.588615,-73.454704,42.530533
17,27,-18.742897,23.390907,-64.588234,27.102438,-15.308996,29.295656,-72.727432,42.109436
17.1,27,-18.555468,23.156998,-63.942348,26.831413,-15.155906,29.002699,-72.000153,41.688339
17.2,27,-18.368038,22.923088,-63.296463,26.560389,-15.002815,28.709742,-71.272873,41.267246
17.3,27,-18.180611,22.689182,-62.650589,26.289368,-14.849728,28.41679,-70.545609,40.846157
17.4,27,-17.993181,22.455273,-62.004707,26.018343,-14.696637,28.123833,-69.818336,40.42506
17.5,27,-17.805752,22.221361,-61.358822,25.747316,-14.543547,27.830873,-69.091057,40.003963
17.6,27,-17.618322,21.987452,-60.712936,25.476292,-14.390455,27.537916,-68.363777,39.58287
17.7,27,-17.430893,21.753542,-60.067051,25.205265,-14.237365,27.244959,-67.636505,39.161774
17.8,27,-17.243467,21.519636,-59.421181,24.934246,-14.084277,26.952007,-66.909241,38.740685
17.9,27,-17.056038,21.285727,-58.775295,24.663219,-13.931187,26.659048,-66.181961,38.319588
18,27,-16.868607,21.051817,-58.12941,24.392195,-13.778096,26.366091,-65.454689,37.898495
18.1,27,-16.681177,20.817907,-57.483524,24.12117,-13.625006,26.073133,-64.727409,37.477398
18.2,27,-16.493748,20.583996,-56.837639,23.850143,-13.471915,25.780176,-64.00013,37.056301
18.3,27,-16.306322,20.350092,-56.191769,23.579124,-13.318828,25.487225,-63.272869,36.635212
18.4,27,-16.118893,20.11618,-55.545883,23.308098,-13.165737,25.194265,-62.545593,36.214119
18.5,27,-15.931462,19.882271,-54.899998,23.037073,-13.012647,24.901308,-61.818314,35.793022
18.6,27,-15.744033,19.648361,-54.254112,22.766047,-12.859556,24.608351,-61.091038,35.371925
18.7,27,-15.556603,19.414452,-53.608227,22.495022,-12.706466,24.315393,-60.363762,34.950829
18.8,27,-15.369177,19.180546,-52.962357,22.224001,-12.553378,24.022442,-59.636497,34.529743
18.9,27,-15.181747,18.946636,-52.316471,21.952976,-12.400288,23.729483,-58.909222,34.108646
19,27,-14.994318,18.712727,-51.670586,21.681952,-12.247197,23.436525,-58.181942,33.68755
19.1,27,-14.806888,18.478815,-51.0247,21.410925,-12.094107,23.143568,-57.454666,33.266453
19.2,27,-14.619458,18.244905,-50.378819,21.1399,-11.941016,22.850611,-56.72739,32.845356
19.3,27,-14.432033,18.011,-49.732944,20.868879,-11.787929,22.557657,-56.000126,32.424271
19.4,27,-14.244602,17.77709,-49.087059,20.597855,-11.634837,22.2647,-55.27285,32.003174
19.5,27,-14.057173,17.54318,-48.441174,20.32683,-11.481747,21.971743,-54.54557,31.582077
19.6,27,-13.869743,17.309271,-47.795288,20.055803,-11.328656,21.678785,-53.818295,31.160982
19.7,27,-13.682313,17.075361,-47.149406,19.784779,-11.175566,21.385828,-53.091019,30.739885
19.8,27,-13.494887,16.841455,-46.503532,19.513758,-11.022478,21.092875,-52.363754,30.318798
19.9,27,-13.307458,16.607546,-45.857647,19.242733,-10.869388,20.799917,-51.636478,29.897701
20,27,-13.120028,16.373634,-45.211761,18.971706,-10.716297,20.50696,-50.909199,29.476606
20.1,27,-12.932598,16.139725,-44.56588,18.700682,-10.563207,20.214003,-50.181923,29.05551
20.2,27,-12.745169,15.905815,-43.919994,18.429657,-10.410116,19.921045,-49.454647,28.634415
20.3,27,-12.557742,15.671909,-43.27412,18.158636,-10.257029,19.628092,-48.727383,28.213326
20.4,27,-12.370313,15.438,-42.628235,17.887611,-10.103938,19.335135,-48.000107,27.792231
20.5,27,-12.182883,15.20409,-41.982349,17.616585,-9.9508476,19.042177,-47.272827,27.371134
20.6,27,-11.995454,14.97018,-41.336468,17.34556,-9.7977571,18.74922,-46.545551,26.950037
20.7,27,-11.808023,14.73627,-40.690582,17.074533,-9.6446667,18.456263,-45.818275,26.528942
20.8,27,-11.620598,14.502364,-40.044708,16.803514,-9.4915791,18.163309,-45.091011,26.107855
20.9,27,-11.433167,14.268455,-39.398823,16.532488,-9.3384886,17.870352,-44.363735,25.686758
21,27,-11.245738,14.034544,-38.752941,16.261463,-9.1853971,17.577394,-43.636456,25.265661
21.1,27,-11.058309,13.800634,-38.107056,15.990438,-9.0323067,17.284437,-42.90918,24.844566
21.2,27,-10.870879,13.566725,-37.46117,15.719413,-8.8792162,16.991478,-42.181904,24.42347
21.3,27,-10.683453,13.332819,-36.815296,15.448392,-8.7261286,16.698526,-41.454639,24.002382
21.4,27,-10.496023,13.098909,-36.169415,15.177366,-8.5730381,16.405569,-40.727364,23.581285
21.5,27,-10.308594,12.864999,-35.523529,14.906342,-8.4199476,16.112612,-40.000084,23.160191
21.6,27,-10.121163,12.631089,-34.877644,14.635316,-8.2668571,15.819654,-39.272808,22.739094
21.7,27,-9.9337339,12.397179,-34.231758,14.36429,-8.1137667,15.526696,-38.545532,22.317999
21.8,27,-9.7463083,12.163274,-33.585884,14.09327,-7.9606791,15.233744,-37.818268,21.89691
21.9,27,-9.5588779,11.929363,-32.940002,13.822245,-7.8075886,14.940786,-37.090992,21.475815
22,27,-9.3714485,11.695454,-32.294117,13.551219,-7.6544981,14.647828,-36.363716,21.054718
22.1,27,-9.1840191,11.461544,-31.648232,13.280194,-7.5014076,14.354871,-35.636436,20.633623
22.2,27,-8.9965887,11.227633,-31.002346,13.009169,-7.3483171,14.061913,-34.909161,20.212526
22.3,27,-8.8091631,10.993729,-30.356474,12.738149,-7.1952295,13.768961,-34.181896,19.791439
22.4,27,-8.6217337,10.759818,-29.71059,12.467123,-7.0421386,13.476004,-33.45462,19.370342
22.5,27,-8.4343033,10.525908,-29.064705,12.196097,-6.8890481,13.183045,-32.727345,18.949247
22.6,27,-8.2468739,10.291998,-28.418819,11.925072,-6.7359576,12.890088,-32.000065,18.528151
22.7,27,-8.0594444,10.058088,-27.772936,11.654047,-6.5828671,12.59713,-31.272789,18.107054
22.8,27,-7.8720183,9.8241825,-27.127062,11.383026,-6.4297795,12.304178,-30.545527,17.685966
22.9,27,-7.6845884,9.5902729,-26.481178,11.112,-6.2766891,12.011221,-29.818249,17.264872
23,27,-7.497159,9.3563633,-25.835293,10.840976,-6.1235986,11.718263,-29.090971,16.843775
23.1,27,-7.3097291,9.1224527,-25.189409,10.56995,-5.9705081,11.425305,-28.363695,16.422678
23.2,27,-7.1222997,8.8885431,-24.543524,10.298924,-5.8174171,11.132347,-27.636417,16.001583
23.3,27,-6.9348731,8.6546373,-23.897652,10.027905,-5.6643295,10.839396,-26.909155,15.580495
23.4,27,-6.7474437,8.4207277,-23.251766,9.7568789,-5.5112391,10.546437,-26.181877,15.159399
23.5,27,-6.5600138,8.1868172,-22.605881,9.4858532,-5.3581486,10.25348,-25.454599,14.738303
23.6,27,-6.3725843,7.9529076,-21.959997,9.2148285,-5.2050581,9.9605227,-24.727324,14.317207
23.7,27,-6.1851544,7.7189975,-21.314112,8.9438028,-5.0519676,9.6675644,-24.000046,13.896111
23.8,27,-5.9977283,7.4850922,-20.66824,8.6727829,-4.89888,9.3746128,-23.272783,13.475023
23.9,27,-5.8102989,7.2511821,-20.022354,8.4017572,-4.7457895,9.0816545,-22.545506,13.053927
24,27,-5.622869,7.017272,-19.376471,8.1307316,-4.5926986,8.7886972,-21.818228,12.632831
24.1,27,-5.4354396,6.7833624,-18.730585,7.8597064,-4.4396081,8.495739,-21.090952,12.211735
24.2,27,-5.2480097,6.5494523,-18.0847,7.5886807,-4.2865176,8.2027817,-20.363674,11.790639
24.3,27,-5.0605836,6.3155465,-17.438828,7.3176603,-4.13343,7.9098296,-19.636412,11.369551
24.4,27,-4.8731542,6.0816369,-16.792942,7.0466352,-3.9803395,7.6168718,-18.909134,10.948455
24.5,27,-4.6857243,5.8477268,-16.147058,6.7756095,-3.8272491,7.3239141,-18.181858,10.527359
24.6,27,-4.4982944,5.6138167,-15.501173,6.5045843,-3.6741586,7.0309567,-17.45458,10.106263
24.7,27,-4.3108649,5.3799067,-14.855289,6.2335587,-3.5210679,6.737999,-16.727303,9.6851673
24.8,27,-4.1234388,5.1460013,-14.209416,5.9625387,-3.3679802,6.4450469,-16.00004,9.2640791
24.9,27,-3.9360092,4.9120913,-13.563531,5.6915131,-3.2148898,6.1520891,-15.272763,8.8429832
25,27,-3.7485795,4.6781816,-12.917646,5.4204879,-3.0617993,5.8591313,-14.545485,8.4218874
25.1,27,-3.5611498,4.4442716,-12.271762,5.1494622,-2.9087086,5.5661736,-13.818209,8.0007915
25.2,27,-3.3737199,4.2103615,-11.625877,4.878437,-2.7556181,5.2732162,-13.090932,7.5796952
25.3,27,-3.1862938,3.9764559,-10.980004,4.6074166,-2.6025305,4.9802637,-12.363668,7.1586075
25.4,27,-2.9988642,3.7425461,-10.33412,4.3363914,-2.44944,4.6873064,-11.636392,6.7375116
25.5,27,-2.8114345,3.508636,-9.6882353,4.0653658,-2.2963493,4.3943486,-10.909114,6.3164153
25.6,27,-2.6240048,3.2747262,-9.0423498,3.7943404,-2.1432588,4.1013908,-10.181837,5.8953195
25.7,27,-2.4365752,3.0408161,-8.3964653,3.523315,-1.9901683,3.8084333,-9.4545603,5.4742236
25.8,27,-2.2491491,2.8069108,-7.7505927,3.2522948,-1.8370807,3.515481,-8.7272968,5.0531354
25.9,27,-2.0617194,2.5730007,-7.1047082,2.9812694,-1.6839901,3.2225235,-8.00002,4.6320395
26,27,-1.8742898,2.3390908,-6.4588232,2.7102439,-1.5308996,2.9295657,-7.2727427,4.2109437
26.1,27,-1.68686,2.1051807,-5.8129387,2.4392185,-1.377809,2.6366081,-6.5454659,3.7898476
26.2,27,-1.4994303,1.8712708,-5.1670537,2.1681931,-1.2247186,2.3436503,-5.8181887,3.3687518
26.3,27,-1.3120042,1.6373653,-4.5211811,1.8971728,-1.0716308,2.0506983,-5.0909257,2.9476638
26.4,27,-1.1245745,1.4034554,-3.8752964,1.6261474,-.91854036,1.7577405,-4.3636484,2.5265677
26.5,27,-.93714488,1.1695454,-3.2294116,1.355122,-.76544982,1.4647828,-3.6363714,2.1054718
26.6,27,-.74971515,.93563539,-2.5835268,1.0840966,-.61235929,1.1718252,-2.9090943,1.6843759
26.7,27,-.56228548,.70172542,-1.9376421,.81307107,-.45926872,.87886745,-2.1818173,1.2632799
26.8,27,-.37485936,.46781993,-1.2917696,.54205084,-.3061811,.58591539,-1.4545541,.84219193
26.9,27,-.18742968,.23390996,-.64588481,.27102542,-.15309055,.29295769,-.72727704,.42109597
27,27,0,0,0,0,0,0,0,0
27.1,27,.18739501,.23388977,-.27102053,.64581054,.15304996,.29293326,-.42108867,.72718859
27.2,27,.37458196,.4676584,-.54201168,1.2911756,.30585644,.58571988,-.84213346,1.4538463
27.3,27,.56134921,.70118046,-.81293923,1.9356376,.45817298,.8782078,-1.2630827,2.1794286
27.4,27,.74749583,.93434417,-1.0837851,2.5787766,.60976195,1.1702621,-1.6839097,2.9034336
27.5,27,.93281019,1.1670249,-1.3545164,3.2201369,.76037687,1.4617313,-2.104564,3.6253176
27.6,27,1.1170843,1.3991028,-1.6251069,3.8592753,.90977436,1.7524704,-2.5250044,4.344553
27.7,27,1.3001099,1.6304594,-1.8955318,4.4957514,1.0577108,2.0423348,-2.9451916,5.0606132
27.8,27,1.4816755,1.8609722,-2.1657627,5.1291137,1.2039399,2.3311753,-3.3650796,5.7729592
27.9,27,1.6615802,2.090533,-2.4357893,5.7589498,1.3482238,2.6188605,-3.7846484,6.4810963
28,27,1.8396124,2.3190222,-2.7055876,6.3848124,1.4903163,2.9052436,-4.2038565,7.1844893
28.1,27,2.0155637,2.5463254,-2.9751425,7.0062704,1.6299738,3.1901846,-4.622673,7.8826208
28.2,27,2.1892266,2.7723305,-3.2444413,7.6228943,1.7669528,3.4735448,-5.04107,8.574976
28.3,27,2.360389,2.9969218,-3.5134697,8.2342482,1.9010068,3.755182,-5.4590149,9.2610283
28.4,27,2.5288503,3.2199998,-3.7822332,8.8399334,2.0318983,4.0349727,-5.8765025,9.940299
28.5,27,2.6943984,3.4414532,-4.0507259,9.4395227,2.1593807,4.3127775,-6.2935076,10.612269
28.6,27,2.8568258,3.6611781,-4.3189516,10.032603,2.2832108,4.5884662,-6.7100182,11.27644
28.7,27,3.0159242,3.8790731,-4.5869193,10.618768,2.4031446,4.8619108,-7.1260257,11.932315
28.8,27,3.1714818,4.0950346,-4.8546386,11.197602,2.5189364,5.1329803,-7.5415201,12.579392
28.9,27,3.3232977,4.3089762,-5.1221399,11.768736,2.6303477,5.4015622,-7.9565201,13.217216
29,27,3.4711607,4.5208006,-5.3894453,12.331766,2.7371328,5.6675324,-8.371027,13.845292
29.1,27,3.6148622,4.7304192,-5.6565886,12.886313,2.8390479,5.9307737,-8.7850552,14.463151
29.2,27,3.7541943,4.937747,-5.9236116,13.432,2.9358492,6.191174,-9.1986294,15.070328
29.3,27,3.8889456,5.1426983,-6.190558,13.96845,3.0272908,6.4486189,-9.6117697,15.666351
29.4,27,4.0189147,5.3452063,-6.4574971,14.495327,3.1131349,6.7030139,-10.024531,16.250801
29.5,27,4.1438909,5.5451941,-6.7244902,15.012272,3.1931348,6.9542542,-10.436953,16.823223
29.6,27,4.2636647,5.7425957,-6.9916153,15.518946,3.2670474,7.2022433,-10.849091,17.383184
29.7,27,4.3780293,5.9373488,-7.2589602,16.015018,3.3346288,7.4468913,-11.26101,17.930267
29.8,27,4.4867725,6.1293936,-7.5266185,16.500164,3.395633,7.688107,-11.67278,18.464046
29.9,27,4.5896935,6.3186903,-7.7947116,16.974098,3.4498219,7.9258227,-12.084505,18.984148
30,27,4.6865807,6.5051908,-8.0633593,17.436522,3.4969494,8.1599588,-12.496276,19.490175
30.1,27,4.777226,6.6888599,-8.3326979,17.88715,3.5367723,8.3904495,-12.908206,19.98175
30.2,27,4.8614211,6.869668,-8.6028814,18.325724,3.569046,8.6172333,-13.320421,20.458513
30.3,27,4.9389548,7.0475912,-8.8740702,18.75198,3.5935254,8.8402548,-13.733055,20.920105
30.4,27,5.0096259,7.2226257,-9.1464615,19.165712,3.6099715,9.0594788,-14.146279,21.366222
30.5,27,5.0732226,7.3947644,-9.420249,19.566694,3.6181393,9.2748642,-14.56026,21.796539
30.6,27,5.1295376,7.564013,-9.6956558,19.954731,3.6177845,9.4863834,-14.975185,22.210754
30.7,27,5.1783614,7.7303877,-9.9729195,20.329643,3.6086633,9.6940203,-15.391267,22.608593
30.8,27,5.2194843,7.8939114,-10.252297,20.691265,3.5905302,9.8977604,-15.808722,22.989784
30.9,27,5.2527037,8.0546303,-10.534082,21.03949,3.5631466,10.097618,-16.227821,23.354113
31,27,5.2778087,8.2125912,-10.818575,21.374191,3.5262668,10.293602,-16.648823,23.701357
31.1,27,5.294591,8.367857,-11.106106,21.695288,3.4796469,10.485741,-17.072025,24.031321
31.2,27,5.3028436,8.5205021,-11.397034,22.002722,3.4230442,10.674071,-17.497751,24.343838
31.3,27,5.302352,8.6706133,-11.691737,22.296442,3.3562098,10.858641,-17.926334,24.638754
31.4,27,5.2929187,8.8183041,-11.99064,22.576477,3.278909,11.039529,-18.35817,24.915987
31.5,27,5.2743306,8.9636908,-12.29418,22.84284,3.1908944,11.216811,-18.793652,25.17544
31.6,27,5.2463794,9.1069088,-12.602834,23.095592,3.0919223,11.390586,-19.233217,25.417061
31.7,27,5.2088571,9.2481127,-12.917111,23.334826,2.9817491,11.560968,-19.677334,25.640831
31.8,27,5.1615515,9.3874702,-13.237552,23.560654,2.8601274,11.728085,-20.126497,25.846752
31.9,27,5.1042633,9.5251789,-13.564744,23.773272,2.7268217,11.892098,-20.581263,26.034906
32,27,5.0367804,9.6614447,-13.899303,23.972864,2.5815847,12.053174,-21.042202,26.205372
32.1,27,4.95889,9.7964926,-14.241883,24.159664,2.4241693,12.211497,-21.509924,26.358263
32.2,27,4.8703961,9.9305868,-14.593197,24.333988,2.2543421,12.367297,-21.985115,26.493799
32.3,27,4.7710743,10.063982,-14.953968,24.496117,2.0718451,12.520786,-22.468447,26.612137
32.4,27,4.6607332,10.196989,-15.324998,24.646463,1.8764501,12.672248,-22.960699,26.713598
32.5,27,4.5391498,10.329908,-15.707098,24.785397,1.6679001,12.821941,-23.462643,26.798443
32.6,27,4.4061227,10.463088,-16.101152,24.913399,1.4459574,12.970185,-23.97514,26.867054
32.7,27,4.2614517,10.5969,-16.508091,25.030994,1.2103853,13.117327,-24.499102,26.919872
32.8,27,4.1049118,10.731716,-16.928865,25.138689,.96092564,13.263703,-25.035456,26.957308
32.9,27,3.9363134,10.867963,-17.364504,25.237129,.69735098,13.409728,-25.585234,26.979935
33,27,3.7554314,11.006061,-17.816051,25.326914,.41940323,13.555796,-26.149467,26.988274
33.1,27,3.5620658,11.146475,-18.284622,25.408754,.12684606,13.702363,-26.729292,26.982985
33.2,27,3.3560159,11.289696,-18.771381,25.483412,-.18055865,13.849916,-27.325895,26.964779
33.3,27,3.1370561,11.436212,-19.277508,25.55162,-.50306904,13.99894,-27.940487,26.934349
33.4,27,2.9049981,11.586566,-19.804255,25.61425,-.84091121,14.149988,-28.574379,26.892555
33.5,27,2.6596167,11.74129,-20.352888,25.672123,-1.1943433,14.303605,-29.228895,26.840208
33.6,27,2.4007115,11.900958,-20.924736,25.72616,-1.5636023,14.460395,-29.905455,26.77825
33.7,27,2.1280797,12.06616,-21.52116,25.777319,-1.9489288,14.620985,-30.605534,26.707676
33.8,27,1.8414997,12.237486,-22.143532,25.82653,-2.3505759,14.786008,-31.330618,26.629467
33.9,27,1.5407801,12.415562,-22.793274,25.874834,-2.7687736,14.956156,-32.082298,26.544752
34,27,1.225698,12.601002,-23.471811,25.923208,-3.2037773,15.13211,-32.862167,26.454613
34.1,27,.89605081,12.79445,-24.180609,25.972712,-3.6558266,15.314602,-33.671894,26.360241
34.2,27,.55163848,12.996555,-24.921143,26.024418,-4.1251583,15.504384,-34.513191,26.262877
34.3,27,.19223495,13.207954,-25.694881,26.07935,-4.6120319,15.7022,-35.387779,26.163713
34.4,27,-.18234757,13.42931,-26.503311,26.138617,-5.116672,15.908845,-36.297436,26.064091
34.5,27,-.57233292,13.661258,-27.347906,26.203239,-5.6393356,16.125092,-37.243935,25.965263
34.6,27,-.97792351,13.904449,-28.230143,26.274294,-6.1802626,16.351749,-38.229103,25.868578
34.7,27,-1.3993196,14.159527,-29.151484,26.352844,-6.7396894,16.589632,-39.254772,25.775393
34.8,27,-1.8367472,14.427112,-30.113367,26.439873,-7.3178754,16.839533,-40.322754,25.687004
34.9,27,-2.2903929,14.707829,-31.117207,26.536421,-7.9150443,17.102276,-41.434891,25.604801
35,27,-2.760484,15.002272,-32.164394,26.643427,-8.5314569,17.378651,-42.592983,25.530071
35.1,27,-3.2472215,15.311032,-33.256294,26.76185,-9.1673508,17.669458,-43.798851,25.464151
35.2,27,-3.7508018,15.634682,-34.394215,26.892612,-9.822958,17.975491,-45.054272,25.408354
35.3,27,-4.2714548,15.973763,-35.579453,27.036545,-10.498544,18.297503,-46.360992,25.363903
35.4,27,-4.809361,16.328806,-36.813232,27.194511,-11.194324,18.636257,-47.720718,25.332069
35.5,27,-5.3647633,16.700315,-38.096779,27.367252,-11.910577,18.992477,-49.135147,25.313995
35.6,27,-5.937849,17.088772,-39.431229,27.555529,-12.647526,19.366871,-50.605896,25.310843
35.7,27,-6.5288129,17.494637,-40.817669,27.760044,-13.405399,19.76012,-52.134525,25.323727
35.8,27,-7.1378946,17.918343,-42.257202,27.981413,-14.184474,20.172876,-53.722584,25.353636
35.9,27,-7.7652712,18.360304,-43.750805,28.220264,-14.984962,20.605762,-55.371513,25.40159
36,27,-8.4111786,18.820908,-45.29948,28.477121,-15.807135,21.05937,-57.082741,25.468473
36.1,27,-9.0758133,19.30052,-46.904137,28.752512,-16.651224,21.534264,-58.857605,25.555159
36.2,27,-9.7593651,19.799486,-48.565643,29.046913,-17.517454,22.030973,-60.697369,25.662462
36.3,27,-10.462076,20.31813,-50.284878,29.360727,-18.406105,22.550001,-62.603294,25.791084
36.4,27,-11.184121,20.856754,-52.062607,29.694366,-19.317385,23.091812,-64.5765,25.941734
36.5,27,-11.925738,21.415648,-53.899635,30.048159,-20.251568,23.656847,-66.618134,26.115
36.6,27,-12.687121,21.995075,-55.796677,30.422434,-21.208883,24.245516,-68.729218,26.311455
36.7,27,-13.468464,22.595287,-57.754414,30.817486,-22.189558,24.8582,-70.910736,26.531618
36.8,27,-14.270006,23.216528,-59.773563,31.233551,-23.193872,25.49526,-73.163666,26.775919
36.9,27,-15.09192,23.859009,-61.854721,31.670879,-24.222029,26.157019,-75.488846,27.044783
37,27,-15.93445,24.522955,-63.998558,32.129658,-25.274311,26.84379,-77.887177,27.338552
37.1,27,-16.797579,25.208426,-66.205185,32.610027,-26.350702,27.555729,-80.35894,27.657536
37.2,27,-17.680454,25.914928,-68.472778,33.111874,-27.450201,28.292398,-82.902283,28.001879
37.3,27,-18.582075,26.641798,-70.799042,33.634892,-28.571638,29.053162,-85.514786,28.37151
37.4,27,-19.501362,27.388285,-73.181412,34.178688,-29.713753,29.837265,-88.193718,28.766212
37.5,27,-20.437313,28.153612,-75.617378,34.742752,-30.875368,30.643908,-90.936325,29.185589
37.6,27,-21.388872,28.936943,-78.10424,35.326496,-32.055248,31.472198,-93.739624,29.629129
37.7,27,-22.354973,29.737398,-80.639206,35.929256,-33.252148,32.321178,-96.600494,30.096197
37.8,27,-23.33462,30.55409,-83.219536,36.550301,-34.464897,33.189869,-99.515846,30.586052
37.9,27,-24.326727,31.386076,-85.842308,37.18885,-35.692238,34.077213,-102.48235,31.097876
38,27,-25.330297,32.232414,-88.504669,37.844074,-36.932987,34.982151,-105.49674,31.63077
38.1,27,-26.344273,33.092129,-91.203659,38.51511,-38.185913,35.903568,-108.55561,32.183784
38.2,27,-27.367588,33.964222,-93.936241,39.201065,-39.449772,36.840317,-111.65546,32.755917
38.3,27,-28.39925,34.847717,-96.699524,39.90102,-40.723396,37.791267,-114.79292,33.346127
38.4,27,-29.438177,35.741585,-99.490395,40.61404,-42.005527,38.755238,-117.96439,33.953339
38.5,27,-30.483362,36.644825,-102.3059,41.339172,-43.294979,39.731056,-121.16642,34.576458
38.6,27,-31.533751,37.556408,-105.14296,42.075455,-44.590523,40.717529,-124.39542,35.214375
38.7,27,-32.588276,38.475296,-107.99847,42.821918,-45.890907,41.713448,-127.64777,35.865948
38.8,27,-33.64595,39.40049,-110.86949,43.577595,-47.194973,42.71764,-130.92001,36.530064
38.9,27,-34.705677,40.330936,-113.75285,44.341503,-48.50145,43.728874,-134.20847,37.20557
39,27,-35.766468,41.265625,-116.64561,45.112675,-49.809162,44.745975,-137.50966,37.891338
39.1,27,-36.827435,42.203663,-119.54509,45.890224,-51.117081,45.767879,-140.82048,38.586315
39.2,27,-37.888371,43.144684,-122.45039,46.673653,-52.424973,46.794117,-144.13976,39.28981
39.3,27,-38.949333,44.088524,-125.36126,47.462589,-53.732891,47.824444,-147.46707,40.001293
39.4,27,-40.010277,45.034988,-128.27724,48.25668,-55.040787,48.858566,-150.80182,40.720245
39.5,27,-41.071243,45.983936,-131.1981,49.055614,-56.348705,49.896286,-154.14363,41.446217
39.6,27,-42.13221,46.935204,-134.12352,49.859093,-57.656628,50.937363,-157.49202,42.178764
39.7,27,-43.19315,47.88863,-137.05315,50.666843,-58.96452,51.981571,-160.84653,42.917488
39.8,27,-44.254112,48.844128,-139.98685,51.478622,-60.272434,53.02877,-164.20691,43.662045
39.9,27,-45.315056,49.801548,-142.9243,52.294189,-61.58033,54.078751,-167.57274,44.412071
40,27,-46.376022,50.760811,-145.86539,53.113342,-62.888252,55.131386,-170.94379,45.167278
40.1,27,-47.436989,51.721798,-148.80984,53.935875,-64.196175,56.186512,-174.31972,45.927364
40.2,27,-48.497932,52.684399,-151.75746,54.761593,-65.504066,57.243969,-177.7002,46.692051
40.3,27,-49.558891,53.648552,-154.70811,55.590336,-66.811981,58.303661,-181.08505,47.461098
40.4,27,-50.619831,54.614155,-157.66161,56.42194,-68.119873,59.365448,-184.47401,48.234264
40.5,27,-51.680798,55.581158,-160.61786,57.256268,-69.427795,60.429245,-187.86694,49.011345
40.6,27,-52.741768,56.549473,-163.57669,58.093166,-70.735718,61.494934,-191.26358,49.792133
40.7,27,-53.802708,57.51902,-166.53792,58.932499,-72.043617,62.562397,-194.66365,50.576427
40.8,27,-54.863674,58.489769,-169.50151,59.774166,-73.35154,63.63158,-198.06714,51.364067
40.9,27,-55.924603,59.461613,-172.46722,60.618023,-74.659409,64.702347,-201.47368,52.154861
41,27,-56.985577,60.43457,-175.43515,61.464005,-75.967346,65.774696,-204.88339,52.9487
41.1,27,-58.046543,61.408539,-178.40508,62.311981,-77.275261,66.848511,-208.29593,53.745403
41.2,27,-59.107487,62.383465,-181.37683,63.161861,-78.58316,67.923691,-211.71115,54.54483
41.3,27,-60.168453,63.359337,-184.35048,64.013565,-79.891083,69.000229,-215.12904,55.346882
41.4,27,-61.229378,64.336067,-187.32574,64.866997,-81.198959,70.077995,-218.54932,56.151394
41.5,27,-62.290356,65.313683,-190.30281,65.722107,-82.506889,71.157021,-221.97209,56.958313
41.6,27,-63.351322,66.292091,-193.28143,66.578796,-83.814812,72.237198,-225.39711,57.767494
41.7,27,-64.412262,67.271263,-196.26152,67.436996,-85.122704,73.318459,-228.82425,58.578831
41.8,27,-65.473221,68.25119,-199.24309,68.296646,-86.430618,74.400787,-232.25348,59.39225
41.9,27,-66.534157,69.231804,-202.226,69.157684,-87.738503,75.484116,-235.68465,60.207638
42,27,-67.595131,70.213127,-205.21033,70.020073,-89.046432,76.568443,-239.11783,61.024952
42.1,27,-68.656097,71.195099,-208.19592,70.883728,-90.354355,77.653694,-242.5528,61.844082
42.2,27,-69.717041,72.177673,-211.18268,71.748604,-91.662254,78.739815,-245.98944,62.664944
42.3,27,-70.778,73.160866,-214.17065,72.614655,-92.970161,79.826797,-249.42781,63.487488
42.4,27,-71.838936,74.144608,-217.1597,73.481827,-94.278046,80.914581,-252.86772,64.311623
42.5,27,-72.89991,75.128937,-220.14992,74.350105,-95.585983,82.003197,-256.3093,65.137329
42.6,27,-73.960876,76.113792,-223.14117,75.219414,-96.893898,83.092552,-259.75232,65.964508
42.7,27,-75.02182,77.099144,-226.13336,76.089722,-98.201797,84.182617,-263.19669,66.793098
42.8,27,-76.082779,78.084991,-229.12656,76.960999,-99.509705,85.273392,-266.64249,67.62307
42.9,27,-77.143715,79.071297,-232.12061,77.833191,-100.8176,86.364822,-270.08954,68.454346
43,27,-78.204689,80.058098,-235.11566,78.706291,-102.12553,87.456932,-273.53796,69.286911
43.1,27,-79.265663,81.045326,-238.11159,79.580261,-103.43346,88.549667,-276.98761,70.120705
43.2,27,-80.326622,82.032974,-241.10831,80.455055,-104.74137,89.64299,-280.43842,70.955658
43.3,27,-81.387527,83.020988,-244.10567,81.330612,-106.04922,90.736839,-283.89017,71.791718
43.4,27,-82.448486,84.009438,-247.10396,82.206978,-107.35714,91.831299,-287.34317,72.628906
43.5,27,-83.509468,84.998276,-250.10303,83.084099,-108.66507,92.926315,-290.7973,73.467155
43.6,27,-84.570442,85.98748,-253.10281,83.961929,-109.973,94.021843,-294.25244,74.306427
43.7,27,-85.631401,86.977036,-256.10327,84.840462,-111.28091,95.117867,-297.7085,75.146667
43.8,27,-86.692307,87.966881,-259.10422,85.719612,-112.58877,96.214317,-301.16537,75.987823
43.9,27,-87.753265,88.957108,-262.10599,86.599464,-113.89668,97.311287,-304.62332,76.829941
44,27,-88.81424,89.947662,-265.10843,87.479942,-115.20461,98.40873,-308.08218,77.672943
44.1,27,-89.875221,90.93853,-268.11148,88.361031,-116.51255,99.506599,-311.5419,78.516808
44.2,27,-90.93618,91.929688,-271.11505,89.242699,-117.82047,100.60489,-315.00241,79.361496
44.3,27,-91.997078,92.921082,-274.11905,90.124893,-119.1283,101.70352,-318.46356,80.20694
44.4,27,-93.058044,93.912811,-277.12378,91.00769,-120.43623,102.80263,-321.92566,81.053207
44.5,27,-94.119019,94.904823,-280.12906,91.891014,-121.74416,103.90211,-325.38855,81.900238
44.6,27,-95.179993,95.897095,-283.13486,92.774864,-123.05209,105.00198,-328.85217,82.747993
44.7,27,-96.240952,96.889618,-286.14111,93.659203,-124.36001,106.10218,-332.31647,83.596443
44.8,27,-97.301857,97.882324,-289.14771,94.543983,-125.66785,107.20267,-335.78125,84.445534
44.9,27,-98.362823,98.875343,-292.15494,95.429283,-126.97578,108.30358,-339.24689,85.295341
45,27,-99.423798,99.868591,-295.16263,96.315048,-128.28371,109.40482,-342.7132,86.14579
45.1,27,-100.48476,100.86205,-298.17075,97.201241,-129.59161,110.50636,-346.18008,86.996857
45.2,27,-101.54574,101.85577,-301.17938,98.087883,-130.89957,111.60823,-349.64767,87.848549
45.3,27,-102.60663,102.8496,-304.18814,98.974884,-132.2074,112.71031,-353.11554,88.70076
45.4,27,-103.66763,103.84373,-307.1976,99.862358,-133.51535,113.81279,-356.58432,89.553612
45.5,27,-104.72858,104.83804,-310.20734,100.75019,-134.82326,114.9155,-360.0535,90.40699
45.6,27,-105.78954,105.83253,-313.2175,101.63842,-136.13116,116.01849,-363.52322,91.26091
45.7,27,-106.85052,106.82725,-316.22809,102.52704,-137.4391,117.12179,-366.99359,92.115379
45.8,27,-107.91141,107.82207,-319.23877,103.41595,-138.74695,118.22524,-370.46417,92.970284
45.9,27,-108.9724,108.81715,-322.25009,104.30529,-140.05489,119.32905,-373.93552,93.825752
46,27,-110.03336,109.81238,-325.26166,105.19495,-141.36279,120.43307,-377.40729,94.681679
46.1,27,-111.09431,110.80778,-328.27356,106.08494,-142.67072,121.53733,-380.87949,95.538078
46.2,27,-112.1553,111.80337,-331.28586,106.97528,-143.97865,122.64185,-384.35226,96.394951
46.3,27,-113.21619,112.79903,-334.29825,107.86586,-145.28648,123.7465,-387.82516,97.252197
46.4,27,-114.27717,113.79494,-337.31116,108.75682,-146.59444,124.85146,-391.2988,98.10994
46.5,27,-115.33813,114.79099,-340.32431,109.64806,-147.90234,125.95662,-394.77277,98.968086
46.6,27,-116.39907,115.78716,-343.33774,110.53958,-149.21024,127.06196,-398.2471,99.82663
46.7,27,-117.46008,116.78352,-346.35159,111.43143,-150.5182,128.16757,-401.72202,100.68562
46.8,27,-118.52097,117.77994,-349.36542,112.32348,-151.82603,129.27327,-405.19696,101.54491
46.9,27,-119.58195,118.77658,-352.37976,113.21587,-153.13397,130.37924,-408.67261,102.40466
47,27,-120.64291,119.77332,-355.39432,114.10849,-154.44189,131.4854,-412.14853,103.26474
