,discrate,year,mc_damages,pulse,rcp,variable
0,1.0,2015.0,0.0,pulse,rcp85,df_mean_output_SSP3
1,1.0,2016.0,0.0,pulse,rcp85,df_mean_output_SSP3
2,1.0,2017.0,0.0,pulse,rcp85,df_mean_output_SSP3
3,1.0,2018.0,0.0,pulse,rcp85,df_mean_output_SSP3
4,1.0,2019.0,0.0,pulse,rcp85,df_mean_output_SSP3
5,1.0,2020.0,-0.0003423955542793955,pulse,rcp85,df_mean_output_SSP3
6,1.0,2021.0,0.0018998417401778767,pulse,rcp85,df_mean_output_SSP3
7,1.0,2022.0,-0.0008210301966879996,pulse,rcp85,df_mean_output_SSP3
8,1.0,2023.0,0.00031225759117070595,pulse,rcp85,df_mean_output_SSP3
9,1.0,2024.0,0.004407411357561841,pulse,rcp85,df_mean_output_SSP3
10,1.0,2025.0,0.010275642222504544,pulse,rcp85,df_mean_output_SSP3
11,1.0,2026.0,0.005839593055648962,pulse,rcp85,df_mean_output_SSP3
12,1.0,2027.0,0.01094063611480145,pulse,rcp85,df_mean_output_SSP3
13,1.0,2028.0,0.018718253147236297,pulse,rcp85,df_mean_output_SSP3
14,1.0,2029.0,0.019325085273903753,pulse,rcp85,df_mean_output_SSP3
15,1.0,2030.0,0.013548457937693215,pulse,rcp85,df_mean_output_SSP3
16,1.0,2031.0,0.030095502407890606,pulse,rcp85,df_mean_output_SSP3
17,1.0,2032.0,0.038469246206862096,pulse,rcp85,df_mean_output_SSP3
18,1.0,2033.0,0.039051975071117795,pulse,rcp85,df_mean_output_SSP3
19,1.0,2034.0,0.039646026597388584,pulse,rcp85,df_mean_output_SSP3
20,1.0,2035.0,0.05011116822695527,pulse,rcp85,df_mean_output_SSP3
21,1.0,2036.0,0.04932025469753398,pulse,rcp85,df_mean_output_SSP3
22,1.0,2037.0,0.04976267716783056,pulse,rcp85,df_mean_output_SSP3
23,1.0,2038.0,0.052123302165863805,pulse,rcp85,df_mean_output_SSP3
24,1.0,2039.0,0.05118725865792584,pulse,rcp85,df_mean_output_SSP3
25,1.0,2040.0,0.04578796484752701,pulse,rcp85,df_mean_output_SSP3
26,1.0,2041.0,0.044302211487242005,pulse,rcp85,df_mean_output_SSP3
27,1.0,2042.0,0.048512753945885834,pulse,rcp85,df_mean_output_SSP3
28,1.0,2043.0,0.05089737262445482,pulse,rcp85,df_mean_output_SSP3
29,1.0,2044.0,0.057096435734237616,pulse,rcp85,df_mean_output_SSP3
30,1.0,2045.0,0.061532227900443104,pulse,rcp85,df_mean_output_SSP3
31,1.0,2046.0,0.06391843813393905,pulse,rcp85,df_mean_output_SSP3
32,1.0,2047.0,0.0680151846688517,pulse,rcp85,df_mean_output_SSP3
33,1.0,2048.0,0.07149122295521693,pulse,rcp85,df_mean_output_SSP3
34,1.0,2049.0,0.07625669635337573,pulse,rcp85,df_mean_output_SSP3
35,1.0,2050.0,0.07822629151827698,pulse,rcp85,df_mean_output_SSP3
36,1.0,2051.0,0.08271111359965744,pulse,rcp85,df_mean_output_SSP3
37,1.0,2052.0,0.0845888491264759,pulse,rcp85,df_mean_output_SSP3
38,1.0,2053.0,0.08463235043562634,pulse,rcp85,df_mean_output_SSP3
39,1.0,2054.0,0.08396324907374719,pulse,rcp85,df_mean_output_SSP3
40,1.0,2055.0,0.09095213394797952,pulse,rcp85,df_mean_output_SSP3
41,1.0,2056.0,0.09261851236691143,pulse,rcp85,df_mean_output_SSP3
42,1.0,2057.0,0.09473690921042532,pulse,rcp85,df_mean_output_SSP3
43,1.0,2058.0,0.10197958064118495,pulse,rcp85,df_mean_output_SSP3
44,1.0,2059.0,0.10574731099947599,pulse,rcp85,df_mean_output_SSP3
45,1.0,2060.0,0.10587459855784687,pulse,rcp85,df_mean_output_SSP3
46,1.0,2061.0,0.10977303111073411,pulse,rcp85,df_mean_output_SSP3
47,1.0,2062.0,0.11107049520022372,pulse,rcp85,df_mean_output_SSP3
48,1.0,2063.0,0.10845144539295859,pulse,rcp85,df_mean_output_SSP3
49,1.0,2064.0,0.10925139837114273,pulse,rcp85,df_mean_output_SSP3
50,1.0,2065.0,0.11179915825071873,pulse,rcp85,df_mean_output_SSP3
51,1.0,2066.0,0.1123547579797588,pulse,rcp85,df_mean_output_SSP3
52,1.0,2067.0,0.11621258585324767,pulse,rcp85,df_mean_output_SSP3
53,1.0,2068.0,0.12034730552352357,pulse,rcp85,df_mean_output_SSP3
54,1.0,2069.0,0.12544129876138754,pulse,rcp85,df_mean_output_SSP3
55,1.0,2070.0,0.12840601791162953,pulse,rcp85,df_mean_output_SSP3
56,1.0,2071.0,0.12969902240939746,pulse,rcp85,df_mean_output_SSP3
57,1.0,2072.0,0.13187077128918645,pulse,rcp85,df_mean_output_SSP3
58,1.0,2073.0,0.13333326090119613,pulse,rcp85,df_mean_output_SSP3
59,1.0,2074.0,0.13587917692603924,pulse,rcp85,df_mean_output_SSP3
60,1.0,2075.0,0.13899177462093348,pulse,rcp85,df_mean_output_SSP3
61,1.0,2076.0,0.13986023041965723,pulse,rcp85,df_mean_output_SSP3
62,1.0,2077.0,0.14303209755382795,pulse,rcp85,df_mean_output_SSP3
63,1.0,2078.0,0.14823908415425535,pulse,rcp85,df_mean_output_SSP3
64,1.0,2079.0,0.15082927406547242,pulse,rcp85,df_mean_output_SSP3
65,1.0,2080.0,0.15224793116854585,pulse,rcp85,df_mean_output_SSP3
66,1.0,2081.0,0.15822443728612257,pulse,rcp85,df_mean_output_SSP3
67,1.0,2082.0,0.16055168590847302,pulse,rcp85,df_mean_output_SSP3
68,1.0,2083.0,0.16274084618530082,pulse,rcp85,df_mean_output_SSP3
69,1.0,2084.0,0.16489829600081407,pulse,rcp85,df_mean_output_SSP3
70,1.0,2085.0,0.1662735252721177,pulse,rcp85,df_mean_output_SSP3
71,1.0,2086.0,0.16660908449759404,pulse,rcp85,df_mean_output_SSP3
72,1.0,2087.0,0.1684867080856236,pulse,rcp85,df_mean_output_SSP3
73,1.0,2088.0,0.16964440068014142,pulse,rcp85,df_mean_output_SSP3
74,1.0,2089.0,0.171619224858091,pulse,rcp85,df_mean_output_SSP3
75,1.0,2090.0,0.17584937898061526,pulse,rcp85,df_mean_output_SSP3
76,1.0,2091.0,0.1796698201817435,pulse,rcp85,df_mean_output_SSP3
77,1.0,2092.0,0.18276569600448056,pulse,rcp85,df_mean_output_SSP3
78,1.0,2093.0,0.18642192074071318,pulse,rcp85,df_mean_output_SSP3
79,1.0,2094.0,0.1880502231012997,pulse,rcp85,df_mean_output_SSP3
80,1.0,2095.0,0.18866469754641457,pulse,rcp85,df_mean_output_SSP3
81,1.0,2096.0,0.18972635181125952,pulse,rcp85,df_mean_output_SSP3
82,1.0,2097.0,0.19151101063795295,pulse,rcp85,df_mean_output_SSP3
83,1.0,2098.0,0.19086485881467752,pulse,rcp85,df_mean_output_SSP3
84,1.0,2099.0,0.19233203221710937,pulse,rcp85,df_mean_output_SSP3
85,1.0,2100.0,0.19678752869202754,pulse,rcp85,df_mean_output_SSP3
86,1.0,2101.0,0.19883563026098727,pulse,rcp85,df_mean_output_SSP3
87,1.0,2102.0,0.20074054559972865,pulse,rcp85,df_mean_output_SSP3
88,1.0,2103.0,0.2025227390473674,pulse,rcp85,df_mean_output_SSP3
89,1.0,2104.0,0.20411556652072704,pulse,rcp85,df_mean_output_SSP3
90,1.0,2105.0,0.20546049474489791,pulse,rcp85,df_mean_output_SSP3
91,1.0,2106.0,0.20668773682285746,pulse,rcp85,df_mean_output_SSP3
92,1.0,2107.0,0.20783423994436134,pulse,rcp85,df_mean_output_SSP3
93,1.0,2108.0,0.20898647485626043,pulse,rcp85,df_mean_output_SSP3
94,1.0,2109.0,0.21019619762375896,pulse,rcp85,df_mean_output_SSP3
95,1.0,2110.0,0.21156146579778579,pulse,rcp85,df_mean_output_SSP3
96,1.0,2111.0,0.21322512530434778,pulse,rcp85,df_mean_output_SSP3
97,1.0,2112.0,0.21474855636864731,pulse,rcp85,df_mean_output_SSP3
98,1.0,2113.0,0.21615985097326984,pulse,rcp85,df_mean_output_SSP3
99,1.0,2114.0,0.2172492595466906,pulse,rcp85,df_mean_output_SSP3
100,1.0,2115.0,0.2182290516158787,pulse,rcp85,df_mean_output_SSP3
101,1.0,2116.0,0.21900092983656805,pulse,rcp85,df_mean_output_SSP3
102,1.0,2117.0,0.219693338527577,pulse,rcp85,df_mean_output_SSP3
103,1.0,2118.0,0.22034735969896246,pulse,rcp85,df_mean_output_SSP3
104,1.0,2119.0,0.22102335305169163,pulse,rcp85,df_mean_output_SSP3
105,1.0,2120.0,0.22186660195512786,pulse,rcp85,df_mean_output_SSP3
106,1.0,2121.0,0.2229148782774928,pulse,rcp85,df_mean_output_SSP3
107,1.0,2122.0,0.22412070022681974,pulse,rcp85,df_mean_output_SSP3
108,1.0,2123.0,0.22502310349784693,pulse,rcp85,df_mean_output_SSP3
109,1.0,2124.0,0.2258764185742166,pulse,rcp85,df_mean_output_SSP3
110,1.0,2125.0,0.22643445118728778,pulse,rcp85,df_mean_output_SSP3
111,1.0,2126.0,0.22678252829979328,pulse,rcp85,df_mean_output_SSP3
112,1.0,2127.0,0.22706438231045922,pulse,rcp85,df_mean_output_SSP3
113,1.0,2128.0,0.22730126775047665,pulse,rcp85,df_mean_output_SSP3
114,1.0,2129.0,0.22759086260248296,pulse,rcp85,df_mean_output_SSP3
115,1.0,2130.0,0.22804524631521872,pulse,rcp85,df_mean_output_SSP3
116,1.0,2131.0,0.2288550819125703,pulse,rcp85,df_mean_output_SSP3
117,1.0,2132.0,0.22959505272285696,pulse,rcp85,df_mean_output_SSP3
118,1.0,2133.0,0.2302874390671832,pulse,rcp85,df_mean_output_SSP3
119,1.0,2134.0,0.23073081159077447,pulse,rcp85,df_mean_output_SSP3
120,1.0,2135.0,0.23091593705453306,pulse,rcp85,df_mean_output_SSP3
121,1.0,2136.0,0.23086461023308402,pulse,rcp85,df_mean_output_SSP3
122,1.0,2137.0,0.23078408619960555,pulse,rcp85,df_mean_output_SSP3
123,1.0,2138.0,0.2306753971906801,pulse,rcp85,df_mean_output_SSP3
124,1.0,2139.0,0.23057395206319597,pulse,rcp85,df_mean_output_SSP3
125,1.0,2140.0,0.2305265128454721,pulse,rcp85,df_mean_output_SSP3
126,1.0,2141.0,0.23063537288362568,pulse,rcp85,df_mean_output_SSP3
127,1.0,2142.0,0.2308576565272915,pulse,rcp85,df_mean_output_SSP3
128,1.0,2143.0,0.23102979152133685,pulse,rcp85,df_mean_output_SSP3
129,1.0,2144.0,0.2311691394791069,pulse,rcp85,df_mean_output_SSP3
130,1.0,2145.0,0.23121704785148722,pulse,rcp85,df_mean_output_SSP3
131,1.0,2146.0,0.23108747576088717,pulse,rcp85,df_mean_output_SSP3
132,1.0,2147.0,0.23092884918696654,pulse,rcp85,df_mean_output_SSP3
133,1.0,2148.0,0.23067335765335883,pulse,rcp85,df_mean_output_SSP3
134,1.0,2149.0,0.23037707292928644,pulse,rcp85,df_mean_output_SSP3
135,1.0,2150.0,0.23006750740978532,pulse,rcp85,df_mean_output_SSP3
136,1.0,2151.0,0.22976653886723852,pulse,rcp85,df_mean_output_SSP3
137,1.0,2152.0,0.22958329300809055,pulse,rcp85,df_mean_output_SSP3
138,1.0,2153.0,0.22959231762570198,pulse,rcp85,df_mean_output_SSP3
139,1.0,2154.0,0.22968738753559137,pulse,rcp85,df_mean_output_SSP3
140,1.0,2155.0,0.2296583659154976,pulse,rcp85,df_mean_output_SSP3
141,1.0,2156.0,0.22950711687246894,pulse,rcp85,df_mean_output_SSP3
142,1.0,2157.0,0.2291881123701387,pulse,rcp85,df_mean_output_SSP3
143,1.0,2158.0,0.22868958517074134,pulse,rcp85,df_mean_output_SSP3
144,1.0,2159.0,0.22808090128751246,pulse,rcp85,df_mean_output_SSP3
145,1.0,2160.0,0.22744154774193248,pulse,rcp85,df_mean_output_SSP3
146,1.0,2161.0,0.22684920628955751,pulse,rcp85,df_mean_output_SSP3
147,1.0,2162.0,0.2263898991662927,pulse,rcp85,df_mean_output_SSP3
148,1.0,2163.0,0.22613875214040036,pulse,rcp85,df_mean_output_SSP3
149,1.0,2164.0,0.22602920602093945,pulse,rcp85,df_mean_output_SSP3
150,1.0,2165.0,0.22574582105437457,pulse,rcp85,df_mean_output_SSP3
151,1.0,2166.0,0.2254225217898238,pulse,rcp85,df_mean_output_SSP3
152,1.0,2167.0,0.2248397085546685,pulse,rcp85,df_mean_output_SSP3
153,1.0,2168.0,0.22411348175273815,pulse,rcp85,df_mean_output_SSP3
154,1.0,2169.0,0.2233175777470251,pulse,rcp85,df_mean_output_SSP3
155,1.0,2170.0,0.22251070742311185,pulse,rcp85,df_mean_output_SSP3
156,1.0,2171.0,0.22173436202649555,pulse,rcp85,df_mean_output_SSP3
157,1.0,2172.0,0.2210508481899751,pulse,rcp85,df_mean_output_SSP3
158,1.0,2173.0,0.22055179303799832,pulse,rcp85,df_mean_output_SSP3
159,1.0,2174.0,0.2201154779471608,pulse,rcp85,df_mean_output_SSP3
160,1.0,2175.0,0.21970913152313187,pulse,rcp85,df_mean_output_SSP3
161,1.0,2176.0,0.21924127250167658,pulse,rcp85,df_mean_output_SSP3
162,1.0,2177.0,0.21862828922428434,pulse,rcp85,df_mean_output_SSP3
163,1.0,2178.0,0.21786875174450415,pulse,rcp85,df_mean_output_SSP3
164,1.0,2179.0,0.21704420497417232,pulse,rcp85,df_mean_output_SSP3
165,1.0,2180.0,0.2161627868750884,pulse,rcp85,df_mean_output_SSP3
166,1.0,2181.0,0.21527113747924886,pulse,rcp85,df_mean_output_SSP3
167,1.0,2182.0,0.21437508336668998,pulse,rcp85,df_mean_output_SSP3
168,1.0,2183.0,0.21350108147635183,pulse,rcp85,df_mean_output_SSP3
169,1.0,2184.0,0.21267876529918794,pulse,rcp85,df_mean_output_SSP3
170,1.0,2185.0,0.2119467221123159,pulse,rcp85,df_mean_output_SSP3
171,1.0,2186.0,0.21137810646905564,pulse,rcp85,df_mean_output_SSP3
172,1.0,2187.0,0.21078761563558146,pulse,rcp85,df_mean_output_SSP3
173,1.0,2188.0,0.2102023187579789,pulse,rcp85,df_mean_output_SSP3
174,1.0,2189.0,0.20960461891979776,pulse,rcp85,df_mean_output_SSP3
175,1.0,2190.0,0.20884880983794574,pulse,rcp85,df_mean_output_SSP3
176,1.0,2191.0,0.20798649604671482,pulse,rcp85,df_mean_output_SSP3
177,1.0,2192.0,0.20707894568499796,pulse,rcp85,df_mean_output_SSP3
178,1.0,2193.0,0.20617860180186653,pulse,rcp85,df_mean_output_SSP3
179,1.0,2194.0,0.2052953159828803,pulse,rcp85,df_mean_output_SSP3
180,1.0,2195.0,0.20447326736496052,pulse,rcp85,df_mean_output_SSP3
181,1.0,2196.0,0.2037970819083057,pulse,rcp85,df_mean_output_SSP3
182,1.0,2197.0,0.20323638767445118,pulse,rcp85,df_mean_output_SSP3
183,1.0,2198.0,0.20269832448650504,pulse,rcp85,df_mean_output_SSP3
184,1.0,2199.0,0.20205782577875198,pulse,rcp85,df_mean_output_SSP3
185,1.0,2200.0,0.20130784208959085,pulse,rcp85,df_mean_output_SSP3
186,1.0,2201.0,0.20042478187144752,pulse,rcp85,df_mean_output_SSP3
187,1.0,2202.0,0.1995102047949331,pulse,rcp85,df_mean_output_SSP3
188,1.0,2203.0,0.19858288149896453,pulse,rcp85,df_mean_output_SSP3
189,1.0,2204.0,0.1976208404174713,pulse,rcp85,df_mean_output_SSP3
190,1.0,2205.0,0.19667233070492784,pulse,rcp85,df_mean_output_SSP3
191,1.0,2206.0,0.19572971761101599,pulse,rcp85,df_mean_output_SSP3
192,1.0,2207.0,0.19484580399864626,pulse,rcp85,df_mean_output_SSP3
193,1.0,2208.0,0.19405985291530214,pulse,rcp85,df_mean_output_SSP3
194,1.0,2209.0,0.19335579045912255,pulse,rcp85,df_mean_output_SSP3
195,1.0,2210.0,0.19269113103518976,pulse,rcp85,df_mean_output_SSP3
196,1.0,2211.0,0.19198827293644172,pulse,rcp85,df_mean_output_SSP3
197,1.0,2212.0,0.1912514082589496,pulse,rcp85,df_mean_output_SSP3
198,1.0,2213.0,0.1904321898038006,pulse,rcp85,df_mean_output_SSP3
199,1.0,2214.0,0.1895782755110531,pulse,rcp85,df_mean_output_SSP3
200,1.0,2215.0,0.18864050382342157,pulse,rcp85,df_mean_output_SSP3
201,1.0,2216.0,0.18768164044308833,pulse,rcp85,df_mean_output_SSP3
202,1.0,2217.0,0.18675691596104116,pulse,rcp85,df_mean_output_SSP3
203,1.0,2218.0,0.18587296966165923,pulse,rcp85,df_mean_output_SSP3
204,1.0,2219.0,0.1850830727136099,pulse,rcp85,df_mean_output_SSP3
205,1.0,2220.0,0.18440380960657876,pulse,rcp85,df_mean_output_SSP3
206,1.0,2221.0,0.18377925984748344,pulse,rcp85,df_mean_output_SSP3
207,1.0,2222.0,0.18323363892477573,pulse,rcp85,df_mean_output_SSP3
208,1.0,2223.0,0.18257875025881276,pulse,rcp85,df_mean_output_SSP3
209,1.0,2224.0,0.18180490301699592,pulse,rcp85,df_mean_output_SSP3
210,1.0,2225.0,0.18095485653850574,pulse,rcp85,df_mean_output_SSP3
211,1.0,2226.0,0.1800313098233346,pulse,rcp85,df_mean_output_SSP3
212,1.0,2227.0,0.17912254866087096,pulse,rcp85,df_mean_output_SSP3
213,1.0,2228.0,0.17821179266138643,pulse,rcp85,df_mean_output_SSP3
214,1.0,2229.0,0.1773774897108069,pulse,rcp85,df_mean_output_SSP3
215,1.0,2230.0,0.17665658214832547,pulse,rcp85,df_mean_output_SSP3
216,1.0,2231.0,0.17599118128487135,pulse,rcp85,df_mean_output_SSP3
217,1.0,2232.0,0.17532065837008304,pulse,rcp85,df_mean_output_SSP3
218,1.0,2233.0,0.1746675977335599,pulse,rcp85,df_mean_output_SSP3
219,1.0,2234.0,0.1739500670811367,pulse,rcp85,df_mean_output_SSP3
220,1.0,2235.0,0.17318934161130528,pulse,rcp85,df_mean_output_SSP3
221,1.0,2236.0,0.17235135722330597,pulse,rcp85,df_mean_output_SSP3
222,1.0,2237.0,0.1715077528732536,pulse,rcp85,df_mean_output_SSP3
223,1.0,2238.0,0.1706737332897319,pulse,rcp85,df_mean_output_SSP3
224,1.0,2239.0,0.16987437255693294,pulse,rcp85,df_mean_output_SSP3
225,1.0,2240.0,0.16914220741330155,pulse,rcp85,df_mean_output_SSP3
226,1.0,2241.0,0.16847840308355444,pulse,rcp85,df_mean_output_SSP3
227,1.0,2242.0,0.16785580717692028,pulse,rcp85,df_mean_output_SSP3
228,1.0,2243.0,0.16718023946600624,pulse,rcp85,df_mean_output_SSP3
229,1.0,2244.0,0.16644400948382554,pulse,rcp85,df_mean_output_SSP3
230,1.0,2245.0,0.1656054482645004,pulse,rcp85,df_mean_output_SSP3
231,1.0,2246.0,0.1646915850778896,pulse,rcp85,df_mean_output_SSP3
232,1.0,2247.0,0.1637626239421479,pulse,rcp85,df_mean_output_SSP3
233,1.0,2248.0,0.16280837716840324,pulse,rcp85,df_mean_output_SSP3
234,1.0,2249.0,0.16185530004383963,pulse,rcp85,df_mean_output_SSP3
235,1.0,2250.0,0.1609110344951432,pulse,rcp85,df_mean_output_SSP3
236,1.0,2251.0,0.15999259205591443,pulse,rcp85,df_mean_output_SSP3
237,1.0,2252.0,0.15912881577719418,pulse,rcp85,df_mean_output_SSP3
238,1.0,2253.0,0.1583414456133596,pulse,rcp85,df_mean_output_SSP3
239,1.0,2254.0,0.15762062015983247,pulse,rcp85,df_mean_output_SSP3
240,1.0,2255.0,0.15688575955368833,pulse,rcp85,df_mean_output_SSP3
241,1.0,2256.0,0.15614834709799652,pulse,rcp85,df_mean_output_SSP3
242,1.0,2257.0,0.1553746437459722,pulse,rcp85,df_mean_output_SSP3
243,1.0,2258.0,0.15453906377740623,pulse,rcp85,df_mean_output_SSP3
244,1.0,2259.0,0.15367372580010397,pulse,rcp85,df_mean_output_SSP3
245,1.0,2260.0,0.1527525465975259,pulse,rcp85,df_mean_output_SSP3
246,1.0,2261.0,0.15182434250607457,pulse,rcp85,df_mean_output_SSP3
247,1.0,2262.0,0.1509248130104197,pulse,rcp85,df_mean_output_SSP3
248,1.0,2263.0,0.15005771344885943,pulse,rcp85,df_mean_output_SSP3
249,1.0,2264.0,0.1492665963080526,pulse,rcp85,df_mean_output_SSP3
250,1.0,2265.0,0.14855872541886583,pulse,rcp85,df_mean_output_SSP3
251,1.0,2266.0,0.14789159842166555,pulse,rcp85,df_mean_output_SSP3
252,1.0,2267.0,0.14724972092733424,pulse,rcp85,df_mean_output_SSP3
253,1.0,2268.0,0.146499558742903,pulse,rcp85,df_mean_output_SSP3
254,1.0,2269.0,0.14568254626874477,pulse,rcp85,df_mean_output_SSP3
255,1.0,2270.0,0.14479943621745406,pulse,rcp85,df_mean_output_SSP3
256,1.0,2271.0,0.1438944189801532,pulse,rcp85,df_mean_output_SSP3
257,1.0,2272.0,0.14297519176113838,pulse,rcp85,df_mean_output_SSP3
258,1.0,2273.0,0.14208419337433043,pulse,rcp85,df_mean_output_SSP3
259,1.0,2274.0,0.14126069556209586,pulse,rcp85,df_mean_output_SSP3
260,1.0,2275.0,0.14050929744109908,pulse,rcp85,df_mean_output_SSP3
261,1.0,2276.0,0.1397938858580119,pulse,rcp85,df_mean_output_SSP3
262,1.0,2277.0,0.13905724544110853,pulse,rcp85,df_mean_output_SSP3
263,1.0,2278.0,0.13829777554076372,pulse,rcp85,df_mean_output_SSP3
264,1.0,2279.0,0.13749506660462885,pulse,rcp85,df_mean_output_SSP3
265,1.0,2280.0,0.13663364376702702,pulse,rcp85,df_mean_output_SSP3
266,1.0,2281.0,0.13575866530084113,pulse,rcp85,df_mean_output_SSP3
267,1.0,2282.0,0.1348937962159198,pulse,rcp85,df_mean_output_SSP3
268,1.0,2283.0,0.1340430278586382,pulse,rcp85,df_mean_output_SSP3
269,1.0,2284.0,0.13323995668190491,pulse,rcp85,df_mean_output_SSP3
270,1.0,2285.0,0.13251678968106262,pulse,rcp85,df_mean_output_SSP3
271,1.0,2286.0,0.13185832427154764,pulse,rcp85,df_mean_output_SSP3
272,1.0,2287.0,0.13119699085143566,pulse,rcp85,df_mean_output_SSP3
273,1.0,2288.0,0.1305061349009975,pulse,rcp85,df_mean_output_SSP3
274,1.0,2289.0,0.1297094587847596,pulse,rcp85,df_mean_output_SSP3
275,1.0,2290.0,0.12890004317853254,pulse,rcp85,df_mean_output_SSP3
276,1.0,2291.0,0.12805821564688813,pulse,rcp85,df_mean_output_SSP3
277,1.0,2292.0,0.12719795031659942,pulse,rcp85,df_mean_output_SSP3
278,1.0,2293.0,0.126341877447544,pulse,rcp85,df_mean_output_SSP3
279,1.0,2294.0,0.1255265552132414,pulse,rcp85,df_mean_output_SSP3
280,1.0,2295.0,0.12479009664912155,pulse,rcp85,df_mean_output_SSP3
281,1.0,2296.0,0.12410559223235396,pulse,rcp85,df_mean_output_SSP3
282,1.0,2297.0,0.1234648699569334,pulse,rcp85,df_mean_output_SSP3
283,1.0,2298.0,0.12280015417582035,pulse,rcp85,df_mean_output_SSP3
284,1.0,2299.0,0.12207082486031595,pulse,rcp85,df_mean_output_SSP3
285,1.0,2300.0,0.12126046433377269,pulse,rcp85,df_mean_output_SSP3
286,2.0,2015.0,0.0,pulse,rcp85,df_mean_output_SSP3
287,2.0,2016.0,0.0,pulse,rcp85,df_mean_output_SSP3
288,2.0,2017.0,0.0,pulse,rcp85,df_mean_output_SSP3
289,2.0,2018.0,0.0,pulse,rcp85,df_mean_output_SSP3
290,2.0,2019.0,0.0,pulse,rcp85,df_mean_output_SSP3
291,2.0,2020.0,-0.0003259373477144667,pulse,rcp85,df_mean_output_SSP3
292,2.0,2021.0,0.0017907899035298769,pulse,rcp85,df_mean_output_SSP3
293,2.0,2022.0,-0.0007663153844505999,pulse,rcp85,df_mean_output_SSP3
294,2.0,2023.0,0.00028859089251120906,pulse,rcp85,df_mean_output_SSP3
295,2.0,2024.0,0.004033428889933965,pulse,rcp85,df_mean_output_SSP3
296,2.0,2025.0,0.009311528884468956,pulse,rcp85,df_mean_output_SSP3
297,2.0,2026.0,0.005239813212810418,pulse,rcp85,df_mean_output_SSP3
298,2.0,2027.0,0.009720687862976973,pulse,rcp85,df_mean_output_SSP3
299,2.0,2028.0,0.016468003198813363,pulse,rcp85,df_mean_output_SSP3
300,2.0,2029.0,0.016835198726054657,pulse,rcp85,df_mean_output_SSP3
301,2.0,2030.0,0.011687130613672991,pulse,rcp85,df_mean_output_SSP3
302,2.0,2031.0,0.02570637449157509,pulse,rcp85,df_mean_output_SSP3
303,2.0,2032.0,0.032536745542525836,pulse,rcp85,df_mean_output_SSP3
304,2.0,2033.0,0.03270578969219606,pulse,rcp85,df_mean_output_SSP3
305,2.0,2034.0,0.03287778161305255,pulse,rcp85,df_mean_output_SSP3
306,2.0,2035.0,0.041148932005381056,pulse,rcp85,df_mean_output_SSP3
307,2.0,2036.0,0.04010241741517362,pulse,rcp85,df_mean_output_SSP3
308,2.0,2037.0,0.04006546442062131,pulse,rcp85,df_mean_output_SSP3
309,2.0,2038.0,0.04155464420913901,pulse,rcp85,df_mean_output_SSP3
310,2.0,2039.0,0.0404083130395918,pulse,rcp85,df_mean_output_SSP3
311,2.0,2040.0,0.03579162291574889,pulse,rcp85,df_mean_output_SSP3
312,2.0,2041.0,0.034290724298763564,pulse,rcp85,df_mean_output_SSP3
313,2.0,2042.0,0.03718162647746581,pulse,rcp85,df_mean_output_SSP3
314,2.0,2043.0,0.0386268257782163,pulse,rcp85,df_mean_output_SSP3
315,2.0,2044.0,0.042906575806888725,pulse,rcp85,df_mean_output_SSP3
316,2.0,2045.0,0.04578663220060264,pulse,rcp85,df_mean_output_SSP3
317,2.0,2046.0,0.047095934301097486,pulse,rcp85,df_mean_output_SSP3
318,2.0,2047.0,0.04962315195065514,pulse,rcp85,df_mean_output_SSP3
319,2.0,2048.0,0.05164786731783977,pulse,rcp85,df_mean_output_SSP3
320,2.0,2049.0,0.05455051502632102,pulse,rcp85,df_mean_output_SSP3
321,2.0,2050.0,0.055410850069876005,pulse,rcp85,df_mean_output_SSP3
322,2.0,2051.0,0.058013242622969585,pulse,rcp85,df_mean_output_SSP3
323,2.0,2052.0,0.05874860937419868,pulse,rcp85,df_mean_output_SSP3
324,2.0,2053.0,0.058202558924186576,pulse,rcp85,df_mean_output_SSP3
325,2.0,2054.0,0.05717630880185709,pulse,rcp85,df_mean_output_SSP3
326,2.0,2055.0,0.061328306714358405,pulse,rcp85,df_mean_output_SSP3
327,2.0,2056.0,0.061839658693479294,pulse,rcp85,df_mean_output_SSP3
328,2.0,2057.0,0.06263393491010305,pulse,rcp85,df_mean_output_SSP3
329,2.0,2058.0,0.06676131903095239,pulse,rcp85,df_mean_output_SSP3
330,2.0,2059.0,0.06854917330576882,pulse,rcp85,df_mean_output_SSP3
331,2.0,2060.0,0.06795882597151603,pulse,rcp85,df_mean_output_SSP3
332,2.0,2061.0,0.06977035766128381,pulse,rcp85,df_mean_output_SSP3
333,2.0,2062.0,0.06990290157841628,pulse,rcp85,df_mean_output_SSP3
334,2.0,2063.0,0.06758542380792676,pulse,rcp85,df_mean_output_SSP3
335,2.0,2064.0,0.0674164536742694,pulse,rcp85,df_mean_output_SSP3
336,2.0,2065.0,0.06831225704989663,pulse,rcp85,df_mean_output_SSP3
337,2.0,2066.0,0.0679786869444996,pulse,rcp85,df_mean_output_SSP3
338,2.0,2067.0,0.06962347086090404,pulse,rcp85,df_mean_output_SSP3
339,2.0,2068.0,0.0713937309612902,pulse,rcp85,df_mean_output_SSP3
340,2.0,2069.0,0.07368607961154794,pulse,rcp85,df_mean_output_SSP3
341,2.0,2070.0,0.07468811334649672,pulse,rcp85,df_mean_output_SSP3
342,2.0,2071.0,0.07470058722088879,pulse,rcp85,df_mean_output_SSP3
343,2.0,2072.0,0.07520679157769905,pulse,rcp85,df_mean_output_SSP3
344,2.0,2073.0,0.0752953606613147,pulse,rcp85,df_mean_output_SSP3
345,2.0,2074.0,0.07598079384453627,pulse,rcp85,df_mean_output_SSP3
346,2.0,2075.0,0.07695931991150928,pulse,rcp85,df_mean_output_SSP3
347,2.0,2076.0,0.07668096376440303,pulse,rcp85,df_mean_output_SSP3
348,2.0,2077.0,0.0776511751973743,pulse,rcp85,df_mean_output_SSP3
349,2.0,2078.0,0.07968901348456825,pulse,rcp85,df_mean_output_SSP3
350,2.0,2079.0,0.08028650820658356,pulse,rcp85,df_mean_output_SSP3
351,2.0,2080.0,0.08024713410765116,pulse,rcp85,df_mean_output_SSP3
352,2.0,2081.0,0.08257962248990225,pulse,rcp85,df_mean_output_SSP3
353,2.0,2082.0,0.08297273498135382,pulse,rcp85,df_mean_output_SSP3
354,2.0,2083.0,0.08327953800035459,pulse,rcp85,df_mean_output_SSP3
355,2.0,2084.0,0.0835562820575717,pulse,rcp85,df_mean_output_SSP3
356,2.0,2085.0,0.08342711896128208,pulse,rcp85,df_mean_output_SSP3
357,2.0,2086.0,0.08277592097269348,pulse,rcp85,df_mean_output_SSP3
358,2.0,2087.0,0.08288810112919975,pulse,rcp85,df_mean_output_SSP3
359,2.0,2088.0,0.0826394232084624,pulse,rcp85,df_mean_output_SSP3
360,2.0,2089.0,0.08278180384945699,pulse,rcp85,df_mean_output_SSP3
361,2.0,2090.0,0.08399065932589167,pulse,rcp85,df_mean_output_SSP3
362,2.0,2091.0,0.0849740830284702,pulse,rcp85,df_mean_output_SSP3
363,2.0,2092.0,0.08559083046549176,pulse,rcp85,df_mean_output_SSP3
364,2.0,2093.0,0.08644716113181516,pulse,rcp85,df_mean_output_SSP3
365,2.0,2094.0,0.0863473100423846,pulse,rcp85,df_mean_output_SSP3
366,2.0,2095.0,0.08578015079433499,pulse,rcp85,df_mean_output_SSP3
367,2.0,2096.0,0.08541713874069501,pulse,rcp85,df_mean_output_SSP3
368,2.0,2097.0,0.08537531397172415,pulse,rcp85,df_mean_output_SSP3
369,2.0,2098.0,0.08425307165452978,pulse,rcp85,df_mean_output_SSP3
370,2.0,2099.0,0.08406836288338582,pulse,rcp85,df_mean_output_SSP3
371,2.0,2100.0,0.08517256836853448,pulse,rcp85,df_mean_output_SSP3
372,2.0,2101.0,0.08521530132520638,pulse,rcp85,df_mean_output_SSP3
373,2.0,2102.0,0.08518824593275554,pulse,rcp85,df_mean_output_SSP3
374,2.0,2103.0,0.08510196151547689,pulse,rcp85,df_mean_output_SSP3
375,2.0,2104.0,0.08493038768716588,pulse,rcp85,df_mean_output_SSP3
376,2.0,2105.0,0.084651861247238,pulse,rcp85,df_mean_output_SSP3
377,2.0,2106.0,0.08432262032147264,pulse,rcp85,df_mean_output_SSP3
378,2.0,2107.0,0.08395908240072458,pulse,rcp85,df_mean_output_SSP3
379,2.0,2108.0,0.08359686062598826,pulse,rcp85,df_mean_output_SSP3
380,2.0,2109.0,0.08325644167211976,pulse,rcp85,df_mean_output_SSP3
381,2.0,2110.0,0.08297566836648684,pulse,rcp85,df_mean_output_SSP3
382,2.0,2111.0,0.08280828156898679,pulse,rcp85,df_mean_output_SSP3
383,2.0,2112.0,0.08258227618642877,pulse,rcp85,df_mean_output_SSP3
384,2.0,2113.0,0.08231004332665748,pulse,rcp85,df_mean_output_SSP3
385,2.0,2114.0,0.0819138436721687,pulse,rcp85,df_mean_output_SSP3
386,2.0,2115.0,0.08147657555073806,pulse,rcp85,df_mean_output_SSP3
387,2.0,2116.0,0.08096314368546587,pulse,rcp85,df_mean_output_SSP3
388,2.0,2117.0,0.08042285652953751,pulse,rcp85,df_mean_output_SSP3
389,2.0,2118.0,0.07987146661446332,pulse,rcp85,df_mean_output_SSP3
390,2.0,2119.0,0.07933104466121677,pulse,rcp85,df_mean_output_SSP3
391,2.0,2120.0,0.07885298604648483,pulse,rcp85,df_mean_output_SSP3
392,2.0,2121.0,0.07844882990272595,pulse,rcp85,df_mean_output_SSP3
393,2.0,2122.0,0.07809991961818241,pulse,rcp85,df_mean_output_SSP3
394,2.0,2123.0,0.07764561396308522,pulse,rcp85,df_mean_output_SSP3
395,2.0,2124.0,0.0771759374169676,pulse,rcp85,df_mean_output_SSP3
396,2.0,2125.0,0.0766081061512125,pulse,rcp85,df_mean_output_SSP3
397,2.0,2126.0,0.07597365443342596,pulse,rcp85,df_mean_output_SSP3
398,2.0,2127.0,0.07532231193576422,pulse,rcp85,df_mean_output_SSP3
399,2.0,2128.0,0.07466166767878235,pulse,rcp85,df_mean_output_SSP3
400,2.0,2129.0,0.074023881210735,pulse,rcp85,df_mean_output_SSP3
401,2.0,2130.0,0.07344449619014881,pulse,rcp85,df_mean_output_SSP3
402,2.0,2131.0,0.07298271160468062,pulse,rcp85,df_mean_output_SSP3
403,2.0,2132.0,0.07250086066324002,pulse,rcp85,df_mean_output_SSP3
404,2.0,2133.0,0.0720065641387464,pulse,rcp85,df_mean_output_SSP3
405,2.0,2134.0,0.07143789254649846,pulse,rcp85,df_mean_output_SSP3
406,2.0,2135.0,0.07079427687082784,pulse,rcp85,df_mean_output_SSP3
407,2.0,2136.0,0.07008463381313845,pulse,rcp85,df_mean_output_SSP3
408,2.0,2137.0,0.06937332416543995,pulse,rcp85,df_mean_output_SSP3
409,2.0,2138.0,0.06866084210673762,pulse,rcp85,df_mean_output_SSP3
410,2.0,2139.0,0.0679577973494645,pulse,rcp85,df_mean_output_SSP3
411,2.0,2140.0,0.06727769959968555,pulse,rcp85,df_mean_output_SSP3
412,2.0,2141.0,0.06664957294898954,pulse,rcp85,df_mean_output_SSP3
413,2.0,2142.0,0.06605975206770154,pulse,rcp85,df_mean_output_SSP3
414,2.0,2143.0,0.0654608808390833,pulse,rcp85,df_mean_output_SSP3
415,2.0,2144.0,0.06485820379850793,pulse,rcp85,df_mean_output_SSP3
416,2.0,2145.0,0.06423564873736609,pulse,rcp85,df_mean_output_SSP3
417,2.0,2146.0,0.06357024327039085,pulse,rcp85,df_mean_output_SSP3
418,2.0,2147.0,0.06290379655189327,pulse,rcp85,df_mean_output_SSP3
419,2.0,2148.0,0.06221818042180871,pulse,rcp85,df_mean_output_SSP3
420,2.0,2149.0,0.06152906659082191,pulse,rcp85,df_mean_output_SSP3
421,2.0,2150.0,0.060843972320782314,pulse,rcp85,df_mean_output_SSP3
422,2.0,2151.0,0.06016864856854909,pulse,rcp85,df_mean_output_SSP3
423,2.0,2152.0,0.059531243969559,pulse,rcp85,df_mean_output_SSP3
424,2.0,2153.0,0.05894992147557332,pulse,rcp85,df_mean_output_SSP3
425,2.0,2154.0,0.05839615182102875,pulse,rcp85,df_mean_output_SSP3
426,2.0,2155.0,0.05781633435594813,pulse,rcp85,df_mean_output_SSP3
427,2.0,2156.0,0.05721180400919934,pulse,rcp85,df_mean_output_SSP3
428,2.0,2157.0,0.0565721617780639,pulse,rcp85,df_mean_output_SSP3
429,2.0,2158.0,0.05589568408385048,pulse,rcp85,df_mean_output_SSP3
430,2.0,2159.0,0.055200372885508386,pulse,rcp85,df_mean_output_SSP3
431,2.0,2160.0,0.054505972789854695,pulse,rcp85,df_mean_output_SSP3
432,2.0,2161.0,0.05383103860700089,pulse,rcp85,df_mean_output_SSP3
433,2.0,2162.0,0.05319535886812332,pulse,rcp85,df_mean_output_SSP3
434,2.0,2163.0,0.05261540169857426,pulse,rcp85,df_mean_output_SSP3
435,2.0,2164.0,0.05207432635944542,pulse,rcp85,df_mean_output_SSP3
436,2.0,2165.0,0.0514991454479059,pulse,rcp85,df_mean_output_SSP3
437,2.0,2166.0,0.0509212210374983,pulse,rcp85,df_mean_output_SSP3
438,2.0,2167.0,0.05029163105064072,pulse,rcp85,df_mean_output_SSP3
439,2.0,2168.0,0.04963772765287899,pulse,rcp85,df_mean_output_SSP3
440,2.0,2169.0,0.0489765308732899,pulse,rcp85,df_mean_output_SSP3
441,2.0,2170.0,0.04832114623187067,pulse,rcp85,df_mean_output_SSP3
442,2.0,2171.0,0.04768046870140097,pulse,rcp85,df_mean_output_SSP3
443,2.0,2172.0,0.047067475251452606,pulse,rcp85,df_mean_output_SSP3
444,2.0,2173.0,0.046500809375629615,pulse,rcp85,df_mean_output_SSP3
445,2.0,2174.0,0.04595382895064404,pulse,rcp85,df_mean_output_SSP3
446,2.0,2175.0,0.045419299382302825,pulse,rcp85,df_mean_output_SSP3
447,2.0,2176.0,0.044878242343799,pulse,rcp85,df_mean_output_SSP3
448,2.0,2177.0,0.044314013307285904,pulse,rcp85,df_mean_output_SSP3
449,2.0,2178.0,0.04372712002071921,pulse,rcp85,df_mean_output_SSP3
450,2.0,2179.0,0.04313455541725375,pulse,rcp85,df_mean_output_SSP3
451,2.0,2180.0,0.04253821522533485,pulse,rcp85,df_mean_output_SSP3
452,2.0,2181.0,0.04194742836364185,pulse,rcp85,df_mean_output_SSP3
453,2.0,2182.0,0.04136328703540926,pulse,rcp85,df_mean_output_SSP3
454,2.0,2183.0,0.04079078082449428,pulse,rcp85,df_mean_output_SSP3
455,2.0,2184.0,0.04023530259698305,pulse,rcp85,df_mean_output_SSP3
456,2.0,2185.0,0.03970370613984642,pulse,rcp85,df_mean_output_SSP3
457,2.0,2186.0,0.03920898037819143,pulse,rcp85,df_mean_output_SSP3
458,2.0,2187.0,0.03871612103029065,pulse,rcp85,df_mean_output_SSP3
459,2.0,2188.0,0.038230101586094634,pulse,rcp85,df_mean_output_SSP3
460,2.0,2189.0,0.03774765701535898,pulse,rcp85,df_mean_output_SSP3
461,2.0,2190.0,0.037242802875226744,pulse,rcp85,df_mean_output_SSP3
462,2.0,2191.0,0.03672541347850711,pulse,rcp85,df_mean_output_SSP3
463,2.0,2192.0,0.03620667993018856,pulse,rcp85,df_mean_output_SSP3
464,2.0,2193.0,0.03569583535809784,pulse,rcp85,df_mean_output_SSP3
465,2.0,2194.0,0.0351944515933269,pulse,rcp85,df_mean_output_SSP3
466,2.0,2195.0,0.034709863082923675,pulse,rcp85,df_mean_output_SSP3
467,2.0,2196.0,0.03425591142249118,pulse,rcp85,df_mean_output_SSP3
468,2.0,2197.0,0.03382674697746779,pulse,rcp85,df_mean_output_SSP3
469,2.0,2198.0,0.033406434742090596,pulse,rcp85,df_mean_output_SSP3
470,2.0,2199.0,0.032974395855688954,pulse,rcp85,df_mean_output_SSP3
471,2.0,2200.0,0.032529925398065984,pulse,rcp85,df_mean_output_SSP3
472,2.0,2201.0,0.03206970725011615,pulse,rcp85,df_mean_output_SSP3
473,2.0,2202.0,0.031610392782127406,pulse,rcp85,df_mean_output_SSP3
474,2.0,2203.0,0.03115500232841839,pulse,rcp85,df_mean_output_SSP3
475,2.0,2204.0,0.03070010944969681,pulse,rcp85,df_mean_output_SSP3
476,2.0,2205.0,0.03025322298738331,pulse,rcp85,df_mean_output_SSP3
477,2.0,2206.0,0.029813046363869944,pulse,rcp85,df_mean_output_SSP3
478,2.0,2207.0,0.029387446106554194,pulse,rcp85,df_mean_output_SSP3
479,2.0,2208.0,0.028981955673160087,pulse,rcp85,df_mean_output_SSP3
480,2.0,2209.0,0.02859370119774951,pulse,rcp85,df_mean_output_SSP3
481,2.0,2210.0,0.028216043743682917,pulse,rcp85,df_mean_output_SSP3
482,2.0,2211.0,0.027837504350770814,pulse,rcp85,df_mean_output_SSP3
483,2.0,2212.0,0.027458792789175845,pulse,rcp85,df_mean_output_SSP3
484,2.0,2213.0,0.02707312332239553,pulse,rcp85,df_mean_output_SSP3
485,2.0,2214.0,0.026687492513360667,pulse,rcp85,df_mean_output_SSP3
486,2.0,2215.0,0.026295131789879633,pulse,rcp85,df_mean_output_SSP3
487,2.0,2216.0,0.0259049880887261,pulse,rcp85,df_mean_output_SSP3
488,2.0,2217.0,0.025524632724625462,pulse,rcp85,df_mean_output_SSP3
489,2.0,2218.0,0.02515476403985417,pulse,rcp85,df_mean_output_SSP3
490,2.0,2219.0,0.02480229753970775,pulse,rcp85,df_mean_output_SSP3
491,2.0,2220.0,0.024469004632265978,pulse,rcp85,df_mean_output_SSP3
492,2.0,2221.0,0.02414705183500132,pulse,rcp85,df_mean_output_SSP3
493,2.0,2222.0,0.02383932886741036,pulse,rcp85,df_mean_output_SSP3
494,2.0,2223.0,0.023521242007348064,pulse,rcp85,df_mean_output_SSP3
495,2.0,2224.0,0.023191925842795058,pulse,rcp85,df_mean_output_SSP3
496,2.0,2225.0,0.022857181018494543,pulse,rcp85,df_mean_output_SSP3
497,2.0,2226.0,0.02251757757460382,pulse,rcp85,df_mean_output_SSP3
498,2.0,2227.0,0.022184267246686318,pulse,rcp85,df_mean_output_SSP3
499,2.0,2228.0,0.02185508345831977,pulse,rcp85,df_mean_output_SSP3
500,2.0,2229.0,0.021539505905479928,pulse,rcp85,df_mean_output_SSP3
501,2.0,2230.0,0.021241650464105533,pulse,rcp85,df_mean_output_SSP3
502,2.0,2231.0,0.02095417385240239,pulse,rcp85,df_mean_output_SSP3
503,2.0,2232.0,0.020669688484019844,pulse,rcp85,df_mean_output_SSP3
504,2.0,2233.0,0.02039080576778929,pulse,rcp85,df_mean_output_SSP3
505,2.0,2234.0,0.020107952150709707,pulse,rcp85,df_mean_output_SSP3
506,2.0,2235.0,0.01982374058175651,pulse,rcp85,df_mean_output_SSP3
507,2.0,2236.0,0.019534412500135545,pulse,rcp85,df_mean_output_SSP3
508,2.0,2237.0,0.019248221396807708,pulse,rcp85,df_mean_output_SSP3
509,2.0,2238.0,0.018966829444096334,pulse,rcp85,df_mean_output_SSP3
510,2.0,2239.0,0.018692918749934506,pulse,rcp85,df_mean_output_SSP3
511,2.0,2240.0,0.018429877509390735,pulse,rcp85,df_mean_output_SSP3
512,2.0,2241.0,0.01817757286107735,pulse,rcp85,df_mean_output_SSP3
513,2.0,2242.0,0.017932846435328997,pulse,rcp85,df_mean_output_SSP3
514,2.0,2243.0,0.01768556764439211,pulse,rcp85,df_mean_output_SSP3
515,2.0,2244.0,0.017435059417067578,pulse,rcp85,df_mean_output_SSP3
516,2.0,2245.0,0.017177149097165056,pulse,rcp85,df_mean_output_SSP3
517,2.0,2246.0,0.016914886042130206,pulse,rcp85,df_mean_output_SSP3
518,2.0,2247.0,0.016654578931877495,pulse,rcp85,df_mean_output_SSP3
519,2.0,2248.0,0.016395203750676046,pulse,rcp85,df_mean_output_SSP3
520,2.0,2249.0,0.016139430203011784,pulse,rcp85,df_mean_output_SSP3
521,2.0,2250.0,0.01588796600081821,pulse,rcp85,df_mean_output_SSP3
522,2.0,2251.0,0.01564240591173416,pulse,rcp85,df_mean_output_SSP3
523,2.0,2252.0,0.015405425912462078,pulse,rcp85,df_mean_output_SSP3
524,2.0,2253.0,0.01517891351676326,pulse,rcp85,df_mean_output_SSP3
525,2.0,2254.0,0.014961678381993693,pulse,rcp85,df_mean_output_SSP3
526,2.0,2255.0,0.014745924625117368,pulse,rcp85,df_mean_output_SSP3
527,2.0,2256.0,0.01453272576365805,pulse,rcp85,df_mean_output_SSP3
528,2.0,2257.0,0.014318945459891097,pulse,rcp85,df_mean_output_SSP3
529,2.0,2258.0,0.014102313595486748,pulse,rcp85,df_mean_output_SSP3
530,2.0,2259.0,0.013885864206812926,pulse,rcp85,df_mean_output_SSP3
531,2.0,2260.0,0.013667307142789298,pulse,rcp85,df_mean_output_SSP3
532,2.0,2261.0,0.013451078466168553,pulse,rcp85,df_mean_output_SSP3
533,2.0,2262.0,0.013240291465820064,pulse,rcp85,df_mean_output_SSP3
534,2.0,2263.0,0.013035161780599935,pulse,rcp85,df_mean_output_SSP3
535,2.0,2264.0,0.012839317335419764,pulse,rcp85,df_mean_output_SSP3
536,2.0,2265.0,0.012653150387812673,pulse,rcp85,df_mean_output_SSP3
537,2.0,2266.0,0.012472835943221128,pulse,rcp85,df_mean_output_SSP3
538,2.0,2267.0,0.012296949502101029,pulse,rcp85,df_mean_output_SSP3
539,2.0,2268.0,0.012114358674416792,pulse,rcp85,df_mean_output_SSP3
540,2.0,2269.0,0.01192869231865501,pulse,rcp85,df_mean_output_SSP3
541,2.0,2270.0,0.011740142982908708,pulse,rcp85,df_mean_output_SSP3
542,2.0,2271.0,0.0115523853530064,pulse,rcp85,df_mean_output_SSP3
543,2.0,2272.0,0.011366051173190783,pulse,rcp85,df_mean_output_SSP3
544,2.0,2273.0,0.01118448232260505,pulse,rcp85,df_mean_output_SSP3
545,2.0,2274.0,0.01101064254559958,pulse,rcp85,df_mean_output_SSP3
546,2.0,2275.0,0.010844701127638245,pulse,rcp85,df_mean_output_SSP3
547,2.0,2276.0,0.01068370541464958,pulse,rcp85,df_mean_output_SSP3
548,2.0,2277.0,0.010523217620281855,pulse,rcp85,df_mean_output_SSP3
549,2.0,2278.0,0.010363139067450788,pulse,rcp85,df_mean_output_SSP3
550,2.0,2279.0,0.010201979563056796,pulse,rcp85,df_mean_output_SSP3
551,2.0,2280.0,0.010038670181643283,pulse,rcp85,df_mean_output_SSP3
552,2.0,2281.0,0.009876596175224961,pulse,rcp85,df_mean_output_SSP3
553,2.0,2282.0,0.009717463463310594,pulse,rcp85,df_mean_output_SSP3
554,2.0,2283.0,0.009561507520913892,pulse,rcp85,df_mean_output_SSP3
555,2.0,2284.0,0.009411044487450226,pulse,rcp85,df_mean_output_SSP3
556,2.0,2285.0,0.009268201171451551,pulse,rcp85,df_mean_output_SSP3
557,2.0,2286.0,0.00913173499765918,pulse,rcp85,df_mean_output_SSP3
558,2.0,2287.0,0.00899685712634124,pulse,rcp85,df_mean_output_SSP3
559,2.0,2288.0,0.008861741540648893,pulse,rcp85,df_mean_output_SSP3
560,2.0,2289.0,0.008721295483056224,pulse,rcp85,df_mean_output_SSP3
561,2.0,2290.0,0.008581903337407937,pulse,rcp85,df_mean_output_SSP3
562,2.0,2291.0,0.008442269343220232,pulse,rcp85,df_mean_output_SSP3
563,2.0,2292.0,0.008303344805156598,pulse,rcp85,df_mean_output_SSP3
564,2.0,2293.0,0.008166603829288022,pulse,rcp85,df_mean_output_SSP3
565,2.0,2294.0,0.00803435421060783,pulse,rcp85,df_mean_output_SSP3
566,2.0,2295.0,0.00790891097231139,pulse,rcp85,df_mean_output_SSP3
567,2.0,2296.0,0.00778841562165411,pulse,rcp85,df_mean_output_SSP3
568,2.0,2297.0,0.007672243415726143,pulse,rcp85,df_mean_output_SSP3
569,2.0,2298.0,0.007556124132534592,pulse,rcp85,df_mean_output_SSP3
570,2.0,2299.0,0.0074376074521609326,pulse,rcp85,df_mean_output_SSP3
571,2.0,2300.0,0.0073157996401036485,pulse,rcp85,df_mean_output_SSP3
572,2.5,2015.0,0.0,pulse,rcp85,df_mean_output_SSP3
573,2.5,2016.0,0.0,pulse,rcp85,df_mean_output_SSP3
574,2.5,2017.0,0.0,pulse,rcp85,df_mean_output_SSP3
575,2.5,2018.0,0.0,pulse,rcp85,df_mean_output_SSP3
576,2.5,2019.0,0.0,pulse,rcp85,df_mean_output_SSP3
577,2.5,2020.0,-0.0003180648368619199,pulse,rcp85,df_mean_output_SSP3
578,2.5,2021.0,0.0017390115857169874,pulse,rcp85,df_mean_output_SSP3
579,2.5,2022.0,-0.0007405283493140402,pulse,rcp85,df_mean_output_SSP3
580,2.5,2023.0,0.0002775192238742008,pulse,rcp85,df_mean_output_SSP3
581,2.5,2024.0,0.0038597676513933976,pulse,rcp85,df_mean_output_SSP3
582,2.5,2025.0,0.008867150066962814,pulse,rcp85,df_mean_output_SSP3
583,2.5,2026.0,0.004965410699710127,pulse,rcp85,df_mean_output_SSP3
584,2.5,2027.0,0.00916669273880899,pulse,rcp85,df_mean_output_SSP3
585,2.5,2028.0,0.015453715955244363,pulse,rcp85,df_mean_output_SSP3
586,2.5,2029.0,0.015721230543153553,pulse,rcp85,df_mean_output_SSP3
587,2.5,2030.0,0.010860566851944142,pulse,rcp85,df_mean_output_SSP3
588,2.5,2031.0,0.023771781622517807,pulse,rcp85,df_mean_output_SSP3
589,2.5,2032.0,0.029941345945154296,pulse,rcp85,df_mean_output_SSP3
590,2.5,2033.0,0.029950091562712444,pulse,rcp85,df_mean_output_SSP3
591,2.5,2034.0,0.02996072562452312,pulse,rcp85,df_mean_output_SSP3
592,2.5,2035.0,0.03731510734132115,pulse,rcp85,df_mean_output_SSP3
593,2.5,2036.0,0.036188700382872696,pulse,rcp85,df_mean_output_SSP3
594,2.5,2037.0,0.03597898616434847,pulse,rcp85,df_mean_output_SSP3
595,2.5,2038.0,0.037134246395677195,pulse,rcp85,df_mean_output_SSP3
596,2.5,2039.0,0.03593371118290989,pulse,rcp85,df_mean_output_SSP3
597,2.5,2040.0,0.03167298904014615,pulse,rcp85,df_mean_output_SSP3
598,2.5,2041.0,0.030196779250015737,pulse,rcp85,df_mean_output_SSP3
599,2.5,2042.0,0.03258281898431292,pulse,rcp85,df_mean_output_SSP3
600,2.5,2043.0,0.03368415050161744,pulse,rcp85,df_mean_output_SSP3
601,2.5,2044.0,0.03723374682894942,pulse,rcp85,df_mean_output_SSP3
602,2.5,2045.0,0.03953920124468624,pulse,rcp85,df_mean_output_SSP3
603,2.5,2046.0,0.04047146397683221,pulse,rcp85,df_mean_output_SSP3
604,2.5,2047.0,0.042435189905077664,pulse,rcp85,df_mean_output_SSP3
605,2.5,2048.0,0.04395117633022494,pulse,rcp85,df_mean_output_SSP3
606,2.5,2049.0,0.046194819214910865,pulse,rcp85,df_mean_output_SSP3
607,2.5,2050.0,0.04669447918347913,pulse,rcp85,df_mean_output_SSP3
608,2.5,2051.0,0.048649028291528396,pulse,rcp85,df_mean_output_SSP3
609,2.5,2052.0,0.04902537526574946,pulse,rcp85,df_mean_output_SSP3
610,2.5,2053.0,0.04833277395598401,pulse,rcp85,df_mean_output_SSP3
611,2.5,2054.0,0.04724893926783125,pulse,rcp85,df_mean_output_SSP3
612,2.5,2055.0,0.050432817198419855,pulse,rcp85,df_mean_output_SSP3
613,2.5,2056.0,0.05060525820631767,pulse,rcp85,df_mean_output_SSP3
614,2.5,2057.0,0.051005212841900516,pulse,rcp85,df_mean_output_SSP3
615,2.5,2058.0,0.05410109839799304,pulse,rcp85,df_mean_output_SSP3
616,2.5,2059.0,0.05527893939734696,pulse,rcp85,df_mean_output_SSP3
617,2.5,2060.0,0.054535544575529116,pulse,rcp85,df_mean_output_SSP3
618,2.5,2061.0,0.0557161427373174,pulse,rcp85,df_mean_output_SSP3
619,2.5,2062.0,0.05554968524828752,pulse,rcp85,df_mean_output_SSP3
620,2.5,2063.0,0.05344606644192851,pulse,rcp85,df_mean_output_SSP3
621,2.5,2064.0,0.053052385364473764,pulse,rcp85,df_mean_output_SSP3
622,2.5,2065.0,0.05349509378637407,pulse,rcp85,df_mean_output_SSP3
623,2.5,2066.0,0.05297419873812714,pulse,rcp85,df_mean_output_SSP3
624,2.5,2067.0,0.05399127720133379,pulse,rcp85,df_mean_output_SSP3
625,2.5,2068.0,0.05509400142852883,pulse,rcp85,df_mean_output_SSP3
626,2.5,2069.0,0.056585609082389965,pulse,rcp85,df_mean_output_SSP3
627,2.5,2070.0,0.05707531794664078,pulse,rcp85,df_mean_output_SSP3
628,2.5,2071.0,0.05680638757378631,pulse,rcp85,df_mean_output_SSP3
629,2.5,2072.0,0.05691235077455303,pulse,rcp85,df_mean_output_SSP3
630,2.5,2073.0,0.056701426800174204,pulse,rcp85,df_mean_output_SSP3
631,2.5,2074.0,0.05693848436675353,pulse,rcp85,df_mean_output_SSP3
632,2.5,2075.0,0.05739044647516778,pulse,rcp85,df_mean_output_SSP3
633,2.5,2076.0,0.05690392866381444,pulse,rcp85,df_mean_output_SSP3
634,2.5,2077.0,0.05734281748900116,pulse,rcp85,df_mean_output_SSP3
635,2.5,2078.0,0.05856063155735569,pulse,rcp85,df_mean_output_SSP3
636,2.5,2079.0,0.058711905791554386,pulse,rcp85,df_mean_output_SSP3
637,2.5,2080.0,0.05839685322189325,pulse,rcp85,df_mean_output_SSP3
638,2.5,2081.0,0.05980109187588312,pulse,rcp85,df_mean_output_SSP3
639,2.5,2082.0,0.05979266801048766,pulse,rcp85,df_mean_output_SSP3
640,2.5,2083.0,0.059721009519549284,pulse,rcp85,df_mean_output_SSP3
641,2.5,2084.0,0.059627176763996204,pulse,rcp85,df_mean_output_SSP3
642,2.5,2085.0,0.05924458914022068,pulse,rcp85,df_mean_output_SSP3
643,2.5,2086.0,0.05849540789891705,pulse,rcp85,df_mean_output_SSP3
644,2.5,2087.0,0.0582889522921306,pulse,rcp85,df_mean_output_SSP3
645,2.5,2088.0,0.05783059256231127,pulse,rcp85,df_mean_output_SSP3
646,2.5,2089.0,0.057647643228733614,pulse,rcp85,df_mean_output_SSP3
647,2.5,2090.0,0.058204152273305,pulse,rcp85,df_mean_output_SSP3
648,2.5,2091.0,0.0585984017365746,pulse,rcp85,df_mean_output_SSP3
649,2.5,2092.0,0.05873579220839531,pulse,rcp85,df_mean_output_SSP3
650,2.5,2093.0,0.05903405733764089,pulse,rcp85,df_mean_output_SSP3
651,2.5,2094.0,0.058678231458102914,pulse,rcp85,df_mean_output_SSP3
652,2.5,2095.0,0.05800845718616188,pulse,rcp85,df_mean_output_SSP3
653,2.5,2096.0,0.05748120125541334,pulse,rcp85,df_mean_output_SSP3
654,2.5,2097.0,0.057172796598692344,pulse,rcp85,df_mean_output_SSP3
655,2.5,2098.0,0.05614604531356804,pulse,rcp85,df_mean_output_SSP3
656,2.5,2099.0,0.05574967311916623,pulse,rcp85,df_mean_output_SSP3
657,2.5,2100.0,0.056206401970655406,pulse,rcp85,df_mean_output_SSP3
658,2.5,2101.0,0.05596028683106624,pulse,rcp85,df_mean_output_SSP3
659,2.5,2102.0,0.05566962940559961,pulse,rcp85,df_mean_output_SSP3
660,2.5,2103.0,0.05534195932530395,pulse,rcp85,df_mean_output_SSP3
661,2.5,2104.0,0.054960968044781566,pulse,rcp85,df_mean_output_SSP3
662,2.5,2105.0,0.05451350228992169,pulse,rcp85,df_mean_output_SSP3
663,2.5,2106.0,0.05403659479642897,pulse,rcp85,df_mean_output_SSP3
664,2.5,2107.0,0.053541171507106355,pulse,rcp85,df_mean_output_SSP3
665,2.5,2108.0,0.053050131014785507,pulse,rcp85,df_mean_output_SSP3
666,2.5,2109.0,0.052576375593858415,pulse,rcp85,df_mean_output_SSP3
667,2.5,2110.0,0.052143462271146745,pulse,rcp85,df_mean_output_SSP3
668,2.5,2111.0,0.05178442804070471,pulse,rcp85,df_mean_output_SSP3
669,2.5,2112.0,0.05139117730429632,pulse,rcp85,df_mean_output_SSP3
670,2.5,2113.0,0.05097190377451,pulse,rcp85,df_mean_output_SSP3
671,2.5,2114.0,0.05047910376700315,pulse,rcp85,df_mean_output_SSP3
672,2.5,2115.0,0.04996471383357459,pulse,rcp85,df_mean_output_SSP3
673,2.5,2116.0,0.049407662335866576,pulse,rcp85,df_mean_output_SSP3
674,2.5,2117.0,0.048838548092717815,pulse,rcp85,df_mean_output_SSP3
675,2.5,2118.0,0.04826710100566345,pulse,rcp85,df_mean_output_SSP3
676,2.5,2119.0,0.047706662594976024,pulse,rcp85,df_mean_output_SSP3
677,2.5,2120.0,0.04718786333356206,pulse,rcp85,df_mean_output_SSP3
678,2.5,2121.0,0.0467169999325705,pulse,rcp85,df_mean_output_SSP3
679,2.5,2122.0,0.04628234640109952,pulse,rcp85,df_mean_output_SSP3
680,2.5,2123.0,0.04578866866863507,pulse,rcp85,df_mean_output_SSP3
681,2.5,2124.0,0.04528968579354853,pulse,rcp85,df_mean_output_SSP3
682,2.5,2125.0,0.04473716165705355,pulse,rcp85,df_mean_output_SSP3
683,2.5,2126.0,0.044150235465451715,pulse,rcp85,df_mean_output_SSP3
684,2.5,2127.0,0.04355820306288649,pulse,rcp85,df_mean_output_SSP3
685,2.5,2128.0,0.04296554313286549,pulse,rcp85,df_mean_output_SSP3
686,2.5,2129.0,0.04239071857183774,pulse,rcp85,df_mean_output_SSP3
687,2.5,2130.0,0.041853760864512424,pulse,rcp85,df_mean_output_SSP3
688,2.5,2131.0,0.04138772302823668,pulse,rcp85,df_mean_output_SSP3
689,2.5,2132.0,0.040913912068546665,pulse,rcp85,df_mean_output_SSP3
690,2.5,2133.0,0.04043674974892042,pulse,rcp85,df_mean_output_SSP3
691,2.5,2134.0,0.03992170601972589,pulse,rcp85,df_mean_output_SSP3
692,2.5,2135.0,0.039369048124271444,pulse,rcp85,df_mean_output_SSP3
693,2.5,2136.0,0.03878429302045561,pulse,rcp85,df_mean_output_SSP3
694,2.5,2137.0,0.038203388264776095,pulse,rcp85,df_mean_output_SSP3
695,2.5,2138.0,0.03762658549750597,pulse,rcp85,df_mean_output_SSP3
696,2.5,2139.0,0.037059647485321534,pulse,rcp85,df_mean_output_SSP3
697,2.5,2140.0,0.03650979796132958,pulse,rcp85,df_mean_output_SSP3
698,2.5,2141.0,0.035992496715721245,pulse,rcp85,df_mean_output_SSP3
699,2.5,2142.0,0.03549995874807621,pulse,rcp85,df_mean_output_SSP3
700,2.5,2143.0,0.035006529718302204,pulse,rcp85,df_mean_output_SSP3
701,2.5,2144.0,0.03451504458904253,pulse,rcp85,df_mean_output_SSP3
702,2.5,2145.0,0.03401699472627229,pulse,rcp85,df_mean_output_SSP3
703,2.5,2146.0,0.033500401177704475,pulse,rcp85,df_mean_output_SSP3
704,2.5,2147.0,0.03298749207499441,pulse,rcp85,df_mean_output_SSP3
705,2.5,2148.0,0.032468786181539144,pulse,rcp85,df_mean_output_SSP3
706,2.5,2149.0,0.031952539499897625,pulse,rcp85,df_mean_output_SSP3
707,2.5,2150.0,0.03144263397280156,pulse,rcp85,df_mean_output_SSP3
708,2.5,2151.0,0.0309419673392739,pulse,rcp85,df_mean_output_SSP3
709,2.5,2152.0,0.030464842022865923,pulse,rcp85,df_mean_output_SSP3
710,2.5,2153.0,0.030020195074428102,pulse,rcp85,df_mean_output_SSP3
711,2.5,2154.0,0.02959312403692138,pulse,rcp85,df_mean_output_SSP3
712,2.5,2155.0,0.029156369477689736,pulse,rcp85,df_mean_output_SSP3
713,2.5,2156.0,0.028710770020538234,pulse,rcp85,df_mean_output_SSP3
714,2.5,2157.0,0.02825128973995561,pulse,rcp85,df_mean_output_SSP3
715,2.5,2158.0,0.027777303664663577,pulse,rcp85,df_mean_output_SSP3
716,2.5,2159.0,0.027297955958388798,pulse,rcp85,df_mean_output_SSP3
717,2.5,2160.0,0.02682307220922553,pulse,rcp85,df_mean_output_SSP3
718,2.5,2161.0,0.026361704598244273,pulse,rcp85,df_mean_output_SSP3
719,2.5,2162.0,0.02592332946912279,pulse,rcp85,df_mean_output_SSP3
720,2.5,2163.0,0.025515626318949103,pulse,rcp85,df_mean_output_SSP3
721,2.5,2164.0,0.025130047513442832,pulse,rcp85,df_mean_output_SSP3
722,2.5,2165.0,0.024731244905538574,pulse,rcp85,df_mean_output_SSP3
723,2.5,2166.0,0.024334424002702804,pulse,rcp85,df_mean_output_SSP3
724,2.5,2167.0,0.02391631633483371,pulse,rcp85,df_mean_output_SSP3
725,2.5,2168.0,0.02349020281523906,pulse,rcp85,df_mean_output_SSP3
726,2.5,2169.0,0.02306424277202268,pulse,rcp85,df_mean_output_SSP3
727,2.5,2170.0,0.022644603204739155,pulse,rcp85,df_mean_output_SSP3
728,2.5,2171.0,0.02223536739190024,pulse,rcp85,df_mean_output_SSP3
729,2.5,2172.0,0.021842432537994227,pulse,rcp85,df_mean_output_SSP3
730,2.5,2173.0,0.021474196292047054,pulse,rcp85,df_mean_output_SSP3
731,2.5,2174.0,0.02111807929404108,pulse,rcp85,df_mean_output_SSP3
732,2.5,2175.0,0.020770619501220722,pulse,rcp85,df_mean_output_SSP3
733,2.5,2176.0,0.02042307654319586,pulse,rcp85,df_mean_output_SSP3
734,2.5,2177.0,0.020067936389096985,pulse,rcp85,df_mean_output_SSP3
735,2.5,2178.0,0.01970556143203339,pulse,rcp85,df_mean_output_SSP3
736,2.5,2179.0,0.019343701013298187,pulse,rcp85,df_mean_output_SSP3
737,2.5,2180.0,0.018983217135087216,pulse,rcp85,df_mean_output_SSP3
738,2.5,2181.0,0.018628256037317215,pulse,rcp85,df_mean_output_SSP3
739,2.5,2182.0,0.018279243053015648,pulse,rcp85,df_mean_output_SSP3
740,2.5,2183.0,0.01793830851065792,pulse,rcp85,df_mean_output_SSP3
741,2.5,2184.0,0.017607716960164055,pulse,rcp85,df_mean_output_SSP3
742,2.5,2185.0,0.017290323970556187,pulse,rcp85,df_mean_output_SSP3
743,2.5,2186.0,0.016991586784598667,pulse,rcp85,df_mean_output_SSP3
744,2.5,2187.0,0.01669615756107845,pulse,rcp85,df_mean_output_SSP3
745,2.5,2188.0,0.016406141542773867,pulse,rcp85,df_mean_output_SSP3
746,2.5,2189.0,0.016120084302713167,pulse,rcp85,df_mean_output_SSP3
747,2.5,2190.0,0.01582690418235444,pulse,rcp85,df_mean_output_SSP3
748,2.5,2191.0,0.015530899707421497,pulse,rcp85,df_mean_output_SSP3
749,2.5,2192.0,0.015236840815433084,pulse,rcp85,df_mean_output_SSP3
750,2.5,2193.0,0.014948584946942844,pulse,rcp85,df_mean_output_SSP3
751,2.5,2194.0,0.014666721403941096,pulse,rcp85,df_mean_output_SSP3
752,2.5,2195.0,0.014394217051993508,pulse,rcp85,df_mean_output_SSP3
753,2.5,2196.0,0.014136665437149531,pulse,rcp85,df_mean_output_SSP3
754,2.5,2197.0,0.013891463248782543,pulse,rcp85,df_mean_output_SSP3
755,2.5,2198.0,0.0136519344499888,pulse,rcp85,df_mean_output_SSP3
756,2.5,2199.0,0.013409643107344493,pulse,rcp85,df_mean_output_SSP3
757,2.5,2200.0,0.013164359864575204,pulse,rcp85,df_mean_output_SSP3
758,2.5,2201.0,0.012914808781033571,pulse,rcp85,df_mean_output_SSP3
759,2.5,2202.0,0.012667741237734731,pulse,rcp85,df_mean_output_SSP3
760,2.5,2203.0,0.012424341659460936,pulse,rcp85,df_mean_output_SSP3
761,2.5,2204.0,0.012183212738342775,pulse,rcp85,df_mean_output_SSP3
762,2.5,2205.0,0.011947302467312682,pulse,rcp85,df_mean_output_SSP3
763,2.5,2206.0,0.011716040713110942,pulse,rcp85,df_mean_output_SSP3
764,2.5,2207.0,0.011492451212035348,pulse,rcp85,df_mean_output_SSP3
765,2.5,2208.0,0.011278590204419459,pulse,rcp85,df_mean_output_SSP3
766,2.5,2209.0,0.011073216987966816,pulse,rcp85,df_mean_output_SSP3
767,2.5,2210.0,0.010873662825943597,pulse,rcp85,df_mean_output_SSP3
768,2.5,2211.0,0.010675453826301862,pulse,rcp85,df_mean_output_SSP3
769,2.5,2212.0,0.010478854127086379,pulse,rcp85,df_mean_output_SSP3
770,2.5,2213.0,0.01028127611678542,pulse,rcp85,df_mean_output_SSP3
771,2.5,2214.0,0.010085390957726759,pulse,rcp85,df_mean_output_SSP3
772,2.5,2215.0,0.009888641351032845,pulse,rcp85,df_mean_output_SSP3
773,2.5,2216.0,0.009694400941519632,pulse,rcp85,df_mean_output_SSP3
774,2.5,2217.0,0.00950546546869191,pulse,rcp85,df_mean_output_SSP3
775,2.5,2218.0,0.009322028814153782,pulse,rcp85,df_mean_output_SSP3
776,2.5,2219.0,0.009146573164478866,pulse,rcp85,df_mean_output_SSP3
777,2.5,2220.0,0.008979643787881741,pulse,rcp85,df_mean_output_SSP3
778,2.5,2221.0,0.008818266641682726,pulse,rcp85,df_mean_output_SSP3
779,2.5,2222.0,0.008663421477848487,pulse,rcp85,df_mean_output_SSP3
780,2.5,2223.0,0.008506129207518143,pulse,rcp85,df_mean_output_SSP3
781,2.5,2224.0,0.008346124234691388,pulse,rcp85,df_mean_output_SSP3
782,2.5,2225.0,0.008185533786907229,pulse,rcp85,df_mean_output_SSP3
783,2.5,2226.0,0.008024580011863236,pulse,rcp85,df_mean_output_SSP3
784,2.5,2227.0,0.007867233475145952,pulse,rcp85,df_mean_output_SSP3
785,2.5,2228.0,0.007712687339996194,pulse,rcp85,df_mean_output_SSP3
786,2.5,2229.0,0.007564240003844702,pulse,rcp85,df_mean_output_SSP3
787,2.5,2230.0,0.00742325069702332,pulse,rcp85,df_mean_output_SSP3
788,2.5,2231.0,0.0072870662647979145,pulse,rcp85,df_mean_output_SSP3
789,2.5,2232.0,0.007153068988813516,pulse,rcp85,df_mean_output_SSP3
790,2.5,2233.0,0.007022135032375587,pulse,rcp85,df_mean_output_SSP3
791,2.5,2234.0,0.0068909474522556025,pulse,rcp85,df_mean_output_SSP3
792,2.5,2235.0,0.006760409559934288,pulse,rcp85,df_mean_output_SSP3
793,2.5,2236.0,0.006629244883491481,pulse,rcp85,df_mean_output_SSP3
794,2.5,2237.0,0.006500258375474743,pulse,rcp85,df_mean_output_SSP3
795,2.5,2238.0,0.006373985327819298,pulse,rcp85,df_mean_output_SSP3
796,2.5,2239.0,0.006251291421055072,pulse,rcp85,df_mean_output_SSP3
797,2.5,2240.0,0.0061332600910795065,pulse,rcp85,df_mean_output_SSP3
798,2.5,2241.0,0.006019787124753151,pulse,rcp85,df_mean_output_SSP3
799,2.5,2242.0,0.005909772673177827,pulse,rcp85,df_mean_output_SSP3
800,2.5,2243.0,0.005799851261024003,pulse,rcp85,df_mean_output_SSP3
801,2.5,2244.0,0.005689807724102991,pulse,rcp85,df_mean_output_SSP3
802,2.5,2245.0,0.005578295936341959,pulse,rcp85,df_mean_output_SSP3
803,2.5,2246.0,0.005466330017824816,pulse,rcp85,df_mean_output_SSP3
804,2.5,2247.0,0.005355952725263791,pulse,rcp85,df_mean_output_SSP3
805,2.5,2248.0,0.005246820448522982,pulse,rcp85,df_mean_output_SSP3
806,2.5,2249.0,0.005139772408430332,pulse,rcp85,df_mean_output_SSP3
807,2.5,2250.0,0.005035009551740188,pulse,rcp85,df_mean_output_SSP3
808,2.5,2251.0,0.004933008397351557,pulse,rcp85,df_mean_output_SSP3
809,2.5,2252.0,0.004834575194845314,pulse,rcp85,df_mean_output_SSP3
810,2.5,2253.0,0.0047402538828329455,pulse,rcp85,df_mean_output_SSP3
811,2.5,2254.0,0.004649620820288192,pulse,rcp85,df_mean_output_SSP3
812,2.5,2255.0,0.004560217306845971,pulse,rcp85,df_mean_output_SSP3
813,2.5,2256.0,0.004472361637564148,pulse,rcp85,df_mean_output_SSP3
814,2.5,2257.0,0.004385076522133602,pulse,rcp85,df_mean_output_SSP3
815,2.5,2258.0,0.00429766753677896,pulse,rcp85,df_mean_output_SSP3
816,2.5,2259.0,0.004211062315590652,pulse,rcp85,df_mean_output_SSP3
817,2.5,2260.0,0.004124563697814665,pulse,rcp85,df_mean_output_SSP3
818,2.5,2261.0,0.004039508005821091,pulse,rcp85,df_mean_output_SSP3
819,2.5,2262.0,0.0039568102040128394,pulse,rcp85,df_mean_output_SSP3
820,2.5,2263.0,0.0038765055081952937,pulse,rcp85,df_mean_output_SSP3
821,2.5,2264.0,0.0037996379716354056,pulse,rcp85,df_mean_output_SSP3
822,2.5,2265.0,0.003726278085316892,pulse,rcp85,df_mean_output_SSP3
823,2.5,2266.0,0.003655258611583889,pulse,rcp85,df_mean_output_SSP3
824,2.5,2267.0,0.003586134672396213,pulse,rcp85,df_mean_output_SSP3
825,2.5,2268.0,0.0035156524856247984,pulse,rcp85,df_mean_output_SSP3
826,2.5,2269.0,0.0034448844154972846,pulse,rcp85,df_mean_output_SSP3
827,2.5,2270.0,0.0033738945955477107,pulse,rcp85,df_mean_output_SSP3
828,2.5,2271.0,0.0033037417983337036,pulse,rcp85,df_mean_output_SSP3
829,2.5,2272.0,0.003234598226978136,pulse,rcp85,df_mean_output_SSP3
830,2.5,2273.0,0.0031674001352843817,pulse,rcp85,df_mean_output_SSP3
831,2.5,2274.0,0.003102958831378899,pulse,rcp85,df_mean_output_SSP3
832,2.5,2275.0,0.003041285867965371,pulse,rcp85,df_mean_output_SSP3
833,2.5,2276.0,0.0029815209627983563,pulse,rcp85,df_mean_output_SSP3
834,2.5,2277.0,0.0029224078157046307,pulse,rcp85,df_mean_output_SSP3
835,2.5,2278.0,0.002863913532143769,pulse,rcp85,df_mean_output_SSP3
836,2.5,2279.0,0.0028056231147601807,pulse,rcp85,df_mean_output_SSP3
837,2.5,2280.0,0.002747244887803646,pulse,rcp85,df_mean_output_SSP3
838,2.5,2281.0,0.0026897058749479896,pulse,rcp85,df_mean_output_SSP3
839,2.5,2282.0,0.002633459945718286,pulse,rcp85,df_mean_output_SSP3
840,2.5,2283.0,0.0025785554686503787,pulse,rcp85,df_mean_output_SSP3
841,2.5,2284.0,0.002525598087219194,pulse,rcp85,df_mean_output_SSP3
842,2.5,2285.0,0.00247513089855822,pulse,rcp85,df_mean_output_SSP3
843,2.5,2286.0,0.002426790723198735,pulse,rcp85,df_mean_output_SSP3
844,2.5,2287.0,0.0023792833006304193,pulse,rcp85,df_mean_output_SSP3
845,2.5,2288.0,0.0023321190601475195,pulse,rcp85,df_mean_output_SSP3
846,2.5,2289.0,0.002283962380669635,pulse,rcp85,df_mean_output_SSP3
847,2.5,2290.0,0.0022364946845154776,pulse,rcp85,df_mean_output_SSP3
848,2.5,2291.0,0.0021893730204336492,pulse,rcp85,df_mean_output_SSP3
849,2.5,2292.0,0.0021428409507606716,pulse,rcp85,df_mean_output_SSP3
850,2.5,2293.0,0.002097271517790489,pulse,rcp85,df_mean_output_SSP3
851,2.5,2294.0,0.002053243477236677,pulse,rcp85,df_mean_output_SSP3
852,2.5,2295.0,0.0020113260131555677,pulse,rcp85,df_mean_output_SSP3
853,2.5,2296.0,0.0019710208083072445,pulse,rcp85,df_mean_output_SSP3
854,2.5,2297.0,0.0019321496896864687,pulse,rcp85,df_mean_output_SSP3
855,2.5,2298.0,0.0018936241631912765,pulse,rcp85,df_mean_output_SSP3
856,2.5,2299.0,0.0018548306434631456,pulse,rcp85,df_mean_output_SSP3
857,2.5,2300.0,0.0018155537811725964,pulse,rcp85,df_mean_output_SSP3
858,3.0,2015.0,0.0,pulse,rcp85,df_mean_output_SSP3
859,3.0,2016.0,0.0,pulse,rcp85,df_mean_output_SSP3
860,3.0,2017.0,0.0,pulse,rcp85,df_mean_output_SSP3
861,3.0,2018.0,0.0,pulse,rcp85,df_mean_output_SSP3
862,3.0,2019.0,0.0,pulse,rcp85,df_mean_output_SSP3
863,3.0,2020.0,-0.00031041940524212386,pulse,rcp85,df_mean_output_SSP3
864,3.0,2021.0,0.0016889714931367372,pulse,rcp85,df_mean_output_SSP3
865,3.0,2022.0,-0.0007157282740637427,pulse,rcp85,df_mean_output_SSP3
866,3.0,2023.0,0.0002669231231857694,pulse,rcp85,df_mean_output_SSP3
867,3.0,2024.0,0.0036943745872211053,pulse,rcp85,df_mean_output_SSP3
868,3.0,2025.0,0.008445988103312985,pulse,rcp85,df_mean_output_SSP3
869,3.0,2026.0,0.004706610109305842,pulse,rcp85,df_mean_output_SSP3
870,3.0,2027.0,0.008646739248817426,pulse,rcp85,df_mean_output_SSP3
871,3.0,2028.0,0.014506386835510199,pulse,rcp85,df_mean_output_SSP3
872,3.0,2029.0,0.014685864134834858,pulse,rcp85,df_mean_output_SSP3
873,3.0,2030.0,0.010096064199547783,pulse,rcp85,df_mean_output_SSP3
874,3.0,2031.0,0.021991152133447045,pulse,rcp85,df_mean_output_SSP3
875,3.0,2032.0,0.027564125007547347,pulse,rcp85,df_mean_output_SSP3
876,3.0,2033.0,0.02743833074286961,pulse,rcp85,df_mean_output_SSP3
877,3.0,2034.0,0.027314829907645333,pulse,rcp85,df_mean_output_SSP3
878,3.0,2035.0,0.0338545861334385,pulse,rcp85,df_mean_output_SSP3
879,3.0,2036.0,0.032673257939611844,pulse,rcp85,df_mean_output_SSP3
880,3.0,2037.0,0.03232622686648057,pulse,rcp85,df_mean_output_SSP3
881,3.0,2038.0,0.033202237402669255,pulse,rcp85,df_mean_output_SSP3
882,3.0,2039.0,0.03197285729764232,pulse,rcp85,df_mean_output_SSP3
883,3.0,2040.0,0.028044975675570072,pulse,rcp85,df_mean_output_SSP3
884,3.0,2041.0,0.026608064337207082,pulse,rcp85,df_mean_output_SSP3
885,3.0,2042.0,0.028571165325523395,pulse,rcp85,df_mean_output_SSP3
886,3.0,2043.0,0.029393515975492335,pulse,rcp85,df_mean_output_SSP3
887,3.0,2044.0,0.032333247105256646,pulse,rcp85,df_mean_output_SSP3
888,3.0,2045.0,0.034168594298325417,pulse,rcp85,df_mean_output_SSP3
889,3.0,2046.0,0.034804450043523616,pulse,rcp85,df_mean_output_SSP3
890,3.0,2047.0,0.036316053902559986,pulse,rcp85,df_mean_output_SSP3
891,3.0,2048.0,0.037430846248003746,pulse,rcp85,df_mean_output_SSP3
892,3.0,2049.0,0.039150657060659455,pulse,rcp85,df_mean_output_SSP3
893,3.0,2050.0,0.039382017406978775,pulse,rcp85,df_mean_output_SSP3
894,3.0,2051.0,0.04083130258785417,pulse,rcp85,df_mean_output_SSP3
895,3.0,2052.0,0.04094742838963583,pulse,rcp85,df_mean_output_SSP3
896,3.0,2053.0,0.04017298173874906,pulse,rcp85,df_mean_output_SSP3
897,3.0,2054.0,0.03908148431625591,pulse,rcp85,df_mean_output_SSP3
898,3.0,2055.0,0.04151249689986969,pulse,rcp85,df_mean_output_SSP3
899,3.0,2056.0,0.04145223134405285,pulse,rcp85,df_mean_output_SSP3
900,3.0,2057.0,0.04157703097418164,pulse,rcp85,df_mean_output_SSP3
901,3.0,2058.0,0.04388656925502232,pulse,rcp85,df_mean_output_SSP3
902,3.0,2059.0,0.04462434885967781,pulse,rcp85,df_mean_output_SSP3
903,3.0,2060.0,0.043810527782284225,pulse,rcp85,df_mean_output_SSP3
904,3.0,2061.0,0.04454167183636315,pulse,rcp85,df_mean_output_SSP3
905,3.0,2062.0,0.044193023460579184,pulse,rcp85,df_mean_output_SSP3
906,3.0,2063.0,0.04231306646683919,pulse,rcp85,df_mean_output_SSP3
907,3.0,2064.0,0.0417975002703983,pulse,rcp85,df_mean_output_SSP3
908,3.0,2065.0,0.04194169595102437,pulse,rcp85,df_mean_output_SSP3
909,3.0,2066.0,0.04133168125689224,pulse,rcp85,df_mean_output_SSP3
910,3.0,2067.0,0.041920737728659674,pulse,rcp85,df_mean_output_SSP3
911,3.0,2068.0,0.042569276822057134,pulse,rcp85,df_mean_output_SSP3
912,3.0,2069.0,0.04350955004321122,pulse,rcp85,df_mean_output_SSP3
913,3.0,2070.0,0.04367305546839617,pulse,rcp85,df_mean_output_SSP3
914,3.0,2071.0,0.04325626836727281,pulse,rcp85,df_mean_output_SSP3
915,3.0,2072.0,0.043126582422161164,pulse,rcp85,df_mean_output_SSP3
916,3.0,2073.0,0.042758173695958135,pulse,rcp85,df_mean_output_SSP3
917,3.0,2074.0,0.0427285055163793,pulse,rcp85,df_mean_output_SSP3
918,3.0,2075.0,0.042858606328721294,pulse,rcp85,df_mean_output_SSP3
919,3.0,2076.0,0.04228899197070035,pulse,rcp85,df_mean_output_SSP3
920,3.0,2077.0,0.04240828895750326,pulse,rcp85,df_mean_output_SSP3
921,3.0,2078.0,0.04309869448854187,pulse,rcp85,df_mean_output_SSP3
922,3.0,2079.0,0.04300026992417827,pulse,rcp85,df_mean_output_SSP3
923,3.0,2080.0,0.04256190812827754,pulse,rcp85,df_mean_output_SSP3
924,3.0,2081.0,0.04337379264502772,pulse,rcp85,df_mean_output_SSP3
925,3.0,2082.0,0.04315716007482706,pulse,rcp85,df_mean_output_SSP3
926,3.0,2083.0,0.04289618869849221,pulse,rcp85,df_mean_output_SSP3
927,3.0,2084.0,0.04262088409770115,pulse,rcp85,df_mean_output_SSP3
928,3.0,2085.0,0.04214184448113656,pulse,rcp85,df_mean_output_SSP3
929,3.0,2086.0,0.041406951959814364,pulse,rcp85,df_mean_output_SSP3
930,3.0,2087.0,0.041060513719742175,pulse,rcp85,df_mean_output_SSP3
931,3.0,2088.0,0.0405398756714348,pulse,rcp85,df_mean_output_SSP3
932,3.0,2089.0,0.0402154532519603,pulse,rcp85,df_mean_output_SSP3
933,3.0,2090.0,0.04040657314156704,pulse,rcp85,df_mean_output_SSP3
934,3.0,2091.0,0.04048279255336951,pulse,rcp85,df_mean_output_SSP3
935,3.0,2092.0,0.04038072979440699,pulse,rcp85,df_mean_output_SSP3
936,3.0,2093.0,0.04038876804337832,pulse,rcp85,df_mean_output_SSP3
937,3.0,2094.0,0.03995044582111973,pulse,rcp85,df_mean_output_SSP3
938,3.0,2095.0,0.03930271660821916,pulse,rcp85,df_mean_output_SSP3
939,3.0,2096.0,0.03875642691489389,pulse,rcp85,df_mean_output_SSP3
940,3.0,2097.0,0.038361357964561194,pulse,rcp85,df_mean_output_SSP3
941,3.0,2098.0,0.03748956047589047,pulse,rcp85,df_mean_output_SSP3
942,3.0,2099.0,0.03704419340660792,pulse,rcp85,df_mean_output_SSP3
943,3.0,2100.0,0.03716637832502556,pulse,rcp85,df_mean_output_SSP3
944,3.0,2101.0,0.03682400585179835,pulse,rcp85,df_mean_output_SSP3
945,3.0,2102.0,0.03645491332022033,pulse,rcp85,df_mean_output_SSP3
946,3.0,2103.0,0.036064416606507166,pulse,rcp85,df_mean_output_SSP3
947,3.0,2104.0,0.03564227318548774,pulse,rcp85,df_mean_output_SSP3
948,3.0,2105.0,0.035180478856133846,pulse,rcp85,df_mean_output_SSP3
949,3.0,2106.0,0.034703419966220395,pulse,rcp85,df_mean_output_SSP3
950,3.0,2107.0,0.03421833018859388,pulse,rcp85,df_mean_output_SSP3
951,3.0,2108.0,0.033739919699819154,pulse,rcp85,df_mean_output_SSP3
952,3.0,2109.0,0.033276287573251295,pulse,rcp85,df_mean_output_SSP3
953,3.0,2110.0,0.032842085675987676,pulse,rcp85,df_mean_output_SSP3
954,3.0,2111.0,0.032457621369580636,pulse,rcp85,df_mean_output_SSP3
955,3.0,2112.0,0.03205477357546016,pulse,rcp85,df_mean_output_SSP3
956,3.0,2113.0,0.03163891938031327,pulse,rcp85,df_mean_output_SSP3
957,3.0,2114.0,0.031180929949897518,pulse,rcp85,df_mean_output_SSP3
958,3.0,2115.0,0.030713370097309678,pulse,rcp85,df_mean_output_SSP3
959,3.0,2116.0,0.030223518071629485,pulse,rcp85,df_mean_output_SSP3
960,3.0,2117.0,0.029730354964634387,pulse,rcp85,df_mean_output_SSP3
961,3.0,2118.0,0.029239854415166633,pulse,rcp85,df_mean_output_SSP3
962,3.0,2119.0,0.028760052015634585,pulse,rcp85,df_mean_output_SSP3
963,3.0,2120.0,0.028309199242229965,pulse,rcp85,df_mean_output_SSP3
964,3.0,2121.0,0.027890664292542056,pulse,rcp85,df_mean_output_SSP3
965,3.0,2122.0,0.02749703851402785,pulse,rcp85,df_mean_output_SSP3
966,3.0,2123.0,0.027071680167253476,pulse,rcp85,df_mean_output_SSP3
967,3.0,2124.0,0.026646682209545247,pulse,rcp85,df_mean_output_SSP3
968,3.0,2125.0,0.026193823837523666,pulse,rcp85,df_mean_output_SSP3
969,3.0,2126.0,0.025724689432720993,pulse,rcp85,df_mean_output_SSP3
970,3.0,2127.0,0.025256531720835085,pulse,rcp85,df_mean_output_SSP3
971,3.0,2128.0,0.024791950934286433,pulse,rcp85,df_mean_output_SSP3
972,3.0,2129.0,0.02434152686869595,pulse,rcp85,df_mean_output_SSP3
973,3.0,2130.0,0.02391652992069737,pulse,rcp85,df_mean_output_SSP3
974,3.0,2131.0,0.02353541462568387,pulse,rcp85,df_mean_output_SSP3
975,3.0,2132.0,0.023153037105743124,pulse,rcp85,df_mean_output_SSP3
976,3.0,2133.0,0.022771930063008483,pulse,rcp85,df_mean_output_SSP3
977,3.0,2134.0,0.02237274815558976,pulse,rcp85,df_mean_output_SSP3
978,3.0,2135.0,0.021955927943672293,pulse,rcp85,df_mean_output_SSP3
979,3.0,2136.0,0.02152481375578219,pulse,rcp85,df_mean_output_SSP3
980,3.0,2137.0,0.02109949427672575,pulse,rcp85,df_mean_output_SSP3
981,3.0,2138.0,0.02068005138811202,pulse,rcp85,df_mean_output_SSP3
982,3.0,2139.0,0.020269579028983742,pulse,rcp85,df_mean_output_SSP3
983,3.0,2140.0,0.01987190560254959,pulse,rcp85,df_mean_output_SSP3
984,3.0,2141.0,0.019495245125568772,pulse,rcp85,df_mean_output_SSP3
985,3.0,2142.0,0.019135121122602072,pulse,rcp85,df_mean_output_SSP3
986,3.0,2143.0,0.018777556098633852,pulse,rcp85,df_mean_output_SSP3
987,3.0,2144.0,0.018424049312073976,pulse,rcp85,df_mean_output_SSP3
988,3.0,2145.0,0.018070044910665217,pulse,rcp85,df_mean_output_SSP3
989,3.0,2146.0,0.01770924057809964,pulse,rcp85,df_mean_output_SSP3
990,3.0,2147.0,0.017353451626796357,pulse,rcp85,df_mean_output_SSP3
991,3.0,2148.0,0.01699766495514865,pulse,rcp85,df_mean_output_SSP3
992,3.0,2149.0,0.016646204757861938,pulse,rcp85,df_mean_output_SSP3
993,3.0,2150.0,0.016301043740220678,pulse,rcp85,df_mean_output_SSP3
994,3.0,2151.0,0.015963608072702584,pulse,rcp85,df_mean_output_SSP3
995,3.0,2152.0,0.01564115084651263,pulse,rcp85,df_mean_output_SSP3
996,3.0,2153.0,0.015338042074162672,pulse,rcp85,df_mean_output_SSP3
997,3.0,2154.0,0.015046443888287797,pulse,rcp85,df_mean_output_SSP3
998,3.0,2155.0,0.01475241568627439,pulse,rcp85,df_mean_output_SSP3
999,3.0,2156.0,0.014456433980065242,pulse,rcp85,df_mean_output_SSP3
1000,3.0,2157.0,0.014156022906021803,pulse,rcp85,df_mean_output_SSP3
1001,3.0,2158.0,0.013850954568773943,pulse,rcp85,df_mean_output_SSP3
1002,3.0,2159.0,0.013545853914045836,pulse,rcp85,df_mean_output_SSP3
1003,3.0,2160.0,0.01324559336726594,pulse,rcp85,df_mean_output_SSP3
1004,3.0,2161.0,0.012954570815118416,pulse,rcp85,df_mean_output_SSP3
1005,3.0,2162.0,0.012677305624556823,pulse,rcp85,df_mean_output_SSP3
1006,3.0,2163.0,0.012417353783924057,pulse,rcp85,df_mean_output_SSP3
1007,3.0,2164.0,0.01217034170475273,pulse,rcp85,df_mean_output_SSP3
1008,3.0,2165.0,0.011919062062183627,pulse,rcp85,df_mean_output_SSP3
1009,3.0,2166.0,0.01167088566850083,pulse,rcp85,df_mean_output_SSP3
1010,3.0,2167.0,0.011414678225776242,pulse,rcp85,df_mean_output_SSP3
1011,3.0,2168.0,0.011156880760232468,pulse,rcp85,df_mean_output_SSP3
1012,3.0,2169.0,0.010901389738101841,pulse,rcp85,df_mean_output_SSP3
1013,3.0,2170.0,0.010651089192272423,pulse,rcp85,df_mean_output_SSP3
1014,3.0,2171.0,0.01040783160166825,pulse,rcp85,df_mean_output_SSP3
1015,3.0,2172.0,0.01017427778435831,pulse,rcp85,df_mean_output_SSP3
1016,3.0,2173.0,0.00995419506612194,pulse,rcp85,df_mean_output_SSP3
1017,3.0,2174.0,0.009741599828920755,pulse,rcp85,df_mean_output_SSP3
1018,3.0,2175.0,0.009534808166648645,pulse,rcp85,df_mean_output_SSP3
1019,3.0,2176.0,0.009329756638724263,pulse,rcp85,df_mean_output_SSP3
1020,3.0,2177.0,0.009123017479652162,pulse,rcp85,df_mean_output_SSP3
1021,3.0,2178.0,0.008914792618487155,pulse,rcp85,df_mean_output_SSP3
1022,3.0,2179.0,0.008708606022018728,pulse,rcp85,df_mean_output_SSP3
1023,3.0,2180.0,0.008504827876258503,pulse,rcp85,df_mean_output_SSP3
1024,3.0,2181.0,0.008305285236978932,pulse,rcp85,df_mean_output_SSP3
1025,3.0,2182.0,0.008110118543243061,pulse,rcp85,df_mean_output_SSP3
1026,3.0,2183.0,0.007920217795437168,pulse,rcp85,df_mean_output_SSP3
1027,3.0,2184.0,0.0077365141546899,pulse,rcp85,df_mean_output_SSP3
1028,3.0,2185.0,0.007560178464082412,pulse,rcp85,df_mean_output_SSP3
1029,3.0,2186.0,0.007393490095299882,pulse,rcp85,df_mean_output_SSP3
1030,3.0,2187.0,0.007229674300273103,pulse,rcp85,df_mean_output_SSP3
1031,3.0,2188.0,0.007069607339442285,pulse,rcp85,df_mean_output_SSP3
1032,3.0,2189.0,0.006912621665279062,pulse,rcp85,df_mean_output_SSP3
1033,3.0,2190.0,0.006753953919989897,pulse,rcp85,df_mean_output_SSP3
1034,3.0,2191.0,0.006595464332161072,pulse,rcp85,df_mean_output_SSP3
1035,3.0,2192.0,0.00643917653649595,pulse,rcp85,df_mean_output_SSP3
1036,3.0,2193.0,0.006286691162916469,pulse,rcp85,df_mean_output_SSP3
1037,3.0,2194.0,0.006138209760973012,pulse,rcp85,df_mean_output_SSP3
1038,3.0,2195.0,0.0059949197072164395,pulse,rcp85,df_mean_output_SSP3
1039,3.0,2196.0,0.005859073474773879,pulse,rcp85,df_mean_output_SSP3
1040,3.0,2197.0,0.00572949835738612,pulse,rcp85,df_mean_output_SSP3
1041,3.0,2198.0,0.0056033717982337805,pulse,rcp85,df_mean_output_SSP3
1042,3.0,2199.0,0.005477206384934874,pulse,rcp85,df_mean_output_SSP3
1043,3.0,2200.0,0.005350917717954928,pulse,rcp85,df_mean_output_SSP3
1044,3.0,2201.0,0.005223999756491793,pulse,rcp85,df_mean_output_SSP3
1045,3.0,2202.0,0.005099187622054302,pulse,rcp85,df_mean_output_SSP3
1046,3.0,2203.0,0.004976933463570532,pulse,rcp85,df_mean_output_SSP3
1047,3.0,2204.0,0.004856651239538934,pulse,rcp85,df_mean_output_SSP3
1048,3.0,2205.0,0.004739489759419513,pulse,rcp85,df_mean_output_SSP3
1049,3.0,2206.0,0.00462518643575649,pulse,rcp85,df_mean_output_SSP3
1050,3.0,2207.0,0.00451489526944826,pulse,rcp85,df_mean_output_SSP3
1051,3.0,2208.0,0.004409369257437845,pulse,rcp85,df_mean_output_SSP3
1052,3.0,2209.0,0.004308063573770227,pulse,rcp85,df_mean_output_SSP3
1053,3.0,2210.0,0.004209890462306021,pulse,rcp85,df_mean_output_SSP3
1054,3.0,2211.0,0.00411308723903403,pulse,rcp85,df_mean_output_SSP3
1055,3.0,2212.0,0.004017741675905739,pulse,rcp85,df_mean_output_SSP3
1056,3.0,2213.0,0.003922851595863364,pulse,rcp85,df_mean_output_SSP3
1057,3.0,2214.0,0.0038294308780102426,pulse,rcp85,df_mean_output_SSP3
1058,3.0,2215.0,0.0037364980777301326,pulse,rcp85,df_mean_output_SSP3
1059,3.0,2216.0,0.0036453208141455917,pulse,rcp85,df_mean_output_SSP3
1060,3.0,2217.0,0.00355692581302236,pulse,rcp85,df_mean_output_SSP3
1061,3.0,2218.0,0.003471350772210613,pulse,rcp85,df_mean_output_SSP3
1062,3.0,2219.0,0.0033894802896661247,pulse,rcp85,df_mean_output_SSP3
1063,3.0,2220.0,0.0033114671395573225,pulse,rcp85,df_mean_output_SSP3
1064,3.0,2221.0,0.003236169109621656,pulse,rcp85,df_mean_output_SSP3
1065,3.0,2222.0,0.0031639095952726848,pulse,rcp85,df_mean_output_SSP3
1066,3.0,2223.0,0.0030913860166972285,pulse,rcp85,df_mean_output_SSP3
1067,3.0,2224.0,0.003018510900563598,pulse,rcp85,df_mean_output_SSP3
1068,3.0,2225.0,0.002946059743036855,pulse,rcp85,df_mean_output_SSP3
1069,3.0,2226.0,0.0028741107333907223,pulse,rcp85,df_mean_output_SSP3
1070,3.0,2227.0,0.002804076543158729,pulse,rcp85,df_mean_output_SSP3
1071,3.0,2228.0,0.0027356478554505514,pulse,rcp85,df_mean_output_SSP3
1072,3.0,2229.0,0.002669970155656287,pulse,rcp85,df_mean_output_SSP3
1073,3.0,2230.0,0.0026074853398316833,pulse,rcp85,df_mean_output_SSP3
1074,3.0,2231.0,0.002547223818694988,pulse,rcp85,df_mean_output_SSP3
1075,3.0,2232.0,0.002488246733847177,pulse,rcp85,df_mean_output_SSP3
1076,3.0,2233.0,0.002430842642022313,pulse,rcp85,df_mean_output_SSP3
1077,3.0,2234.0,0.00237384986584388,pulse,rcp85,df_mean_output_SSP3
1078,3.0,2235.0,0.0023175758583295902,pulse,rcp85,df_mean_output_SSP3
1079,3.0,2236.0,0.0022615784323800625,pulse,rcp85,df_mean_output_SSP3
1080,3.0,2237.0,0.0022068095360623374,pulse,rcp85,df_mean_output_SSP3
1081,3.0,2238.0,0.002153435818879501,pulse,rcp85,df_mean_output_SSP3
1082,3.0,2239.0,0.0021017316242204487,pulse,rcp85,df_mean_output_SSP3
1083,3.0,2240.0,0.002052038650568022,pulse,rcp85,df_mean_output_SSP3
1084,3.0,2241.0,0.002004296319260135,pulse,rcp85,df_mean_output_SSP3
1085,3.0,2242.0,0.001958115076957867,pulse,rcp85,df_mean_output_SSP3
1086,3.0,2243.0,0.0019123656427701974,pulse,rcp85,df_mean_output_SSP3
1087,3.0,2244.0,0.001866974162750168,pulse,rcp85,df_mean_output_SSP3
1088,3.0,2245.0,0.0018214988793481268,pulse,rcp85,df_mean_output_SSP3
1089,3.0,2246.0,0.0017762735395745466,pulse,rcp85,df_mean_output_SSP3
1090,3.0,2247.0,0.0017319580723853534,pulse,rcp85,df_mean_output_SSP3
1091,3.0,2248.0,0.001688431641982291,pulse,rcp85,df_mean_output_SSP3
1092,3.0,2249.0,0.0016459544382660951,pulse,rcp85,df_mean_output_SSP3
1093,3.0,2250.0,0.0016045780987621328,pulse,rcp85,df_mean_output_SSP3
1094,3.0,2251.0,0.0015644405231078906,pulse,rcp85,df_mean_output_SSP3
1095,3.0,2252.0,0.00152578085837618,pulse,rcp85,df_mean_output_SSP3
1096,3.0,2253.0,0.0014887510680097193,pulse,rcp85,df_mean_output_SSP3
1097,3.0,2254.0,0.0014531975648104378,pulse,rcp85,df_mean_output_SSP3
1098,3.0,2255.0,0.0014183365781468282,pulse,rcp85,df_mean_output_SSP3
1099,3.0,2256.0,0.0013842588827692737,pulse,rcp85,df_mean_output_SSP3
1100,3.0,2257.0,0.0013506543530414916,pulse,rcp85,df_mean_output_SSP3
1101,3.0,2258.0,0.0013173054928019567,pulse,rcp85,df_mean_output_SSP3
1102,3.0,2259.0,0.0012844937507994203,pulse,rcp85,df_mean_output_SSP3
1103,3.0,2260.0,0.001252001886454579,pulse,rcp85,df_mean_output_SSP3
1104,3.0,2261.0,0.001220231078762346,pulse,rcp85,df_mean_output_SSP3
1105,3.0,2262.0,0.0011894480224077242,pulse,rcp85,df_mean_output_SSP3
1106,3.0,2263.0,0.001159650970224746,pulse,rcp85,df_mean_output_SSP3
1107,3.0,2264.0,0.001131138410403132,pulse,rcp85,df_mean_output_SSP3
1108,3.0,2265.0,0.0011039144902174058,pulse,rcp85,df_mean_output_SSP3
1109,3.0,2266.0,0.0010776182091207787,pulse,rcp85,df_mean_output_SSP3
1110,3.0,2267.0,0.001052107333790353,pulse,rcp85,df_mean_output_SSP3
1111,3.0,2268.0,0.0010264221919120686,pulse,rcp85,df_mean_output_SSP3
1112,3.0,2269.0,0.0010008785668391695,pulse,rcp85,df_mean_output_SSP3
1113,3.0,2270.0,0.0009754946360329697,pulse,rcp85,df_mean_output_SSP3
1114,3.0,2271.0,0.000950574399263715,pulse,rcp85,df_mean_output_SSP3
1115,3.0,2272.0,0.0009261620906180212,pulse,rcp85,df_mean_output_SSP3
1116,3.0,2273.0,0.0009025187393083556,pulse,rcp85,df_mean_output_SSP3
1117,3.0,2274.0,0.0008798648158734323,pulse,rcp85,df_mean_output_SSP3
1118,3.0,2275.0,0.000858190736629183,pulse,rcp85,df_mean_output_SSP3
1119,3.0,2276.0,0.0008372421540530084,pulse,rcp85,df_mean_output_SSP3
1120,3.0,2277.0,0.0008166588646068007,pulse,rcp85,df_mean_output_SSP3
1121,3.0,2278.0,0.0007964277836047806,pulse,rcp85,df_mean_output_SSP3
1122,3.0,2279.0,0.0007764302944615054,pulse,rcp85,df_mean_output_SSP3
1123,3.0,2280.0,0.0007565840054368778,pulse,rcp85,df_mean_output_SSP3
1124,3.0,2281.0,0.0007371420977517751,pulse,rcp85,df_mean_output_SSP3
1125,3.0,2282.0,0.0007182237804475022,pulse,rcp85,df_mean_output_SSP3
1126,3.0,2283.0,0.0006998358438305985,pulse,rcp85,df_mean_output_SSP3
1127,3.0,2284.0,0.0006821353944461706,pulse,rcp85,df_mean_output_SSP3
1128,3.0,2285.0,0.0006652596104275155,pulse,rcp85,df_mean_output_SSP3
1129,3.0,2286.0,0.0006491005127280403,pulse,rcp85,df_mean_output_SSP3
1130,3.0,2287.0,0.0006333042801629496,pulse,rcp85,df_mean_output_SSP3
1131,3.0,2288.0,0.0006177370159456963,pulse,rcp85,df_mean_output_SSP3
1132,3.0,2289.0,0.0006020443630743166,pulse,rcp85,df_mean_output_SSP3
1133,3.0,2290.0,0.0005866702410823876,pulse,rcp85,df_mean_output_SSP3
1134,3.0,2291.0,0.0005715215247086292,pulse,rcp85,df_mean_output_SSP3
1135,3.0,2292.0,0.0005566592210617394,pulse,rcp85,df_mean_output_SSP3
1136,3.0,2293.0,0.0005421766000135442,pulse,rcp85,df_mean_output_SSP3
1137,3.0,2294.0,0.0005282180083754362,pulse,rcp85,df_mean_output_SSP3
1138,3.0,2295.0,0.0005149224924547724,pulse,rcp85,df_mean_output_SSP3
1139,3.0,2296.0,0.0005021543649634808,pulse,rcp85,df_mean_output_SSP3
1140,3.0,2297.0,0.0004898616524364741,pulse,rcp85,df_mean_output_SSP3
1141,3.0,2298.0,0.000477763646725915,pulse,rcp85,df_mean_output_SSP3
1142,3.0,2299.0,0.0004657042670546119,pulse,rcp85,df_mean_output_SSP3
1143,3.0,2300.0,0.00045362994346787033,pulse,rcp85,df_mean_output_SSP3
1144,5.0,2015.0,0.0,pulse,rcp85,df_mean_output_SSP3
1145,5.0,2016.0,0.0,pulse,rcp85,df_mean_output_SSP3
1146,5.0,2017.0,0.0,pulse,rcp85,df_mean_output_SSP3
1147,5.0,2018.0,0.0,pulse,rcp85,df_mean_output_SSP3
1148,5.0,2019.0,0.0,pulse,rcp85,df_mean_output_SSP3
1149,5.0,2020.0,-0.000281960641939083,pulse,rcp85,df_mean_output_SSP3
1150,5.0,2021.0,0.0015049077312205839,pulse,rcp85,df_mean_output_SSP3
1151,5.0,2022.0,-0.0006255811488959928,pulse,rcp85,df_mean_output_SSP3
1152,5.0,2023.0,0.00022885984677500915,pulse,rcp85,df_mean_output_SSP3
1153,5.0,2024.0,0.003107221826288864,pulse,rcp85,df_mean_output_SSP3
1154,5.0,2025.0,0.006968346242411272,pulse,rcp85,df_mean_output_SSP3
1155,5.0,2026.0,0.0038092142934536,pulse,rcp85,df_mean_output_SSP3
1156,5.0,2027.0,0.006864793380787049,pulse,rcp85,df_mean_output_SSP3
1157,5.0,2028.0,0.01129749837876659,pulse,rcp85,df_mean_output_SSP3
1158,5.0,2029.0,0.011219421518026351,pulse,rcp85,df_mean_output_SSP3
1159,5.0,2030.0,0.007566081028953953,pulse,rcp85,df_mean_output_SSP3
1160,5.0,2031.0,0.016166454829591892,pulse,rcp85,df_mean_output_SSP3
1161,5.0,2032.0,0.01987737113640442,pulse,rcp85,df_mean_output_SSP3
1162,5.0,2033.0,0.019409768171033903,pulse,rcp85,df_mean_output_SSP3
1163,5.0,2034.0,0.01895435836823367,pulse,rcp85,df_mean_output_SSP3
1164,5.0,2035.0,0.023044963345853375,pulse,rcp85,df_mean_output_SSP3
1165,5.0,2036.0,0.021817193308528715,pulse,rcp85,df_mean_output_SSP3
1166,5.0,2037.0,0.021174315531139243,pulse,rcp85,df_mean_output_SSP3
1167,5.0,2038.0,0.0213338697937413,pulse,rcp85,df_mean_output_SSP3
1168,5.0,2039.0,0.02015262690014552,pulse,rcp85,df_mean_output_SSP3
1169,5.0,2040.0,0.01734016431591634,pulse,rcp85,df_mean_output_SSP3
1170,5.0,2041.0,0.01613835812008979,pulse,rcp85,df_mean_output_SSP3
1171,5.0,2042.0,0.016998944124276605,pulse,rcp85,df_mean_output_SSP3
1172,5.0,2043.0,0.017155107985546536,pulse,rcp85,df_mean_output_SSP3
1173,5.0,2044.0,0.01851139571568261,pulse,rcp85,df_mean_output_SSP3
1174,5.0,2045.0,0.019189554009438226,pulse,rcp85,df_mean_output_SSP3
1175,5.0,2046.0,0.01917434204803392,pulse,rcp85,df_mean_output_SSP3
1176,5.0,2047.0,0.019626021594429943,pulse,rcp85,df_mean_output_SSP3
1177,5.0,2048.0,0.019843176340641477,pulse,rcp85,df_mean_output_SSP3
1178,5.0,2049.0,0.020359566504057014,pulse,rcp85,df_mean_output_SSP3
1179,5.0,2050.0,0.020089788148517584,pulse,rcp85,df_mean_output_SSP3
1180,5.0,2051.0,0.020432361217324058,pulse,rcp85,df_mean_output_SSP3
1181,5.0,2052.0,0.020100176943941506,pulse,rcp85,df_mean_output_SSP3
1182,5.0,2053.0,0.01934439900282925,pulse,rcp85,df_mean_output_SSP3
1183,5.0,2054.0,0.018460359302874707,pulse,rcp85,df_mean_output_SSP3
1184,5.0,2055.0,0.019235163473254602,pulse,rcp85,df_mean_output_SSP3
1185,5.0,2056.0,0.018841386752757927,pulse,rcp85,df_mean_output_SSP3
1186,5.0,2057.0,0.018538148199166216,pulse,rcp85,df_mean_output_SSP3
1187,5.0,2058.0,0.019195190845298526,pulse,rcp85,df_mean_output_SSP3
1188,5.0,2059.0,0.019146113100781292,pulse,rcp85,df_mean_output_SSP3
1189,5.0,2060.0,0.018438905506798164,pulse,rcp85,df_mean_output_SSP3
1190,5.0,2061.0,0.018389549624163948,pulse,rcp85,df_mean_output_SSP3
1191,5.0,2062.0,0.017898070715062886,pulse,rcp85,df_mean_output_SSP3
1192,5.0,2063.0,0.01681027935626389,pulse,rcp85,df_mean_output_SSP3
1193,5.0,2064.0,0.01628915910777451,pulse,rcp85,df_mean_output_SSP3
1194,5.0,2065.0,0.01603401440167218,pulse,rcp85,df_mean_output_SSP3
1195,5.0,2066.0,0.015499842277446163,pulse,rcp85,df_mean_output_SSP3
1196,5.0,2067.0,0.015421302273392001,pulse,rcp85,df_mean_output_SSP3
1197,5.0,2068.0,0.015361595707737763,pulse,rcp85,df_mean_output_SSP3
1198,5.0,2069.0,0.015401838895911624,pulse,rcp85,df_mean_output_SSP3
1199,5.0,2070.0,0.015165246965445078,pulse,rcp85,df_mean_output_SSP3
1200,5.0,2071.0,0.01473441462060876,pulse,rcp85,df_mean_output_SSP3
1201,5.0,2072.0,0.014410425513762704,pulse,rcp85,df_mean_output_SSP3
1202,5.0,2073.0,0.014015184974539352,pulse,rcp85,df_mean_output_SSP3
1203,5.0,2074.0,0.013738689726231712,pulse,rcp85,df_mean_output_SSP3
1204,5.0,2075.0,0.013518035502862347,pulse,rcp85,df_mean_output_SSP3
1205,5.0,2076.0,0.013084309149896,pulse,rcp85,df_mean_output_SSP3
1206,5.0,2077.0,0.012871291907494253,pulse,rcp85,df_mean_output_SSP3
1207,5.0,2078.0,0.012831677327774571,pulse,rcp85,df_mean_output_SSP3
1208,5.0,2079.0,0.012558518868399204,pulse,rcp85,df_mean_output_SSP3
1209,5.0,2080.0,0.012193721066307006,pulse,rcp85,df_mean_output_SSP3
1210,5.0,2081.0,0.012189629086773124,pulse,rcp85,df_mean_output_SSP3
1211,5.0,2082.0,0.011897723616907996,pulse,rcp85,df_mean_output_SSP3
1212,5.0,2083.0,0.011600525158408814,pulse,rcp85,df_mean_output_SSP3
1213,5.0,2084.0,0.011306529573078095,pulse,rcp85,df_mean_output_SSP3
1214,5.0,2085.0,0.0109665073625127,pulse,rcp85,df_mean_output_SSP3
1215,5.0,2086.0,0.010570024223364172,pulse,rcp85,df_mean_output_SSP3
1216,5.0,2087.0,0.010281939033182752,pulse,rcp85,df_mean_output_SSP3
1217,5.0,2088.0,0.00995820319756291,pulse,rcp85,df_mean_output_SSP3
1218,5.0,2089.0,0.009690350032814266,pulse,rcp85,df_mean_output_SSP3
1219,5.0,2090.0,0.009550947160313683,pulse,rcp85,df_mean_output_SSP3
1220,5.0,2091.0,0.009386697262188548,pulse,rcp85,df_mean_output_SSP3
1221,5.0,2092.0,0.009184688622500659,pulse,rcp85,df_mean_output_SSP3
1222,5.0,2093.0,0.009011535665411685,pulse,rcp85,df_mean_output_SSP3
1223,5.0,2094.0,0.008743951807138828,pulse,rcp85,df_mean_output_SSP3
1224,5.0,2095.0,0.008438332239663282,pulse,rcp85,df_mean_output_SSP3
1225,5.0,2096.0,0.008162547237777318,pulse,rcp85,df_mean_output_SSP3
1226,5.0,2097.0,0.007925448980412142,pulse,rcp85,df_mean_output_SSP3
1227,5.0,2098.0,0.007597805585852768,pulse,rcp85,df_mean_output_SSP3
1228,5.0,2099.0,0.007364544595139577,pulse,rcp85,df_mean_output_SSP3
1229,5.0,2100.0,0.007248095757731221,pulse,rcp85,df_mean_output_SSP3
1230,5.0,2101.0,0.00704453993621712,pulse,rcp85,df_mean_output_SSP3
1231,5.0,2102.0,0.006841094666620862,pulse,rcp85,df_mean_output_SSP3
1232,5.0,2103.0,0.00663890367057185,pulse,rcp85,df_mean_output_SSP3
1233,5.0,2104.0,0.006436218452595455,pulse,rcp85,df_mean_output_SSP3
1234,5.0,2105.0,0.006231822195722714,pulse,rcp85,df_mean_output_SSP3
1235,5.0,2106.0,0.006030224887158653,pulse,rcp85,df_mean_output_SSP3
1236,5.0,2107.0,0.005832677594369784,pulse,rcp85,df_mean_output_SSP3
1237,5.0,2108.0,0.005641584906653563,pulse,rcp85,df_mean_output_SSP3
1238,5.0,2109.0,0.005458079768917656,pulse,rcp85,df_mean_output_SSP3
1239,5.0,2110.0,0.005284253759565871,pulse,rcp85,df_mean_output_SSP3
1240,5.0,2111.0,0.005122919726032293,pulse,rcp85,df_mean_output_SSP3
1241,5.0,2112.0,0.004962968287415492,pulse,rcp85,df_mean_output_SSP3
1242,5.0,2113.0,0.004805276186687024,pulse,rcp85,df_mean_output_SSP3
1243,5.0,2114.0,0.004645513232397036,pulse,rcp85,df_mean_output_SSP3
1244,5.0,2115.0,0.004488694377979385,pulse,rcp85,df_mean_output_SSP3
1245,5.0,2116.0,0.004332968230285061,pulse,rcp85,df_mean_output_SSP3
1246,5.0,2117.0,0.004181080307457563,pulse,rcp85,df_mean_output_SSP3
1247,5.0,2118.0,0.004033773851439548,pulse,rcp85,df_mean_output_SSP3
1248,5.0,2119.0,0.0038920098726045183,pulse,rcp85,df_mean_output_SSP3
1249,5.0,2120.0,0.0037580259677616468,pulse,rcp85,df_mean_output_SSP3
1250,5.0,2121.0,0.0036319425951178985,pulse,rcp85,df_mean_output_SSP3
1251,5.0,2122.0,0.0035124808482533965,pulse,rcp85,df_mean_output_SSP3
1252,5.0,2123.0,0.00339227599472558,pulse,rcp85,df_mean_output_SSP3
1253,5.0,2124.0,0.003275420303405774,pulse,rcp85,df_mean_output_SSP3
1254,5.0,2125.0,0.003158426117743751,pulse,rcp85,df_mean_output_SSP3
1255,5.0,2126.0,0.003042775325805991,pulse,rcp85,df_mean_output_SSP3
1256,5.0,2127.0,0.0029304976890811574,pulse,rcp85,df_mean_output_SSP3
1257,5.0,2128.0,0.0028218004637379224,pulse,rcp85,df_mean_output_SSP3
1258,5.0,2129.0,0.0027177614813025386,pulse,rcp85,df_mean_output_SSP3
1259,5.0,2130.0,0.002619446999618802,pulse,rcp85,df_mean_output_SSP3
1260,5.0,2131.0,0.0025286063684752946,pulse,rcp85,df_mean_output_SSP3
1261,5.0,2132.0,0.0024401429382434614,pulse,rcp85,df_mean_output_SSP3
1262,5.0,2133.0,0.0023542634828324083,pulse,rcp85,df_mean_output_SSP3
1263,5.0,2134.0,0.0022689372466553337,pulse,rcp85,df_mean_output_SSP3
1264,5.0,2135.0,0.0021842526588642386,pulse,rcp85,df_mean_output_SSP3
1265,5.0,2136.0,0.0021005760245911276,pulse,rcp85,df_mean_output_SSP3
1266,5.0,2137.0,0.0020198493250358496,pulse,rcp85,df_mean_output_SSP3
1267,5.0,2138.0,0.001941987663592215,pulse,rcp85,df_mean_output_SSP3
1268,5.0,2139.0,0.0018671856794894026,pulse,rcp85,df_mean_output_SSP3
1269,5.0,2140.0,0.0017956852688820746,pulse,rcp85,df_mean_output_SSP3
1270,5.0,2141.0,0.0017280938723924777,pulse,rcp85,df_mean_output_SSP3
1271,5.0,2142.0,0.001663863793056386,pulse,rcp85,df_mean_output_SSP3
1272,5.0,2143.0,0.0016016718746456604,pulse,rcp85,df_mean_output_SSP3
1273,5.0,2144.0,0.0015415850653788254,pulse,rcp85,df_mean_output_SSP3
1274,5.0,2145.0,0.0014831653284073099,pulse,rcp85,df_mean_output_SSP3
1275,5.0,2146.0,0.0014258643016864525,pulse,rcp85,df_mean_output_SSP3
1276,5.0,2147.0,0.00137060418442303,pulse,rcp85,df_mean_output_SSP3
1277,5.0,2148.0,0.0013169320707238086,pulse,rcp85,df_mean_output_SSP3
1278,5.0,2149.0,0.0012651361560598318,pulse,rcp85,df_mean_output_SSP3
1279,5.0,2150.0,0.0012153052485812665,pulse,rcp85,df_mean_output_SSP3
1280,5.0,2151.0,0.0011674786389574976,pulse,rcp85,df_mean_output_SSP3
1281,5.0,2152.0,0.0011221076327045942,pulse,rcp85,df_mean_output_SSP3
1282,5.0,2153.0,0.0010794031035170626,pulse,rcp85,df_mean_output_SSP3
1283,5.0,2154.0,0.0010387129189677324,pulse,rcp85,df_mean_output_SSP3
1284,5.0,2155.0,0.0009990166586102411,pulse,rcp85,df_mean_output_SSP3
1285,5.0,2156.0,0.000960326010175816,pulse,rcp85,df_mean_output_SSP3
1286,5.0,2157.0,0.0009224582023832362,pulse,rcp85,df_mean_output_SSP3
1287,5.0,2158.0,0.0008853868565004142,pulse,rcp85,df_mean_output_SSP3
1288,5.0,2159.0,0.0008493910471907284,pulse,rcp85,df_mean_output_SSP3
1289,5.0,2160.0,0.0008147429954470375,pulse,rcp85,df_mean_output_SSP3
1290,5.0,2161.0,0.0007816641105149458,pulse,rcp85,df_mean_output_SSP3
1291,5.0,2162.0,0.000750364067313658,pulse,rcp85,df_mean_output_SSP3
1292,5.0,2163.0,0.0007209780597978721,pulse,rcp85,df_mean_output_SSP3
1293,5.0,2164.0,0.0006931762777995232,pulse,rcp85,df_mean_output_SSP3
1294,5.0,2165.0,0.0006659335976100245,pulse,rcp85,df_mean_output_SSP3
1295,5.0,2166.0,0.000639647321334369,pulse,rcp85,df_mean_output_SSP3
1296,5.0,2167.0,0.0006136890439654152,pulse,rcp85,df_mean_output_SSP3
1297,5.0,2168.0,0.0005884037254091368,pulse,rcp85,df_mean_output_SSP3
1298,5.0,2169.0,0.0005639783262381126,pulse,rcp85,df_mean_output_SSP3
1299,5.0,2170.0,0.0005405333507331189,pulse,rcp85,df_mean_output_SSP3
1300,5.0,2171.0,0.0005181275148398168,pulse,rcp85,df_mean_output_SSP3
1301,5.0,2172.0,0.0004968529990012627,pulse,rcp85,df_mean_output_SSP3
1302,5.0,2173.0,0.00047684627836841464,pulse,rcp85,df_mean_output_SSP3
1303,5.0,2174.0,0.0004577733030630693,pulse,rcp85,df_mean_output_SSP3
1304,5.0,2175.0,0.00043952143642456143,pulse,rcp85,df_mean_output_SSP3
1305,5.0,2176.0,0.0004218774796815872,pulse,rcp85,df_mean_output_SSP3
1306,5.0,2177.0,0.0004046713515493128,pulse,rcp85,df_mean_output_SSP3
1307,5.0,2178.0,0.00038790298654944877,pulse,rcp85,df_mean_output_SSP3
1308,5.0,2179.0,0.0003717135970959795,pulse,rcp85,df_mean_output_SSP3
1309,5.0,2180.0,0.00035610105344963117,pulse,rcp85,df_mean_output_SSP3
1310,5.0,2181.0,0.0003411223759441917,pulse,rcp85,df_mean_output_SSP3
1311,5.0,2182.0,0.0003267614264721441,pulse,rcp85,df_mean_output_SSP3
1312,5.0,2183.0,0.00031303192431941795,pulse,rcp85,df_mean_output_SSP3
1313,5.0,2184.0,0.0002999471617710636,pulse,rcp85,df_mean_output_SSP3
1314,5.0,2185.0,0.00028752751140848076,pulse,rcp85,df_mean_output_SSP3
1315,5.0,2186.0,0.00027583208295922645,pulse,rcp85,df_mean_output_SSP3
1316,5.0,2187.0,0.0002645830033003449,pulse,rcp85,df_mean_output_SSP3
1317,5.0,2188.0,0.00025379696699856513,pulse,rcp85,df_mean_output_SSP3
1318,5.0,2189.0,0.0002434343438343367,pulse,rcp85,df_mean_output_SSP3
1319,5.0,2190.0,0.00023331629934830733,pulse,rcp85,df_mean_output_SSP3
1320,5.0,2191.0,0.0002235014205721475,pulse,rcp85,df_mean_output_SSP3
1321,5.0,2192.0,0.0002140489832845871,pulse,rcp85,df_mean_output_SSP3
1322,5.0,2193.0,0.00020499954115915653,pulse,rcp85,df_mean_output_SSP3
1323,5.0,2194.0,0.0001963452567589341,pulse,rcp85,df_mean_output_SSP3
1324,5.0,2195.0,0.00018810917776468372,pulse,rcp85,df_mean_output_SSP3
1325,5.0,2196.0,0.0001803447417320081,pulse,rcp85,df_mean_output_SSP3
1326,5.0,2197.0,0.00017299719634977784,pulse,rcp85,df_mean_output_SSP3
1327,5.0,2198.0,0.0001659662691059216,pulse,rcp85,df_mean_output_SSP3
1328,5.0,2199.0,0.00015913929238664526,pulse,rcp85,df_mean_output_SSP3
1329,5.0,2200.0,0.00015250866354821202,pulse,rcp85,df_mean_output_SSP3
1330,5.0,2201.0,0.00014605529834044173,pulse,rcp85,df_mean_output_SSP3
1331,5.0,2202.0,0.00013985019803741672,pulse,rcp85,df_mean_output_SSP3
1332,5.0,2203.0,0.00013389731062496413,pulse,rcp85,df_mean_output_SSP3
1333,5.0,2204.0,0.0001281725021488045,pulse,rcp85,df_mean_output_SSP3
1334,5.0,2205.0,0.0001226979932807959,pulse,rcp85,df_mean_output_SSP3
1335,5.0,2206.0,0.00011745811845242926,pulse,rcp85,df_mean_output_SSP3
1336,5.0,2207.0,0.0001124732909064119,pulse,rcp85,df_mean_output_SSP3
1337,5.0,2208.0,0.0001077521929095937,pulse,rcp85,df_mean_output_SSP3
1338,5.0,2209.0,0.00010327130777998406,pulse,rcp85,df_mean_output_SSP3
1339,5.0,2210.0,9.899569179294687e-05,pulse,rcp85,df_mean_output_SSP3
1340,5.0,2211.0,9.487708774585935e-05,pulse,rcp85,df_mean_output_SSP3
1341,5.0,2212.0,9.091244966386025e-05,pulse,rcp85,df_mean_output_SSP3
1342,5.0,2213.0,8.707453312883917e-05,pulse,rcp85,df_mean_output_SSP3
1343,5.0,2214.0,8.338183264677834e-05,pulse,rcp85,df_mean_output_SSP3
1344,5.0,2215.0,7.98086363338335e-05,pulse,rcp85,df_mean_output_SSP3
1345,5.0,2216.0,7.637809251892502e-05,pulse,rcp85,df_mean_output_SSP3
1346,5.0,2217.0,7.310646517139086e-05,pulse,rcp85,df_mean_output_SSP3
1347,5.0,2218.0,6.998861579776694e-05,pulse,rcp85,df_mean_output_SSP3
1348,5.0,2219.0,6.703628556897767e-05,pulse,rcp85,df_mean_output_SSP3
1349,5.0,2220.0,6.424586858500003e-05,pulse,rcp85,df_mean_output_SSP3
1350,5.0,2221.0,6.158910441483867e-05,pulse,rcp85,df_mean_output_SSP3
1351,5.0,2222.0,5.906696713847692e-05,pulse,rcp85,df_mean_output_SSP3
1352,5.0,2223.0,5.661373012000315e-05,pulse,rcp85,df_mean_output_SSP3
1353,5.0,2224.0,5.422620434195058e-05,pulse,rcp85,df_mean_output_SSP3
1354,5.0,2225.0,5.191656295472358e-05,pulse,rcp85,df_mean_output_SSP3
1355,5.0,2226.0,4.968391448373355e-05,pulse,rcp85,df_mean_output_SSP3
1356,5.0,2227.0,4.754995377778681e-05,pulse,rcp85,df_mean_output_SSP3
1357,5.0,2228.0,4.5505967536996206e-05,pulse,rcp85,df_mean_output_SSP3
1358,5.0,2229.0,4.356748525480292e-05,pulse,rcp85,df_mean_output_SSP3
1359,5.0,2230.0,4.173744761051812e-05,pulse,rcp85,df_mean_output_SSP3
1360,5.0,2231.0,3.999622881784015e-05,pulse,rcp85,df_mean_output_SSP3
1361,5.0,2232.0,3.832598325531622e-05,pulse,rcp85,df_mean_output_SSP3
1362,5.0,2233.0,3.672862200362892e-05,pulse,rcp85,df_mean_output_SSP3
1363,5.0,2234.0,3.5184303855240184e-05,pulse,rcp85,df_mean_output_SSP3
1364,5.0,2235.0,3.3695941694084075e-05,pulse,rcp85,df_mean_output_SSP3
1365,5.0,2236.0,3.2255458470853426e-05,pulse,rcp85,df_mean_output_SSP3
1366,5.0,2237.0,3.087481350527721e-05,pulse,rcp85,df_mean_output_SSP3
1367,5.0,2238.0,2.955420961198163e-05,pulse,rcp85,df_mean_output_SSP3
1368,5.0,2239.0,2.829518913716189e-05,pulse,rcp85,df_mean_output_SSP3
1369,5.0,2240.0,2.7099969648336497e-05,pulse,rcp85,df_mean_output_SSP3
1370,5.0,2241.0,2.596528671171272e-05,pulse,rcp85,df_mean_output_SSP3
1371,5.0,2242.0,2.488383600962596e-05,pulse,rcp85,df_mean_output_SSP3
1372,5.0,2243.0,2.38395458363877e-05,pulse,rcp85,df_mean_output_SSP3
1373,5.0,2244.0,2.2830387257297136e-05,pulse,rcp85,df_mean_output_SSP3
1374,5.0,2245.0,2.1850018272220884e-05,pulse,rcp85,df_mean_output_SSP3
1375,5.0,2246.0,2.0901654664381986e-05,pulse,rcp85,df_mean_output_SSP3
1376,5.0,2247.0,1.9991994410176184e-05,pulse,rcp85,df_mean_output_SSP3
1377,5.0,2248.0,1.911833888298964e-05,pulse,rcp85,df_mean_output_SSP3
1378,5.0,2249.0,1.8282366378991055e-05,pulse,rcp85,df_mean_output_SSP3
1379,5.0,2250.0,1.748329897802159e-05,pulse,rcp85,df_mean_output_SSP3
1380,5.0,2251.0,1.6721279516823673e-05,pulse,rcp85,df_mean_output_SSP3
1381,5.0,2252.0,1.5997441758550113e-05,pulse,rcp85,df_mean_output_SSP3
1382,5.0,2253.0,1.531187542984369e-05,pulse,rcp85,df_mean_output_SSP3
1383,5.0,2254.0,1.4661516323788426e-05,pulse,rcp85,df_mean_output_SSP3
1384,5.0,2255.0,1.403723128752532e-05,pulse,rcp85,df_mean_output_SSP3
1385,5.0,2256.0,1.3439013714817982e-05,pulse,rcp85,df_mean_output_SSP3
1386,5.0,2257.0,1.2862998717694252e-05,pulse,rcp85,df_mean_output_SSP3
1387,5.0,2258.0,1.2306439814133152e-05,pulse,rcp85,df_mean_output_SSP3
1388,5.0,2259.0,1.1771338557883815e-05,pulse,rcp85,df_mean_output_SSP3
1389,5.0,2260.0,1.1255032771460838e-05,pulse,rcp85,df_mean_output_SSP3
1390,5.0,2261.0,1.076048356117576e-05,pulse,rcp85,df_mean_output_SSP3
1391,5.0,2262.0,1.028923533473447e-05,pulse,rcp85,df_mean_output_SSP3
1392,5.0,2263.0,9.840402286180605e-06,pulse,rcp85,df_mean_output_SSP3
1393,5.0,2264.0,9.415626732768578e-06,pulse,rcp85,df_mean_output_SSP3
1394,5.0,2265.0,9.013985244846201e-06,pulse,rcp85,df_mean_output_SSP3
1395,5.0,2266.0,8.631658619293048e-06,pulse,rcp85,df_mean_output_SSP3
1396,5.0,2267.0,8.266797661964087e-06,pulse,rcp85,df_mean_output_SSP3
1397,5.0,2268.0,7.911361306692233e-06,pulse,rcp85,df_mean_output_SSP3
1398,5.0,2269.0,7.5675360857868634e-06,pulse,rcp85,df_mean_output_SSP3
1399,5.0,2270.0,7.235123066003102e-06,pulse,rcp85,df_mean_output_SSP3
1400,5.0,2271.0,6.916001461507171e-06,pulse,rcp85,df_mean_output_SSP3
1401,5.0,2272.0,6.61003697553092e-06,pulse,rcp85,df_mean_output_SSP3
1402,5.0,2273.0,6.318602601623063e-06,pulse,rcp85,df_mean_output_SSP3
1403,5.0,2274.0,6.042667406325891e-06,pulse,rcp85,df_mean_output_SSP3
1404,5.0,2275.0,5.781552685366065e-06,pulse,rcp85,df_mean_output_SSP3
1405,5.0,2276.0,5.532987348493695e-06,pulse,rcp85,df_mean_output_SSP3
1406,5.0,2277.0,5.29416164083904e-06,pulse,rcp85,df_mean_output_SSP3
1407,5.0,2278.0,5.0646663963642424e-06,pulse,rcp85,df_mean_output_SSP3
1408,5.0,2279.0,4.843450213089934e-06,pulse,rcp85,df_mean_output_SSP3
1409,5.0,2280.0,4.629749028088603e-06,pulse,rcp85,df_mean_output_SSP3
1410,5.0,2281.0,4.42485896846867e-06,pulse,rcp85,df_mean_output_SSP3
1411,5.0,2282.0,4.22917761828262e-06,pulse,rcp85,df_mean_output_SSP3
1412,5.0,2283.0,4.042409002674718e-06,pulse,rcp85,df_mean_output_SSP3
1413,5.0,2284.0,3.865116427456683e-06,pulse,rcp85,df_mean_output_SSP3
1414,5.0,2285.0,3.697694937198487e-06,pulse,rcp85,df_mean_output_SSP3
1415,5.0,2286.0,3.5391567603758334e-06,pulse,rcp85,df_mean_output_SSP3
1416,5.0,2287.0,3.3872573668609907e-06,pulse,rcp85,df_mean_output_SSP3
1417,5.0,2288.0,3.241061890327246e-06,pulse,rcp85,df_mean_output_SSP3
1418,5.0,2289.0,3.098561486461482e-06,pulse,rcp85,df_mean_output_SSP3
1419,5.0,2290.0,2.961921940733067e-06,pulse,rcp85,df_mean_output_SSP3
1420,5.0,2291.0,2.8304798454000663e-06,pulse,rcp85,df_mean_output_SSP3
1421,5.0,2292.0,2.704361898125257e-06,pulse,rcp85,df_mean_output_SSP3
1422,5.0,2293.0,2.5838309519257696e-06,pulse,rcp85,df_mean_output_SSP3
1423,5.0,2294.0,2.4693602654664998e-06,pulse,rcp85,df_mean_output_SSP3
1424,5.0,2295.0,2.3613536838367616e-06,pulse,rcp85,df_mean_output_SSP3
1425,5.0,2296.0,2.258938179084541e-06,pulse,rcp85,df_mean_output_SSP3
1426,5.0,2297.0,2.161665405356339e-06,pulse,rcp85,df_mean_output_SSP3
1427,5.0,2298.0,2.0681215296969313e-06,pulse,rcp85,df_mean_output_SSP3
1428,5.0,2299.0,1.9775209703816465e-06,pulse,rcp85,df_mean_output_SSP3
1429,5.0,2300.0,1.8895592743869288e-06,pulse,rcp85,df_mean_output_SSP3
