temp,no_wgt_comm,no_wgt_low,no_wgt_high,pop_wgt_comm,risk_wgt_low,risk_wgt_high,frac_no_wgt_comm,frac_no_wgt_low,frac_no_wgt_high,frac_pop_wgt_comm,frac_risk_wgt_low,frac_risk_wgt_high
-19.2,2,2,0,5.06608332818e-06,.0000106734987639,0,3.03220826783e-07,3.21771752494e-07,0,5.20007069553e-06,.0000118947659355,0
-17.3,3,3,0,.000014554274927,.0000306637330141,0,4.54831240175e-07,4.82657628742e-07,0,.0000149392052281,.0000341722929828,0
-17.1,1,1,0,2.62646161659e-06,5.53357131139e-06,0,1.51610413392e-07,1.60885876247e-07,0,2.69592606371e-06,6.16672536273e-06,0
-15.8,1,1,0,1.46259403619e-06,3.08147218675e-06,0,1.51610413392e-07,1.60885876247e-07,0,1.50127660648e-06,3.43405580578e-06,0
-15.3,1,1,0,6.74032927620e-07,1.42008900639e-06,0,1.51610413392e-07,1.60885876247e-07,0,6.91859696671e-07,1.58257631469e-06,0
-15,2,2,0,7.13746181366e-06,.0000150375908561,0,3.03220826783e-07,3.21771752494e-07,0,7.32623283381e-06,.0000167581996704,0
-14.3,2,2,0,5.54671754321e-06,.0000116861247079,0,3.03220826783e-07,3.21771752494e-07,0,5.69341668591e-06,.0000130232570564,0
-14,2,2,0,3.31955909558e-06,6.99382690073e-06,0,3.03220826783e-07,3.21771752494e-07,0,3.40735452949e-06,7.79406414127e-06,0
-13.9,2,2,0,2.60242094121e-06,5.48292109670e-06,0,3.03220826783e-07,3.21771752494e-07,0,2.67124956247e-06,6.11027972465e-06,0
-13.7,1,1,0,2.57021854200e-06,5.41507552043e-06,0,1.51610413392e-07,1.60885876247e-07,0,2.63819547678e-06,6.03467122294e-06,0
-13,1,1,0,3.58615456681e-07,7.55550445319e-07,0,1.51610413392e-07,1.60885876247e-07,0,3.68100089645e-07,8.42000912572e-07,0
-12.6,3,3,0,2.53303357102e-06,5.33673244263e-06,0,4.54831240175e-07,4.82657628742e-07,0,2.60002704066e-06,5.94736409023e-06,0
-12.5,1,1,0,5.98573223168e-07,1.26110649035e-06,0,1.51610413392e-07,1.60885876247e-07,0,6.14404239981e-07,1.40540293808e-06,0
-12.4,1,1,0,3.20911217675e-07,6.76113131703e-07,0,1.51610413392e-07,1.60885876247e-07,0,3.29398651937e-07,7.53474341023e-07,0
-12.3,2,2,0,1.29955610558e-06,2.73797513728e-06,0,3.03220826783e-07,3.21771752494e-07,0,1.33392666170e-06,3.05125564874e-06,0
-11.9,1,1,0,4.49534384931e-07,9.47103387716e-07,0,1.51610413392e-07,1.60885876247e-07,0,4.61423634450e-07,1.05547144032e-06,0
-11.7,1,1,0,6.35644286468e-06,.0000133920984808,0,1.51610413392e-07,1.60885876247e-07,0,6.52455755803e-06,.0000149244292184,0
-11.6,4,4,0,8.73079373085e-06,.000018394509425,0,6.06441653566e-07,6.43543504989e-07,0,8.96170506632e-06,.0000204992185738,0
-11.5,4,4,0,.0000106937283314,.0000225301264436,0,6.06441653566e-07,6.43543504989e-07,0,.0000109765552044,.0000251080350007,0
-11.4,3,3,0,3.49494604464e-06,7.36334123985e-06,0,4.54831240175e-07,4.82657628742e-07,0,3.58738009857e-06,8.20585849952e-06,0
-11.2,3,3,0,3.89068552973e-06,8.19710635369e-06,0,4.54831240175e-07,4.82657628742e-07,0,3.99358606997e-06,9.13502344287e-06,0
-10.8,3,3,0,2.76001721863e-06,5.81495373808e-06,0,4.54831240175e-07,4.82657628742e-07,0,2.83301393365e-06,6.48030371018e-06,0
-10.7,9,9,0,.000024971559415,.0000526114336026,0,1.36449372052e-06,1.44797288623e-06,0,.0000256320052245,.000058631260665,0
-10.3,9,6,3,.0000103445466773,.0000160150642614,5.08272823829e-09,1.36449372052e-06,9.65315257483e-07,7.88919364552e-06,.0000106181384219,.0000178475160812,9.14803351404e-08
-10.1,2,2,0,4.37066980930e-06,9.20836373552e-06,0,3.03220826783e-07,3.21771752494e-07,0,4.48626493544e-06,.00001026198941,0
-10,3,3,0,8.30221874199e-06,.0000174915639946,0,4.54831240175e-07,4.82657628742e-07,0,8.52179516038e-06,.0000194929576668,0
-9.9,4,4,0,8.54027690577e-06,.0000179931180355,0,6.06441653566e-07,6.43543504989e-07,0,8.76614946747e-06,.0000200518997769,0
-9.699999999999999,2,2,0,6.80424591153e-06,.0000143355537148,0,3.03220826783e-07,3.21771752494e-07,0,6.98420406411e-06,.0000159758350814,0
-9.6,2,2,0,4.92546176789e-06,.0000103772290458,0,3.03220826783e-07,3.21771752494e-07,0,5.05572998745e-06,.0000115645968852,0
-9.300000000000001,1,1,0,2.38850964095e-06,5.03224146087e-06,0,1.51610413392e-07,1.60885876247e-07,0,2.45168075322e-06,5.60803309506e-06,0
-9.1,6,6,0,.0000234654785773,.0000494383384648,0,9.09662480349e-07,9.65315257483e-07,0,.0000240860916811,.0000550950983635,0
-8.9,10,10,0,.0000167640901117,.0000353194925538,0,1.51610413392e-06,1.60885876247e-06,0,.0000172074654284,.0000393607669032,0
-8.800000000000001,4,4,0,4.22104911518e-06,8.89313469088e-06,0,6.06441653566e-07,6.43543504989e-07,0,4.33268708515e-06,9.91069169734e-06,0
-8.699999999999999,4,4,0,4.86991558635e-06,.0000102602017478,0,6.06441653566e-07,6.43543504989e-07,0,4.99871472493e-06,.000011434179264,0
-8.6,9,9,0,.0000289215157154,.0000609334138062,0,1.36449372052e-06,1.44797288623e-06,0,.0000296864296537,.0000679054460874,0
-8.5,4,4,0,.0000143372098211,.0000302064092921,0,6.06441653566e-07,6.43543504989e-07,0,.0000147163992017,.0000336626420473,0
-8.300000000000001,9,9,0,.0000392950560246,.0000827889489301,0,1.36449372052e-06,1.44797288623e-06,0,.0000403343285288,.0000922617026856,0
-8.199999999999999,5,5,0,4.61566444226e-06,9.72453153736e-06,0,7.58052066958e-07,8.04429381236e-07,0,4.73773916689e-06,.000010837217395,0
-8.1,5,5,0,.0000138840346681,.0000292516351692,0,7.58052066958e-07,8.04429381236e-07,0,.0000142512385084,.0000325986221824,0
-8,4,4,0,.0000172504655123,.0000363442122762,0,6.06441653566e-07,6.43543504989e-07,0,.0000177067044468,.0000405027355788,0
-7.9,2,2,0,3.57506982314e-06,7.53215044824e-06,0,3.03220826783e-07,3.21771752494e-07,0,3.66962298437e-06,8.39398294362e-06,0
-7.8,6,6,0,.0000130777126143,.0000275528332168,0,9.09662480349e-07,9.65315257483e-07,0,.0000134235909134,.0000307054424442,0
-7.7,2,2,0,7.15462195985e-06,.0000150737450895,0,3.03220826783e-07,3.21771752494e-07,0,7.34384683017e-06,.0000167984906896,0
-7.6,7,7,0,.0000200723999342,.0000422896177952,0,1.06127289374e-06,1.12620113373e-06,0,.000020603273165,.0000471284174293,0
-7.5,11,11,0,.0000317567404638,.0000669068210755,0,1.66771454731e-06,1.76974463872e-06,0,.0000325966402,.0000745623336626,0
-7.4,3,3,0,5.49944638842e-06,.0000115865318548,0,4.54831240175e-07,4.82657628742e-07,0,5.64489530739e-06,.0000129122687383,0
-7.3,5,5,0,.0000248524725255,.0000523605349372,0,7.58052066958e-07,8.04429381236e-07,0,.0000255097687344,.0000583516540464,0
-7.2,3,3,0,3.99447350040e-06,8.41577252686e-06,0,4.54831240175e-07,4.82657628742e-07,0,4.10011901660e-06,9.37870951108e-06,0
-7.1,7,7,0,.0000123328611334,.0000259835392171,0,1.06127289374e-06,1.12620113373e-06,0,.0000126590396599,.0000289565890249,0
-7,4,4,0,.0000101809493914,.0000214497749766,0,6.06441653566e-07,6.43543504989e-07,0,.0000104502143279,.000023904069168,0
-6.9,5,5,0,.0000107636974241,.0000226775409828,0,7.58052066958e-07,8.04429381236e-07,0,.0000110483748341,.0000252723167867,0
-6.8,3,3,0,6.81515429750e-06,.0000143585352816,0,4.54831240175e-07,4.82657628742e-07,0,6.99540095420e-06,.0000160014462108,0
-6.7,7,7,0,.0000265027609521,.0000558374495085,0,1.06127289374e-06,1.12620113373e-06,0,.0000272037038577,.0000622263989561,0
-6.6,6,6,0,.0000140625171038,.0000296276723475,0,9.09662480349e-07,9.65315257483e-07,0,.0000144344414333,.0000330176857264,0
-6.5,8,8,0,.000021052761775,.0000443550986802,0,1.21288330713e-06,1.28708700998e-06,0,.0000216095635375,.0000494302316904,0
-6.4,8,8,0,8.48574333578e-06,.0000178782231615,0,1.21288330713e-06,1.28708700998e-06,0,8.71017359797e-06,.0000199238585728,0
-6.3,10,10,0,.0000228194986627,.0000480773544496,0,1.51610413392e-06,1.60885876247e-06,0,.0000234230269413,.0000535783898631,0
-6.2,9,9,0,.0000347482231101,.0000732094367777,0,1.36449372052e-06,1.44797288623e-06,0,.0000356672413404,.0000815860978676,0
-6.1,7,7,0,8.24540790769e-06,.0000173718722181,0,1.06127289374e-06,1.12620113373e-06,0,8.46348179767e-06,.0000193595706962,0
-6,21,21,0,.0001197150658733,.0002522221897152,0,3.18381868122e-06,3.37860340119e-06,0,.0001228812803768,.0002810815812853,0
-5.9,5,5,0,.0000133278914342,.0000280799235952,0,7.58052066958e-07,8.04429381236e-07,0,.0000136803864427,.0000312928427726,0
-5.8,8,8,0,.0000133706500376,.0000281700090454,0,1.21288330713e-06,1.28708700998e-06,0,.0000137242759222,.0000313932358459,0
-5.7,14,14,0,.0000544570435587,.0001147330506228,0,2.12254578748e-06,2.25240226746e-06,0,.0000558973190986,.0001278608647842,0
-5.6,14,14,0,.0000598848517263,.0001261686425096,0,2.12254578748e-06,2.25240226746e-06,0,.0000614686815032,.0001406049229263,0
-5.5,19,19,0,.0000314116227741,.0000661797064367,0,2.88059785444e-06,3.05683164870e-06,0,.0000322423948651,.0000737520221962,0
-5.4,12,12,0,.0000302351614045,.0000637010750779,0,1.81932496070e-06,1.93063051497e-06,0,.0000310348185391,.0000709897845732,0
-5.3,10,10,0,.0000210030718607,.0000442504084504,0,1.51610413392e-06,1.60885876247e-06,0,.0000215585594282,.0000493135627511,0
-5.2,13,13,0,.0000326022019641,.0000686880839567,0,1.97093537409e-06,2.09151639121e-06,0,.0000334644623984,.0000765474095511,0
-5.1,13,13,0,.0000421174624235,.0000887353498911,0,1.97093537409e-06,2.09151639121e-06,0,.0000432313817067,.000098888493877,0
-5,16,16,0,.0000363189738163,.0000765187796787,0,2.42576661427e-06,2.57417401996e-06,0,.0000372795351359,.000085274097471,0
-4.9,17,17,0,.0000586724051605,.0001236141971503,0,2.57737702766e-06,2.73505989620e-06,0,.0000602241682474,.0001377581966264,0
-4.8,20,20,0,.0000414850840183,.0000874030197338,0,3.03220826783e-06,3.21771752494e-06,0,.000042582278208,.0000974037178236,0
-4.7,12,12,0,.0000343288569633,.0000723258956441,0,1.81932496070e-06,1.93063051497e-06,0,.0000352367838312,.0000806014615069,0
-4.6,14,14,0,.0000349238551856,.0000735794693583,0,2.12254578748e-06,2.25240226746e-06,0,.0000358475185191,.0000819984697647,0
-4.5,16,16,0,.0000326851630515,.0000688628711032,0,2.42576661427e-06,2.57417401996e-06,0,.0000335496176341,.000076742195932,0
-4.4,14,14,0,.0000254601758834,.0000536408765583,0,2.12254578748e-06,2.25240226746e-06,0,.0000261335445823,.0000597784930088,0
-4.3,17,17,0,.0000499911644289,.0001053240939655,0,2.57737702766e-06,2.73505989620e-06,0,.0000513133267541,.0001173753305079,0
-4.2,25,25,0,.0000528031838665,.000111248605549,0,3.79026033479e-06,4.02214690618e-06,0,.0000541997182573,.0001239777277281,0
-4.1,24,22,2,.0000882969345398,.0001684196761289,1.54864512325e-08,3.63864992140e-06,3.53948927744e-06,5.25946243034e-06,.0000906322048144,.0001876903413587,2.78729391474e-07
-4,21,21,0,.0000665526525443,.0001402167262086,0,3.18381868122e-06,3.37860340119e-06,0,.0000683128317849,.0001562603955261,0
-3.9,15,15,0,.000030712999732,.0000647078118163,0,2.27415620087e-06,2.41328814371e-06,0,.0000315252946966,.0000721117126427,0
-3.8,10,10,0,.000021724903193,.0000457712019397,0,1.51610413392e-06,1.60885876247e-06,0,.000022299481698,.0000510083662071,0
-3.7,23,23,0,.0000836059499763,.0001761455422979,0,3.48703950801e-06,3.70037515369e-06,0,.0000858171534656,.0001963002050746,0
-3.6,27,27,0,.0000800852868799,.0001687280197302,0,4.09348116157e-06,4.34391865868e-06,0,.0000822033761528,.0001880339657921,0
-3.5,14,14,0,.0000561426005895,.000118284267387,0,2.12254578748e-06,2.25240226746e-06,0,.0000576274556071,.0001318184135815,0
-3.4,24,24,0,.0000447187996942,.000094215985996,0,3.63864992140e-06,3.86126102993e-06,0,.0000459015189379,.0001049962271599,0
-3.3,16,16,0,.0000563156632944,.0001186488887015,0,2.42576661427e-06,2.57417401996e-06,0,.0000578050954607,.0001322247550528,0
-3.2,11,11,0,.0000348389459815,.0000734005760705,0,1.66771454731e-06,1.76974463872e-06,0,.0000357603636431,.0000817991074158,0
-3.1,32,32,0,.0000743637232001,.0001566735227243,0,4.85153322853e-06,5.14834803991e-06,0,.0000763304890136,.0001746001870914,0
-3,15,15,0,.0000441589746044,.0000930365192744,0,2.27415620087e-06,2.41328814371e-06,0,.0000453268876389,.0001036818052546,0
-2.9,25,25,0,.0000568382980771,.0001197500042736,0,3.79026033479e-06,4.02214690618e-06,0,.0000583415528464,.0001334518608301,0
-2.8,25,25,0,.0000393589445565,.0000829235547144,0,3.79026033479e-06,4.02214690618e-06,0,.0000403999067795,.0000924117101324,0
-2.7,23,23,0,.0000906482563864,.0001870968754929,0,3.48703950801e-06,3.70037515369e-06,0,.0000930457142335,.0002085045953985,0
-2.6,20,20,0,.000046245371375,.0000974322515503,0,3.03220826783e-06,3.21771752494e-06,0,.0000474684652646,.0001085804994592,0
-2.5,36,36,0,.0001721365771377,.0003626666497212,0,5.45797488210e-06,5.79189154490e-06,0,.0001766892315854,.0004041631527273,0
-2.4,35,35,0,.0000787341921946,.0001658814574057,0,5.30636446870e-06,5.63100566865e-06,0,.0000808165478232,.0001848616983548,0
-2.3,51,51,0,.0001516513113007,.0003195071959681,0,7.73213108297e-06,8.20517968861e-06,0,.0001556621730732,.0003560653722662,0
-2.2,30,30,0,.0000848724768114,.0001788139267092,0,4.54831240175e-06,4.82657628742e-06,0,.0000871171773014,.0001992739073909,0
-2.1,39,38,1,.0001230708251205,.0002554913065751,3.34279226522e-09,5.91280612227e-06,6.11366329739e-06,2.62973121517e-06,.0001263257924766,.0002847247521634,6.01644908777e-08
-2,40,36,4,.0000917607733505,.0001788407351455,1.27396804217e-08,6.06441653566e-06,5.79189154490e-06,.0000105189248607,.0000941876549574,.0001993037832623,2.29292258000e-07
-1.9,48,48,0,.0001104270994662,.0002326537937165,0,7.27729984280e-06,7.72252205987e-06,0,.0001133476665757,.0002592741594374,0
-1.8,33,33,0,.0000890605898657,.0001863544750904,0,5.00314364192e-06,5.30923391616e-06,0,.0000914160572353,.0002076772491633,0
-1.7,35,35,0,.0000793566623745,.0001671929107943,0,5.30636446870e-06,5.63100566865e-06,0,.0000814554810447,.0001863232089088,0
-1.6,22,22,0,.0000430374313366,.0000906735897388,0,3.33542909461e-06,3.53948927744e-06,0,.0000441756818842,.0001010485081165,0
-1.5,37,37,0,.0000824779308548,.0001737689669881,0,5.60958529549e-06,5.95277742115e-06,0,.0000846593005845,.0001936517008058,0
-1.4,36,34,2,.0001059382247338,.0001958568341252,1.29773894741e-07,5.45797488210e-06,5.47011979241e-06,5.25946243034e-06,.0001087400704429,.0002182668729647,2.33570610641e-06
-1.3,44,42,2,.0000980447697549,.000202055301088,3.96699961769e-09,6.67085818923e-06,6.75720680238e-06,5.25946243034e-06,.0001006378499969,.0002251745716783,7.13991457961e-08
-1.2,26,26,0,.0000597978877728,.0001259854246882,0,3.94187074818e-06,4.18303278243e-06,0,.0000613794175339,.0001404007412284,0
-1.1,32,32,0,.0000576163501837,.0001213892441569,0,4.85153322853e-06,5.14834803991e-06,0,.0000591401828129,.0001352786633769,0
-1,29,29,0,.0000902849822804,.0001902172866721,0,4.39670198836e-06,4.66569041117e-06,0,.0000926728322829,.0002119820456161,0
-.9,27,27,0,.0000555508087777,.0001170374497406,0,4.09348116157e-06,4.34391865868e-06,0,.0000570200121327,.0001304289344241,0
-.8,31,31,0,.0000954828980101,.0002011685369325,0,4.69992281514e-06,4.98746216366e-06,0,.0000980082220727,.000224186343516,0
-.7,41,41,0,.0001172648692813,.0002470599781645,0,6.21602694905e-06,6.59632092614e-06,0,.0001203662811809,.0002753287068565,0
-.6,34,32,2,.0001015099614417,.0002062735395612,6.67785027275e-09,5.15475405531e-06,5.14834803991e-06,5.25946243034e-06,.0001041946887968,.0002298754631487,1.20189778467e-07
-.5,49,49,0,.0001325404858156,.000275993110904,0,7.42891025619e-06,7.88340793611e-06,0,.0001360459060017,.0003075723833987,0
-.4,49,45,4,.0001706615169337,.000319866260952,3.49080337969e-08,7.42891025619e-06,7.23986443113e-06,.0000105189248607,.0001751751591069,.0003564655216488,6.28284354606e-07
-.3,51,51,0,.0001081965238103,.0002279542911765,0,7.73213108297e-06,8.20517968861e-06,0,.000111058096833,.0002540369374202,0
-.2,40,40,0,.000086507671892,.00018225904671,0,6.06441653566e-06,6.43543504989e-06,0,.0000887956198909,.0002031132197791,0
-.1,44,44,0,.000084472059334,.0001779703070497,0,6.67085818923e-06,7.07897855488e-06,0,.0000867061696145,.0001983337603398,0
0,70,70,0,.0002043765166724,.0004240817714845,0,.0000106127289374,.0000112620113373,0,.0002097818504667,.0004726054240419,0
.1,48,48,0,.0001254235033637,.0002614865672399,0,7.27729984280e-06,7.72252205987e-06,0,.0001287406941661,.0002914059936108,0
.2,64,64,0,.0001818922500967,.0003806279137279,0,9.70306645706e-06,.0000102966960798,0,.0001867029218039,.0004241795537212,0
.3,47,47,0,.0001565751534103,.0003298810073034,0,7.12568942940e-06,7.56163618362e-06,0,.0001607162405659,.0003676261603847,0
.4,41,35,6,.0001227256127694,.0002009968147831,2.18343105818e-07,6.21602694905e-06,5.63100566865e-06,.000015778387291,.0001259714499768,.0002239949728307,3.92979902906e-06
.5,81,77,4,.0002082743874183,.0004201759564353,1.88054833927e-08,.0000122804434847,.000012388212471,.0000105189248607,.0002137828117869,.000468252703643,3.38466241473e-07
.6,50,50,0,.0001652127977872,.0003441212417101,0,7.58052066958e-06,8.04429381236e-06,0,.0001695823326715,.0003834957696742,0
.7,89,88,1,.0002365314685856,.0004959189880083,2.24163376750e-09,.0000134933267918,.0000141579571098,2.62973121517e-06,.0002427872339807,.0005526622915144,4.03455385963e-08
.8,70,69,1,.0001797438685963,.0003727447242454,3.96460109187e-09,.0000106127289374,.0000111011254611,2.62973121517e-06,.0001844977200811,.000415394365678,7.13559764713e-08
.9,64,63,1,.0002260231716912,.0004717797264675,2.26548624305e-09,9.70306645706e-06,.0000101358102036,2.62973121517e-06,.0002320010144891,.0005257610033581,4.07748419852e-08
1,58,58,0,.0001819691686335,.0003833824983985,0,8.79340397671e-06,9.33138082234e-06,0,.000186781874676,.0004272493193745,0
1.1,42,40,2,.0000959337967434,.0001973281945311,4.20003676282e-09,6.36763736245e-06,6.43543504989e-06,5.25946243034e-06,.0000984710461397,.0002199065871786,7.55934121699e-08
1.2,72,70,2,.0002095871535336,.0004332918246064,6.06534511505e-09,.0000109159497642,.0000112620113373,5.25946243034e-06,.0002151302978356,.0004828692961388,1.09165742856e-07
1.3,66,61,5,.0001785239694399,.0003554761233318,1.74058287783e-08,.0000100062872838,9.81403845108e-06,.0000131486560759,.0001832455571292,.0003961498826415,3.13274874316e-07
1.4,43,41,2,.0000810291870082,.0001612422015569,7.38262651012e-09,6.51924777584e-06,6.59632092614e-06,5.25946243034e-06,.0000831722404763,.0001796916164859,1.32874534246e-07
1.5,79,78,1,.0001857852572309,.0003891997786241,7.10064118614e-10,.0000119772226579,.0000125490983473,2.62973121517e-06,.00019069889088,.00043373221577,1.27799285141e-08
1.6,79,77,2,.0003154079132264,.0006382552114701,1.27805186878e-07,.0000119772226579,.000012388212471,5.25946243034e-06,.0003237497965314,.0007112846982503,2.30027276300e-06
1.7,49,47,2,.0002085181081258,.0004165466251607,9.31853170183e-08,7.42891025619e-06,7.56163618362e-06,5.25946243034e-06,.0002140329784002,.0004642081024331,1.67717486187e-06
1.8,59,58,1,.0001777268345983,.0003697875196167,2.11940154315e-09,8.94501439010e-06,9.33138082234e-06,2.62973121517e-06,.000182427339729,.0004120987961876,3.81455695396e-08
1.9,56,54,2,.0001433897719664,.0002915882546404,9.19024856216e-09,8.49018314993e-06,8.68783731735e-06,5.25946243034e-06,.0001471821332062,.0003249519314343,1.65408611099e-07
2,74,73,1,.0002831407404206,.0005902799525757,2.52132936751e-09,.000011219170591,.000011744668966,2.62973121517e-06,.0002906292241156,.0006578200857678,4.53795766221e-08
2.1,54,51,3,.0001716045661754,.0003383462420743,1.89751121482e-08,8.18696232314e-06,8.20517968861e-06,7.88919364552e-06,.0001761431500397,.000377059991635,3.41519266280e-07
2.2,99,95,4,.0002501291256666,.0005057885582005,2.74552203194e-08,.0000150094309258,.0000152841582435,.0000105189248607,.0002567445208105,.0005636611429611,4.94146576095e-07
2.3,101,100,1,.0001787381760488,.0003667633932309,7.36159178061e-09,.0000153126517525,.0000160885876247,2.62973121517e-06,.0001834654290575,.0004087286477186,1.32495945422e-07
2.4,99,95,4,.0002242236362259,.0004362991387552,1.37060291783e-07,.0000150094309258,.0000152841582435,.0000105189248607,.0002301538850534,.0004862207087061,2.46684867632e-06
2.5,54,54,0,.0001333410709942,.000279713647501,0,8.18696232314e-06,8.68783731735e-06,0,.0001368676649931,.0003117186256905,0
2.6,64,64,0,.00018062169661,.0003804666399674,0,9.70306645706e-06,.0000102966960798,0,.00018539876482,.0004239998269347,0
2.7,83,83,0,.0002174801662077,.0004539596367295,0,.0000125836643115,.0000133535277285,0,.0002232320642787,.0005059019298647,0
2.8,112,112,0,.000346704758776,.000728318657309,0,.0000169803662999,.0000180192181397,0,.0003558743785532,.0008116532494908,0
2.9,57,57,0,.0001814443938146,.0003789809363752,0,8.64179356332e-06,9.17049494609e-06,0,.0001862432206546,.0004223441283799,0
3,77,77,0,.000208635470814,.0004339522034229,0,.0000116740018312,.000012388212471,0,.0002141534450874,.0004836052358363,0
3.1,130,129,1,.000342307641007,.0007089620658007,2.25749019478e-09,.0000197093537409,.0000207542780359,2.62973121517e-06,.0003513609661645,.000790081866911,4.06309269181e-08
3.2,163,162,1,.0004795855758744,.0009982985122861,7.20685244815e-09,.0000247124973828,.0000260635119521,2.62973121517e-06,.0004922696168922,.0011125243371528,1.29710904529e-07
3.3,105,102,3,.0003316679927099,.0006789230574213,1.38076241551e-08,.0000159190934061,.0000164103593772,7.88919364552e-06,.0003404399212987,.0007566057798742,2.48513401856e-07
3.4,113,111,2,.0003287452796927,.0006745937386086,1.01326245172e-08,.0000171319767132,.0000178583322634,5.25946243034e-06,.0003374399086011,.0007517810981951,1.82369751682e-07
3.5,85,84,1,.0001816703445567,.0003777391129915,4.48144943377e-09,.0000128868851383,.0000135144136048,2.62973121517e-06,.0001864751473239,.0004209602149314,8.06583545087e-08
3.6,121,121,0,.0003760817459624,.0007807572914089,0,.0000183448600204,.0000194671910259,0,.000386028325951,.0008700919388459,0
3.7,91,90,1,.0002926627666859,.0006117438590536,1.30998056846e-09,.0000137965476186,.0000144797288623,2.62973121517e-06,.0003004030881713,.0006817399033706,2.35773891131e-08
3.8,76,76,0,.0002295389645422,.0004820693228567,0,.0000115223914178,.0000122273265948,0,.0002356097927487,.0005372279406134,0
3.9,85,83,2,.0002716859003262,.0005593088252454,5.09899633627e-09,.0000128868851383,.0000133535277285,5.25946243034e-06,.000278871427325,.0006233052262543,9.17731328241e-08
4,116,111,5,.000317695980903,.0006150569990382,9.64185407071e-08,.0000175868079534,.0000178583322634,.0000131486560759,.0003260983788392,.0006854321345218,1.73536730750e-06
4.1,104,104,0,.0003595757816359,.0007480417009447,0,.0000157674829927,.0000167321311297,0,.000369085813198,.0008336330138371,0
4.2,125,121,4,.000420863102494,.0008689930765513,1.16666074579e-08,.0000189513016739,.0000194671910259,.0000105189248607,.0004319940562246,.0009684237075209,2.09978796851e-07
4.3,102,100,2,.0003345935225882,.0006912018577623,6.01131899813e-09,.0000154642621659,.0000160885876247,5.25946243034e-06,.0003434428253577,.0007702895268118,1.08193366004e-07
4.4,115,114,1,.0003519190832744,.0007208414266415,1.94852933788e-08,.00001743519754,.0000183409898922,2.62973121517e-06,.0003612266110896,.0008033204702772,3.50701647822e-07
4.5,148,146,2,.0004083843206326,.000845110503974,6.78546618893e-09,.000022438341182,.0000234893379321,5.25946243034e-06,.0004191852365369,.0009418084788101,1.22126679206e-07
4.6,104,103,1,.0003308792181558,.0006685916147262,9.73997345000e-08,.0000157674829927,.0000165712452535,2.62973121517e-06,.0003396302852982,.0007450922082373,1.75302710216e-06
4.7,129,125,4,.0004521832799963,.0009001187012245,3.64715369017e-08,.0000195577433275,.0000201107345309,.0000105189248607,.0004641425872806,.001003110742042,6.56424711774e-07
4.8,102,102,0,.0004290323446175,.0009005209053612,0,.0000154642621659,.0000164103593772,0,.0004403793578114,.0010035589665811,0
4.9,155,154,1,.0005477853825904,.0011257640910571,7.76815767267e-08,.0000234996140757,.0000247764249421,2.62973121517e-06,.0005622731666507,.0012545745924491,1.39813429718e-06
5,134,133,1,.0004287915072398,.0008824338177646,7.70327375221e-08,.0000203157953945,.0000213978215409,2.62973121517e-06,.000440132150786,.0009834023451981,1.38645631144e-06
5.1,163,162,1,.0004181069358237,.0008491458811477,2.32607835216e-08,.0000247124973828,.0000260635119521,2.62973121517e-06,.0004291649946783,.000946305585898,4.18653953628e-07
5.2,161,156,5,.0004738805572355,.0009786243344934,2.96837249225e-08,.000024409276556,.0000250981966946,.0000131486560759,.0004864137123759,.0010905990299041,5.34255812394e-07
5.3,136,135,1,.0004758733149709,.0009772609471952,2.02971790486e-08,.0000206190162213,.0000217195932934,2.62973121517e-06,.0004884591744088,.001089079643136,3.65314188507e-07
5.4,151,149,2,.0005009690009208,.0010346721435894,2.97638602653e-09,.0000228931724221,.0000239719955608,5.25946243034e-06,.0005142185890569,.001153059857899,5.35698110245e-08
5.5,156,151,5,.0006420002646766,.0012889383040147,2.51070256141e-07,.0000236512244891,.0000242937673133,.0000131486560759,.0006589798364157,.0014364192820653,4.51883124549e-06
5.6,136,128,8,.0005075386822675,.0009868026286881,2.46566388640e-07,.0000206190162213,.0000205933921596,.0000210378497214,.0005209620248112,.0010997130886912,4.43776940447e-06
5.7,240,237,3,.0006976389439188,.001424143134841,2.76800942167e-08,.000036386499214,.0000381299526706,7.88919364552e-06,.000716090043004,.0015870943185837,4.98193918098e-07
5.8,150,149,1,.0004280655928069,.0008939465694766,2.10649386823e-09,.0000227415620087,.0000239719955608,2.62973121517e-06,.0004393870374262,.000996232391832,3.79132536705e-08
5.9,143,142,1,.0005100006900887,.0010543722854663,5.73278846616e-08,.000021680289115,.0000228457944271,2.62973121517e-06,.0005234891476187,.0011750141000557,1.03180297192e-06
6,122,122,0,.0004190590597884,.0008767236078029,0,.0000184964704338,.0000196280769022,0,.0004301423003415,.0009770387701005,0
6.1,147,145,2,.0006230737260313,.0012648297530404,1.27805186878e-07,.0000222867307686,.0000233284520558,5.25946243034e-06,.0006395527301875,.0014095522183943,2.30027276300e-06
6.2,212,210,2,.0006532131605234,.0013507501808476,5.46156586623e-09,.000032141407639,.0000337860340119,5.25946243034e-06,.0006704892900366,.001505303705367,9.82987585426e-08
6.3,203,199,4,.0007015584636188,.0014419860770545,3.27250628818e-08,.0000307769139185,.0000320162893732,.0000105189248607,.0007201132258481,.0016069788593444,5.88994646096e-07
6.4,208,200,8,.000737907094124,.0014627260487714,2.33281865381e-07,.0000315349659854,.0000321771752494,.0000210378497214,.0007574232020305,.0016300919092017,4.19867091583e-06
6.5,177,177,0,.0006019854785462,.001256638810446,0,.0000268350431703,.0000284768000958,0,.0006179067424168,.0014004240639712,0
6.6,150,150,0,.0003626898686901,.0007567714914671,0,.0000227415620087,.0000241328814371,0,.0003722822613779,.000843361671443,0
6.7,155,153,2,.0004589713792448,.0009404485500681,7.90402090445e-08,.0000234996140757,.0000246155390658,5.25946243034e-06,.0004711102176361,.0010480551527569,1.42258733380e-06
6.8,183,183,0,.0005614802571632,.0011693389681682,0,.0000277447056507,.0000294421153532,0,.0005763302421728,.0013031353292206,0
6.9,240,235,5,.0006273539989823,.001276939072909,1.37658499932e-07,.000036386499214,.0000378081809181,.0000131486560759,.0006439462074558,.0014230470928175,2.47761539046e-06
7,208,206,2,.0005474995068519,.0011351552361702,4.30638968929e-09,.0000315349659854,.0000331424905069,5.25946243034e-06,.0005619797300935,.0012650402771751,7.75075812736e-08
7.1,98,98,0,.0003283315292081,.0006827195296637,0,.0000148578205124,.0000157668158722,0,.0003370152152767,.0007608366464066,0
7.2,140,140,0,.000515721385118,.0010761993427195,0,.0000212254578748,.0000225240226746,0,.0005293611431334,.0011993386203307,0
7.3,176,174,2,.0005194185884197,.0010597461063071,1.34569624777e-07,.0000266834327569,.000027994142467,5.25946243034e-06,.0005331561297728,.0011810027962175,2.42202096928e-06
7.4,235,233,2,.000689809365651,.0014333410807126,5.64026603200e-09,.000035628447147,.0000374864091656,5.25946243034e-06,.0007080533886753,.0015973446981125,1.01515053077e-07
7.5,138,138,0,.0004648169605969,.0009711262034102,0,.000020922237048,.0000222022509221,0,.000477110402457,.0010822429588387,0
7.6,262,259,3,.0007194619359018,.0014701087483786,2.18650129113e-08,.0000397219283086,.000041669441948,7.88919364552e-06,.0007384902077364,.0016383193410628,3.93532491844e-07
7.7,183,181,2,.0007379791801016,.0015142927207421,6.53848664101e-09,.0000277447056507,.0000291203436007,5.25946243034e-06,.0007574971945324,.0016875588660762,1.17681473647e-07
7.8,286,280,6,.0008180368050337,.0016800157623891,1.93287272854e-08,.00004336057823,.0000450480453492,.000015778387291,.0008396721771363,.0018722440226603,3.47883728385e-07
7.9,163,157,6,.0005667791861319,.0011559074623619,5.56516646100e-08,.0000247124973828,.0000252590825708,.000015778387291,.0005817693167918,.0012881669836705,1.00163390427e-06
8,183,178,5,.0004588982247557,.0009229627293053,1.55224722409e-07,.0000277447056507,.000028637685972,.0000131486560759,.0004710351283629,.0010285685954652,2.79377707450e-06
8.1,229,227,2,.000781135426944,.0016185682634386,4.23454582510e-09,.0000347187846667,.0000365210939081,5.25946243034e-06,.0008017948343454,.0018037656695443,7.62145157258e-08
8.199999999999999,219,211,8,.0006434245734195,.0013074535646354,1.22903002220e-07,.0000332026805328,.0000339469198882,.0000210378497214,.0006604418151625,.0014570530682483,2.21204190067e-06
8.300000000000001,350,344,6,.0008271399811006,.0016817167885392,9.87403616648e-08,.000053063644687,.000055344741429,.000015778387291,.000849016113277,.00187413968109,1.77715607711e-06
8.4,226,223,3,.0006409981398056,.0013260765488781,6.57866472409e-09,.0000342639534265,.0000358775504031,7.88919364552e-06,.0006579512074262,.001477806903845,1.18404609792e-07
8.5,134,132,2,.000527150233434,.0010724734971745,1.29773894741e-07,.0000203157953945,.0000212369356646,5.25946243034e-06,.0005410922607171,.0011951864616385,2.33570610641e-06
8.6,220,216,4,.0007812059165261,.0016083924152497,6.83822920511e-08,.0000333542909461,.0000347513492694,.0000105189248607,.0008018671882303,.0017924254956163,1.23076322424e-06
8.699999999999999,218,213,5,.0006941913094009,.0014109927960817,1.53552906612e-07,.0000330510701194,.0000342686916407,.0000131486560759,.0007125512257236,.0015724393113574,2.76368727583e-06
8.800000000000001,230,223,7,.0007745111924809,.0015413526126054,3.43792715185e-07,.0000348703950801,.0000358775504031,.0000184081185062,.0007949954026581,.0017177149645658,6.18767546276e-06
8.9,184,178,6,.0006506891775446,.001332643669457,7.10378098567e-08,.000027896316064,.000028637685972,.000015778387291,.0006678985529575,.0014851254377095,1.27855796113e-06
9,269,262,7,.0008025493436259,.0016177366899228,2.23649900377e-07,.0000407832012023,.0000421520995768,.0000184081185062,.0008237751045859,.0018028389469627,4.02531217122e-06
9.1,206,201,5,.0007711604717273,.0015753324025241,1.88397466516e-07,.0000312317451587,.0000323380611257,.0000131486560759,.0007915560623095,.0017555827393753,3.39082920992e-06
9.199999999999999,272,268,4,.0009018473364169,.0018413359917533,4.14990353192e-08,.0000412380324425,.0000431174148343,.0000105189248607,.0009256993227617,.002052022594935,7.46911005473e-07
9.300000000000001,242,235,7,.0007708579227729,.0015682916141486,9.06238164511e-08,.0000366897200408,.0000378081809181,.0000184081185062,.0007912455115645,.0017477363404035,1.63107227299e-06
9.4,259,257,2,.0007002434700925,.0014550657643895,5.99231619880e-09,.0000392670970684,.0000413476701955,5.25946243034e-06,.0007187634534779,.0016215551311744,1.07851348416e-07
9.5,235,232,3,.0006669093693629,.0013616326344845,8.52075707769e-08,.000035628447147,.0000373255232894,7.88919364552e-06,.0006845477351138,.0015174313348987,1.53358919968e-06
9.6,217,216,1,.000855645703579,.0017591479862631,9.03727865875e-08,.000032899459706,.0000347513492694,2.62973121517e-06,.0008782757528275,.0019604305959441,1.62655416875e-06
9.699999999999999,195,193,2,.0006428411450805,.0013088157055563,1.30975671198e-07,.0000295640306114,.0000310509741157,5.25946243034e-06,.0006598429563574,.001458571066028,2.35733600827e-06
9.800000000000001,210,209,1,.0006712041928301,.0013874249622177,1.45361944703e-08,.0000318381868122,.0000336251481357,2.62973121517e-06,.0006889561477292,.0015461748339241,2.61626409965e-07
9.9,199,193,6,.0005326417087715,.0010693283675209,1.84952142934e-07,.0000301704722649,.0000310509741157,.000015778387291,.0005467289741558,.001191681464646,3.32881933232e-06
10,203,203,0,.0007229771000109,.0015011714257298,0,.0000307769139185,.0000326598328782,0,.0007420983406252,.0016729362257973,0
10.1,211,204,7,.0008415392584831,.0016689769452114,3.29677165567e-07,.0000319897972256,.0000328207187544,.0000184081185062,.000863796221598,.0018599421383918,5.93361993407e-06
10.2,205,201,4,.0007607526569041,.0015564692305361,8.38077029996e-08,.0000310801347453,.0000323380611257,.0000105189248607,.0007808729824309,.0017345612336291,1.50839399596e-06
10.3,246,242,4,.0007235195161858,.001481388465038,6.29743839298e-08,.0000372961616943,.0000389343820518,.0000105189248607,.0007426551025798,.0016508896886546,1.13343021249e-06
10.4,187,179,8,.000654987269272,.0013062218888535,2.30765548892e-07,.0000283511473042,.0000287985718483,.0000210378497214,.0006723103202717,.0014556804634954,4.15338156238e-06
10.5,217,217,0,.0009514254155164,.0019698544522271,0,.000032899459706,.0000349122351456,0,.0009765886389385,.0021952462031953,0
10.6,204,198,6,.0006487588105056,.0013313456498736,5.59008581646e-08,.0000309285243319,.000031855403497,.000015778387291,.0006659171317251,.0014836788980634,1.00611895812e-06
10.7,227,222,5,.0006435012482218,.0012924848268767,1.67343157109e-07,.0000344155638399,.0000357166645269,.0000131486560759,.0006605205178539,.0014403715998818,3.01188798183e-06
10.8,238,233,5,.0007540228808336,.0014983164152795,2.81542899216e-07,.0000360832783872,.0000374864091656,.0000131486560759,.0007739652177802,.0016697545435953,5.06728622291e-06
10.9,252,241,11,.0007980868445863,.0015635767473441,3.30257037495e-07,.0000382058241747,.0000387734961756,.0000289270433669,.000819194581728,.0017424819961348,5.94405662788e-06
11,199,192,7,.0006891150296068,.0013765618847401,2.50075382180e-07,.0000301704722649,.0000308900882395,.0000184081185062,.0007073406888869,.0015340687975818,4.50092523142e-06
11.1,233,227,6,.0008511470286544,.0016714849622304,4.37151982169e-07,.0000353252263202,.0000365210939081,.000015778387291,.0008736580973076,.0018627371239971,7.86798112376e-06
11.2,257,249,8,.0007184026805998,.0014219153888462,2.57356091993e-07,.0000389638762416,.0000400605831856,.0000210378497214,.0007374029373348,.0015846116727561,4.63196544103e-06
11.3,196,194,2,.0006436347326487,.0013064199242763,9.10753872319e-08,.0000297156410247,.000031211859992,5.25946243034e-06,.0006606575326662,.0014559011582322,1.63919976761e-06
11.4,197,194,3,.0005930756101057,.0012118623931769,8.09622731079e-08,.0000298672514381,.000031211859992,7.88919364552e-06,.0006087612264871,.001350524306204,1.45718116933e-06
11.5,259,249,10,.0007784337109001,.0015005997256914,4.98571065322e-07,.0000392670970684,.0000400605831856,.0000262973121517,.0007990216635312,.0016722991115489,8.97341860682e-06
11.6,264,255,9,.0009849279222535,.0019373288129714,2.85987852067e-07,.0000400251491354,.000041025898443,.0000236675809366,.0010109772172988,.0021589989637093,5.14728770191e-06
11.7,173,169,4,.0004863104106219,.0009583713490997,1.06317331827e-07,.0000262286015167,.0000271897130858,.0000105189248607,.0004991723095321,.0010680286875935,1.91352846165e-06
11.8,219,212,7,.0006516201975226,.0012867345185796,3.17558322527e-07,.0000332026805328,.0000341078057644,.0000184081185062,.0006688541964775,.001433963338377,5.71550167733e-06
11.9,190,169,21,.0005662035998192,.0010695906611353,5.11023359490e-07,.0000288059785444,.0000271897130858,.0000552243555186,.0005811785074182,.0011919737700295,9.19753840830e-06
12,212,206,6,.0007338704075648,.0014409492780061,3.99879603208e-07,.000032141407639,.0000331424905069,.000015778387291,.0007532797535076,.0016058234292202,7.19714263723e-06
12.1,397,390,7,.0006898240582147,.0013895373316615,6.55733702892e-08,.0000601893341165,.0000627454917364,.0000184081185062,.0007080684698268,.0015485289017568,1.18020748093e-06
12.2,272,271,1,.0007117149660805,.0014560802535115,5.73278846616e-08,.0000412380324425,.000043600072463,2.62973121517e-06,.0007305383466759,.0016226856986591,1.03180297192e-06
12.3,216,207,9,.0005864410861013,.0011612291318102,2.49097475979e-07,.0000327478492926,.0000333033763832,.0000236675809366,.0006019512331216,.0012940975612508,4.48332460775e-06
12.4,206,202,4,.0006955590589835,.0014218932084304,3.60848009251e-07,.0000312317451587,.0000324989470019,.0000105189248607,.0007139551494379,.0015845869544459,6.49464131730e-06
12.5,218,215,3,.0007083479497058,.0014593041613011,4.97816365908e-08,.0000330510701194,.0000345904633932,7.88919364552e-06,.0007270822797209,.0016262784876221,8.95983532003e-07
12.6,203,199,4,.0007053687400436,.0014280831683209,1.31828710170e-07,.0000307769139185,.0000320162893732,.0000105189248607,.0007240242761594,.0015914851727036,2.37268923738e-06
12.7,287,278,9,.0005139680016399,.0010402856505287,1.06430605828e-07,.0000435121886434,.0000447262735967,.0000236675809366,.0005275613863091,.0011593156651649,1.91556719815e-06
12.8,238,209,29,.0007276747750011,.0014151618125879,3.34100038885e-07,.0000360832783872,.0000336251481357,.00007626220524,.0007469202593485,.0015770853488583,6.01322401959e-06
12.9,236,228,8,.0007102455138346,.0014139844442269,2.86068043032e-07,.0000357800575604,.0000366819797844,.0000210378497214,.0007290300304743,.001575773265409,5.14873100087e-06
13,255,252,3,.000929065502446,.001925487570162,5.98136136176e-08,.0000386606554148,.0000405432408143,7.88919364552e-06,.0009536373526726,.0021458028398591,1.07654180258e-06
13.1,243,233,10,.0005789616897777,.0011498303274884,2.18650623954e-07,.0000368413304542,.0000374864091656,.0000262973121517,.0005942740223212,.0012813944999256,3.93533382471e-06
13.2,195,194,1,.0006368121279084,.0013052154814659,6.12692829804e-08,.0000295640306114,.000031211859992,2.62973121517e-06,.0006536544842205,.0014545589024612,1.10274133853e-06
13.3,200,199,1,.0005300441513477,.0010788767414169,2.20365343750e-08,.0000303220826783,.0000320162893732,2.62973121517e-06,.0005440627167407,.0012023223683524,3.96619582132e-07
13.4,249,234,15,.0008588608450879,.0016885747878721,3.59979098974e-07,.0000377509929345,.0000376472950419,.0000394459682276,.0008815759281423,.0018817823762038,6.47900243211e-06
13.5,324,308,16,.0007751431148288,.0015319234145839,3.70860178692e-07,.0000491217739389,.0000495528498841,.0000420756994428,.0007956440380378,.0017072068728982,6.67484308552e-06
13.6,195,191,4,.0005151790975215,.0010583545943668,4.40985803707e-08,.0000295640306114,.0000307292023632,.0000105189248607,.0005288045131578,.0011794520667713,7.93698329400e-07
13.7,303,294,9,.0007123851045066,.0014368010363675,2.07435890617e-07,.0000459379552576,.0000473004476167,.0000236675809366,.0007312262088696,.0016012005436578,3.73348798207e-06
13.8,252,233,19,.0007142583058219,.0014130662717058,1.66276299673e-07,.0000382058241747,.0000374864091656,.0000499648930883,.0007331489524637,.0015747500351198,2.99268638945e-06
13.9,213,201,12,.0005342469069319,.0010640241756894,2.01850608172e-07,.0000322930180524,.0000323380611257,.0000315567745821,.000548376626469,.0011857703644802,3.63296253866e-06
14,229,212,17,.0007283437674706,.0014458181590804,3.49507731215e-07,.0000347187846667,.0000341078057644,.0000447054306579,.0007476069452774,.0016112494101499,6.29053588677e-06
14.1,235,227,8,.0006415177303597,.001283462399746,7.30545103023e-08,.000035628447147,.0000365210939081,.0000210378497214,.0006584845400697,.0014303168220377,1.31485508818e-06
14.2,347,344,3,.0009768333561197,.0020084762363766,3.14319610339e-08,.0000526088134469,.000055344741429,7.88919364552e-06,.0010026685667262,.0022382871115827,5.65721044820e-07
14.3,336,328,8,.0009329631350128,.0018927028311975,1.90015757490e-07,.0000509410988996,.0000527705674091,.0000210378497214,.0009576380695143,.0021092668543434,3.41995565416e-06
14.4,310,295,15,.0009370454564974,.0018997354831063,1.65380078312e-07,.0000469992281514,.0000474613334929,.0000394459682276,.0009618283599116,.00211710418587,2.97655595190e-06
14.5,586,553,33,.0006918487414688,.0013521388511606,3.49470977809e-07,.0000888437022475,.0000889698895647,.0000867811301007,.0007101467017419,.0015068512680454,6.28987438891e-06
14.6,238,237,1,.00063934475226,.001317646639901,1.54055967982e-08,.0000360832783872,.0000381299526706,2.62973121517e-06,.0006562540912187,.0014684124403838,2.77274151217e-07
14.7,490,470,20,.0008881414254579,.0018523466833003,1.03783661942e-08,.0000742891025619,.0000756163618362,.0000525946243034,.0009116309189639,.0020642931354238,1.86792677701e-07
14.8,269,265,4,.0009668132115462,.0019859524468302,1.19523399178e-07,.0000407832012023,.0000426347572055,.0000105189248607,.0009923834101691,.0022131861385503,2.15121487935e-06
14.9,643,627,16,.0006308297310154,.0012827976936887,7.09268733121e-08,.0000974854958108,.000100875444407,.0000420756994428,.0006475138653722,.0014295760599744,1.27656129481e-06
15,486,455,31,.0006762059337484,.0013057233049691,4.37804526410e-07,.0000736826609083,.0000732030736925,.0000815216676703,.0006940901742919,.0014551248313887,7.87972579376e-06
15.1,330,299,31,.0008458127849632,.0016939498335948,7.30931289661e-08,.0000500314364192,.0000481048769979,.0000815216676703,.0008681827739652,.0018877724373992,1.31555015747e-06
15.2,244,222,22,.0005007397675716,.0010017235194564,1.18492525542e-07,.0000369929408675,.0000357166645269,.0000578540867338,.0005139832929623,.0011163412353902,2.13266093326e-06
15.3,567,531,36,.0007349110752479,.0014764664685183,2.21894073005e-07,.000085963104393,.0000854304002873,.0000946703237462,.0007543479446864,.0016454045147831,3.99371030920e-06
15.4,511,494,17,.0008299006173253,.0016972421696266,1.26459422746e-07,.0000774729212431,.0000794776228661,.0000447054306579,.0008518497625882,.0018914414841987,2.27605133151e-06
15.5,667,632,35,.0008318731080675,.0016431941002253,2.68380510274e-07,.0001011241457322,.0001016798737882,.000092040592531,.000853874421608,.0018312092071342,4.83038594116e-06
15.6,681,661,20,.0008153048064515,.0016419247931925,6.44183846377e-07,.0001032466915197,.0001063455641994,.0000525946243034,.0008368679228738,.0018297946653434,.0000115941973278
15.7,392,357,35,.0010028603691364,.0020070194570554,4.11721228166e-07,.0000594312820495,.0000574362578203,.000092040592531,.0010293839401051,.0022366636468287,7.41027144699e-06
15.8,519,501,18,.0010298963566527,.0020468704922392,3.17872073580e-07,.0000786858045502,.0000806038239999,.0000473351618731,.0010571349732605,.0022810744577806,5.72114865472e-06
15.9,794,727,67,.0009115887794281,.0018638542064648,1.28441597025e-07,.0001203786682329,.0001169640320317,.0001761919914166,.0009356984066797,.0020771173552572,2.31172704715e-06
16,2357,2293,64,.0009766068898456,.0019714331741447,9.60288243082e-08,.0003573457443639,.0003689113142349,.000168302797771,.0010024361108902,.0021970055632799,1.72835308500e-06
16.1,763,683,80,.0009735034512266,.0019563026857234,1.81944007721e-07,.0001156787454178,.0001098850534769,.0002103784972138,.0009992505927743,.0021801438366575,3.27467809074e-06
16.2,355,308,47,.0007900906512886,.001582187837557,2.90231804229e-07,.000053821696754,.0000495528498841,.0001235973671131,.0008109869057483,.0017632225767808,5.22367151547e-06
16.3,722,682,40,.0008787815637513,.0018170616363458,2.24825892001e-08,.0001094627184687,.0001097241676006,.0001051892486069,.0009020235083823,.0020249707554029,4.04647799060e-07
16.4,559,522,37,.0008554372805745,.0017253712073968,1.93128305764e-07,.0000847502210859,.0000839824274011,.0000973000549614,.000878061817468,.0019227890608152,3.47597615063e-06
16.5,1102,1014,88,.0009946826568729,.0019852526050048,3.05193152972e-07,.0001670746755575,.0001631382785147,.0002314163469352,.0010209899443605,.0022124062204663,5.49294996850e-06
16.6,1136,1116,20,.0010892640742607,.0021782353371904,1.88376804979e-06,.0001722294296128,.0001795486378919,.0000525946243034,.0011180728435234,.0024274701352818,.0000339045733792
16.7,2639,2592,47,.0011299513153109,.0022982387582084,2.53494925284e-07,.0004000998809403,.0004170161912328,.0001235973671131,.0011598361774762,.0025612044089295,4.56247110492e-06
16.8,882,829,53,.0009157014318846,.0018442187677947,2.64140954123e-07,.0001337203846114,.000133374391409,.0001393757544041,.0009399198302401,.0020552352196812,4.75408124822e-06
16.9,2562,2530,32,.0008921087770783,.0017846035928584,3.19830863655e-07,.0003884258791092,.0004070412669055,.0000841513988855,.0009157031987833,.0019887988460274,5.75640349507e-06
17,1441,1376,65,.0008890844863549,.0017905845774844,3.19407155100e-07,.0002184706056972,.0002213789657162,.0001709325289862,.0009125989218603,.0019954641779643,5.74877747243e-06
17.1,3201,3089,112,.000937875773792,.0018914337697353,1.53238358985e-07,.0004853049332664,.0004969764717277,.0002945298960993,.0009626806373717,.0021078525862216,2.75802596146e-06
17.2,2196,2084,112,.0006176471530603,.0012730973709649,7.64933064442e-08,.0003329364678079,.0003352861660992,.0002945298960993,.0006339826356479,.0014187658213778,1.37674748313e-06
17.3,1161,1033,128,.0014458412480575,.0025051735149031,.0000149569180117,.0001760196899476,.0001661951101634,.0003366055955421,.0014840807419417,.0027918167460134,.0002691987075109
17.4,4553,4424,129,.0011038484035117,.0022081597581765,3.40176422614e-07,.0006902822121718,.0007117591165177,.0003392353267573,.00113304289795,.0024608185237773,6.12258843845e-06
17.5,2884,2729,155,.0010028978370853,.0019765755220849,4.67104346633e-07,.0004372444322213,.0004390575562787,.0004076083383517,.0010294223990033,.0022027363012937,8.40707198420e-06
17.6,1475,1369,106,.0008358369407189,.0016989416026449,1.08352707001e-07,.0002236253597526,.0002202527645825,.0002787515088083,.0008579430893889,.0018933353672096,1.95016170158e-06
17.7,869,778,91,.0009860311162628,.0020064686353076,1.47729113158e-07,.0001317494492373,.0001251692117203,.0002393055405807,.0010121095884952,.0022360497997757,2.65886904593e-06
17.8,1150,1068,82,.0011154921516698,.0022822610018485,1.68611068593e-07,.0001743519754003,.000171826115832,.0002156379596441,.0011449945990297,.0025433984695388,3.03470820003e-06
17.9,4461,4272,189,.0008242578982264,.0016689341048666,1.96773045337e-07,.0006763340541398,.0006873044633282,.0004970191996676,.0008460578053051,.0018598943962329,3.54157517185e-06
18,7070,6943,127,.0012366543727468,.0022046064844865,.0000148673903522,.0010718856226784,.0011170306387845,.0003339758643269,.0012693613088554,.0024568586826997,.000267587364171
18.1,4082,3920,162,.0012939185313564,.0025402466104129,4.26220245487e-06,.0006188737074644,.0006306726348891,.0004260164568579,.0013281399853596,.0028309029229972,.0000767122873244
18.2,6441,6227,214,.0013844787504712,.0026465722382758,.0000102942289265,.0009765226726551,.0010018363513915,.0005627624800469,.0014210953339187,.0029493943834219,.0001852783521085
18.3,2527,2367,160,.0007750423312925,.0015445539503918,2.86829949073e-07,.0003831195146405,.0003808168690772,.0004207569944276,.0007955405889866,.0017212826010543,5.16244399452e-06
18.4,5462,5154,308,.0010487812469752,.0020810120752568,1.73614538616e-06,.0008280960779447,.0008292058061782,.0008099572142731,.0010765193296543,.0023191225381379,.000031247620241
18.5,5479,5243,236,.0015314812764736,.0028961699294283,.0000160812568878,.0008306734549724,.0008435246491642,.0006206165667807,.0015719857709912,.0032275511696806,.0002894348665914
18.6,10666,10352,314,.0012794712160916,.0022090778346688,.0000236328769282,.0016170766692344,.0016654905909113,.0008257356015642,.0013133105686542,.0024618416470501,.000425350992688
18.7,8697,8447,250,.0010666926249995,.0020596344431099,2.20501176071e-06,.0013185557652664,.0013590029966603,.0006574328037931,.0010949044263744,.002295298866419,.0000396864056862
18.8,2509,2281,228,.0012841364309757,.0024940257461024,7.50385434479e-06,.0003803905271994,.0003669806837199,.0005995787170593,.0013180991687691,.0027793934438215,.0001350564260222
18.9,2849,2716,133,.001351267669092,.0024944745665806,.0000112370061494,.0004319380677526,.0004369660398875,.0003497542516179,.001387005888511,.0027798936185678,.0002022467148211
19,11308,11029,279,.0015888607367336,.0031272244970523,5.01177795854e-06,.0017144105546318,.0017744103291307,.0007336950090331,.0016308827986347,.0034850431187604,.0000902033525701
19.1,2908,2633,275,.001339669867517,.0022890157081484,.000027317178521,.0004408830821427,.000423612512159,.0007231760841724,.0013751013492059,.0025509260527783,.0004916620619925
19.2,4933,4604,329,.001644453676221,.0029207861067648,.0000158058115279,.0007478941692606,.0007407185742422,.0008651815697918,.0016879460557468,.0032549839425812,.0002844773255515
19.3,6024,5809,215,.0015672009890343,.0031284635673726,3.07592885715e-06,.0009133011302708,.0009345860551201,.0005653922112621,.0016086501956577,.0034864239641386,.0000553614101577
19.4,5194,4890,304,.0010090065253338,.0020419567467512,1.16820994027e-06,.0007874644871558,.0007867319348489,.0007994382894124,.0010356926493508,.0022755984790281,.0000210257625118
19.5,8072,7715,357,.0017015212876667,.0031144130199724,.0000196090432762,.0012237992568967,.0012412345352474,.0009388140438166,.0017465229868235,.0034707657459397,.000352928932375
19.6,14293,13785,508,.0016634083898008,.0032845359997327,7.70402625406e-06,.0021669676386057,.002217811804068,.0013359034573076,.0017074020820779,.0036603542837998,.0001386591748781
19.7,8254,7894,360,.0012645068766861,.0022933606587925,.000016360233171,.001251392352134,.0012700331070956,.0009467032374621,.001297950453595,.0025557681548908,.0002944559581578
19.8,12254,11647,607,.0014952034282508,.0023252609840501,.0000380496390394,.0018578340057002,.0018738378006515,.0015962468476097,.0015347484491353,.0025913185316322,.0006848278263383
19.9,9907,9559,348,.0014248748918946,.0028022407837901,1.02998803498e-06,.0015020043654702,.0015379080910472,.00091514646288,.001462559869265,.0031228746032985,.0000185380067973
20,10449,9950,499,.0012233580729214,.0024262829325757,2.19875111795e-06,.0015841772095285,.0016008144686599,.0013122358763711,.0012557133495539,.0027038994630252,.000039573724923
20.1,5109,4623,486,.0010823238524067,.0021682453737504,3.81562676816e-07,.0007745776020175,.0007437754058909,.0012780493705738,.001110949067236,.0024163371151305,6.86746957848e-06
20.2,12888,12378,510,.0010908229685067,.0022221991941441,3.09528641008e-07,.0019539550077905,.0019914453761882,.001341162919738,.00111967296728,.0024764643591679,5.57098126979e-06
20.3,7541,7091,450,.0011756769973273,.0022039688561121,6.85724210422e-06,.0011432941273858,.0011408417484691,.0011833790468276,.0012067712086796,.0024561480965615,.0001234185217905
20.4,17959,17384,575,.0016968280101863,.0033537201106213,3.09681638959e-06,.0027227714140991,.0027968400726818,.0015120954487242,.0017417055819149,.0037374544759374,.0000557373496882
20.5,9680,9168,512,.0014436252773004,.0025599017822427,.0000155477550742,.0014675888016304,.0014750017134346,.0013464223821683,.0014818061633669,.0028528070496112,.0002798327548096
20.6,18548,17896,652,.0013776373825256,.00251201433631,.0000183150343711,.0028120699475868,.0028792136413204,.0017145847522925,.0014140730260199,.0027994402976942,.0003296390056328
20.7,14781,13993,788,.0018356481700811,.0034743328447628,.0000147750286416,.0022409535203407,.0022512760663275,.0020722281975559,.0018841972463144,.0038718677806269,.0002659250128036
20.8,15797,15057,740,.0015427795199117,.0030674117856007,3.44543453258e-06,.0023949897003466,.0024224586386545,.0019460010992276,.0015835828294697,.0034183866063624,.0000620118745225
20.9,16206,15603,603,.0011984358757517,.0024047189985507,5.20412473190e-07,.0024569983594237,.0025103023270855,.001585727922749,.0012301320121033,.0026798681726722,9.36652624864e-06
21,11792,11056,736,.0011298074858055,.0018827680518968,.0000191675297028,.0017877899947133,.0017787542477893,.001935482174367,.0011596885439796,.0020981953325288,.0003449824501359
21.1,23062,22311,751,.0015999472267608,.0029075726768827,.0000187850465788,.0034964393536363,.0035895247849519,.0019749281425945,.001642262503265,.0032402586253136,.0003380984140982
21.2,10455,9595,860,.0009753239800218,.0017938747890609,5.62428107012e-06,.0015850868720088,.0015436999825921,.0022615688450483,.0010011192707698,.0019991308572273,.0001012273513547
21.3,18221,17289,932,.0018296564249354,.0031711265287604,.000031275327943,.0027624933424077,.0027815559144383,.0024509094925408,.0018780470319715,.0035339684433247,.0005629019195426
21.4,12662,11846,816,.0013583364641563,.002394191340058,.0000192535988338,.001919691054364,.0019058540900247,.0021458606715808,.0013942616385027,.0026681359341262,.000346531545933
21.5,19988,19111,877,.0018786806489338,.0036110626278978,.0000135003911334,.0030303889428706,.0030746899809608,.0023062742757063,.0019283678447319,.0040242422552747,.0002429837377701
21.6,22169,21077,1092,.0019411184783003,.0036766018861776,.0000138699397349,.0033610512544776,.0033909916136628,.0028716664869684,.001992457024824,.0040972805489092,.0002496349747306
21.7,30854,29792,1062,.0018583023351263,.0033703648997925,.0000202793689664,.0046777876947834,.0047931120251574,.0027927745505132,.0019074505669079,.0037560037703737,.0003649936377679
21.8,24454,23213,1241,.0014974384152038,.0029001065059953,8.28699051098e-07,.0037074810490774,.0037346438453269,.0032634964380291,.0015370425468448,.0032319381713458,.0000149151525265
21.9,23618,22415,1203,.0016637842868052,.0029827821466671,.0000208558651604,.003580734743482,.0036062569160816,.0031635666518525,.0017077879207763,.0033240736009845,.0003753695741861
22,29506,28515,991,.0020453124687849,.0033631591432853,.0000411273797213,.0044734168575315,.0045876607611897,.0026060636342359,.0020994067296495,.0037479735275323,.0007402218462135
22.1,30143,28822,1321,.0021062925324255,.0037504173582336,.0000307456028915,.004569992690862,.0046370527251976,.0034738749352429,.0021619995891443,.0041795420249206,.0005533677829588
22.2,27386,26064,1322,.001747286432227,.0032739030745645,.0000119087473673,.0041520027811414,.0041933294785077,.003476504666458,.0017934985242728,.0036485047339116,.0002143368972702
22.3,22509,21120,1389,.0021977838081243,.0034716429412001,.0000541509322468,.0034125987950308,.0033979097063414,.0036526966578746,.0022559106187976,.0038688700969267,.0009746233120982
22.4,27083,25479,1604,.0021018702201041,.0037716108992599,.0000242911451055,.0041060648258838,.0040992112409031,.0042180888691367,.0021574603158597,.0042031605417191,.0004371986836618
22.5,26289,24910,1379,.0019026751220718,.0033357165037322,.0000292146873003,.0039856861576509,.0040076671773184,.0036263993457229,.0019529969217795,.0037173908871669,.0005258139447853
22.6,26215,24882,1333,.001933548007246,.0033207651791808,.0000327043389545,.0039744669870599,.0040031623727835,.0035054317098249,.0019846863305558,.0037007288244358,.0005886216511753
22.7,28824,27276,1548,.0021402898864383,.0038005018376143,.0000262494332187,.0043700185555985,.0043883231605194,.004070823921087,.0021968961024615,.0042353571959731,.0004724444895558
22.8,31890,30246,1644,.0024114229528351,.0037607063497593,.0000639002282738,.004834856083057,.0048661542129736,.0043232781177436,.0024752000745494,.0041910082881038,.0011500938126086
22.9,26050,24538,1512,.0019785547721536,.0029693683148151,.0000488790774386,.0039494512688503,.0039478176313545,.0039761535973408,.002030883430788,.0033091249516515,.0008797390251457
23,35599,33988,1611,.0022988725125148,.0042250101365945,.0000128968146521,.0053971791063264,.0054681891618908,.0042364969876429,.0023596729091703,.0047084379510043,.0002321204029221
23.1,40329,38805,1524,.0028285568603026,.0043514333396362,.0000878628380131,.0061142963616685,.0062431764277737,.0040077103719229,.0029033663062952,.0048493265614087,.001581379426755
23.2,25396,23836,1560,.0018687734427598,.0032258480366884,.0000239360592944,.0038502980584922,.0038348757462289,.0041023806956691,.00191819861356,.0035949512140955,.0004308077519663
23.3,22158,20684,1474,.0018340518589268,.0028052206587996,.0000510065864823,.0033593835399303,.0033277634642977,.0038762238111643,.0018825587160502,.0031261954371262,.0009180305157005
23.4,31217,29795,1422,.001983535591428,.0031394758529188,.000030419722367,.0047328222748445,.0047935946827861,.0037394777879753,.0020359959823729,.0034986962810129,.0005475024960104
23.5,31814,30013,1801,.0019980824338,.0033254664043676,.0000299362543637,.0048233336916393,.004828667803808,.0047361459185257,.0020509275584704,.0037059679662059,.0005388009064517
23.6,32377,30433,1944,.0023951809284854,.003748939811651,.0000478230978692,.0049086903543787,.0048962398718319,.0051121974822953,.0024585284824366,.0041778954167046,.0008607332155926
23.7,33320,31783,1537,.0026433044253954,.0037918810686768,.0000865890795535,.005051658974207,.0051134358047656,.0040418968777201,.0027132143297813,.0042257500342576,.0015584539730796
23.8,40280,38158,2122,.0025813965616512,.0040730905772797,.0000654959818123,.0061068674514123,.0061390832658417,.005580289638596,.0026496691317998,.00453913567824,.0011788146219192
23.9,32735,31315,1420,.0030893966078669,.0045031625957793,.0000946275987231,.0049629668823729,.0050381412146819,.0037342183255449,.0031711047226761,.0050184167564154,.0017031334430786
24,31613,29839,1774,.0027114758841053,.0040973837132438,.0000729832523758,.0047928599985476,.004800673661341,.004665143175716,.0027831887817879,.0045662084472096,.0013135725685014
24.1,27635,25950,1685,.0023824873133518,.0037796051438556,.0000486876348909,.0041897537740759,.0041749884886156,.0044310970975657,.0024454991475835,.0042120694918581,.0008762933897303
24.2,42308,40270,2038,.0031954560906125,.005018646198482,.0000814210844161,.0064143333697704,.0064788742364759,.0053593922165215,.003279969258153,.0055928822558147,.0014654389809319
24.3,42047,39861,2186,.0035784372127538,.0047503343450921,.0001278362227549,.0063747630518752,.0064130719130907,.0057485924363671,.0036730794344331,.0052938700233319,.0023008313552147
24.4,31273,29155,2118,.0027856987632131,.0043219429683581,.0000568230281029,.0047413124579944,.0046906277219879,.0055697707137353,.002859374701676,.0048164618868101,.0010227164252809
24.5,32180,30162,2018,.00264835721127,.0035227410122015,.0000897026459292,.0048788231029406,.0048526397993689,.0053067975922181,.0027184007513332,.0039258148352701,.0016144927936062
24.6,48036,46199,1837,.0036178290748939,.0055775091633199,.0000932501966851,.0072827578176773,.0074327665967457,.0048308162422719,.0037135131293979,.0062156906060863,.0016783425838877
24.7,40917,38562,2355,.0028978888173494,.0042116883379655,.0000780004379024,.0062034432847427,.0062040811598456,.0061930170117312,.0029745319494061,.0046935918653826,.0014038732479636
24.8,36874,34899,1975,.0030139294677352,.0034256486883105,.0001240559903791,.0055904823834006,.005614756195152,.0051937191499657,.0030936416336479,.0038176131581664,.002232793697399
24.9,42578,40264,2314,.0025424784110442,.004332402428461,.0000412671801659,.0064552681813861,.0064779089212184,.0060851980319092,.002609721677053,.0048281181236719,.0007427380129105
25,35316,33160,2156,.0024764133302935,.0036574657521445,.0000584217213166,.0053542733593365,.0053349756563581,.0056697004999119,.0025419093123216,.0040759548486614,.0010514901436696
25.1,48749,46692,2057,.0030638046689147,.0049580759737555,.000055681577368,.0073908560424254,.0075120833337355,.0054093571096098,.0031448359301659,.0055253815550867,.0010021722822774
25.2,33430,31180,2250,.0027371630409513,.0039025226220161,.0000889034134644,.00506833611968,.0050164216213886,.0059168952341381,.0028095553105072,.0043490512505525,.0016001079887721
25.3,49997,47880,2117,.0036017128549969,.0051351319882814,.0001128857645573,.0075800658383381,.0077032157547173,.0055671409825202,.0036969706690038,.0057226964090859,.0020317489132075
25.4,46104,43757,2347,.0033169480746934,.0036998906982401,.0001444789824019,.0069898464990048,.0070398832869499,.0061719791620099,.0034046744525282,.0041232340787242,.0026003723022779
25.5,45043,42931,2112,.0029924508690981,.0038301711832043,.0001151934630425,.0068289878503963,.0069069915531697,.0055539923264443,.0030715949707491,.0042684213232157,.0020732835026903
25.6,51381,48903,2478,.0030943611760387,.0042797388773981,.0000876928228565,.007789894650472,.0078678020061182,.0065164739511974,.0031762005933505,.0047694287822401,.0015783194473947
25.7,55417,53404,2013,.0043521620572396,.0054284556866028,.000159777810911,.0084017942789204,.0085919493351069,.0052936489361422,.0044672676918272,.0060495823545521,.0028757248085808
25.8,44948,42830,2118,.0028282032735491,.0040042469145444,.0000890572000052,.0068145848611241,.0068907420796688,.0055697707137353,.0029030033679075,.0044624148885071,.0016028758810601
25.9,65168,62998,2170,.0036016963561705,.0062644951027367,.0000443217256253,.0098801474199016,.0101354884318228,.0057065167369243,.0036969537338178,.0069812818270257,.0007977145588189
26,42034,39772,2262,.0024154273078822,.003555419258644,.0000808262372251,.0063727921165011,.0063987530701047,.0059484520087202,.0024793103364591,.0039622321433351,.0014547327582418
26.1,61417,59023,2394,.0035586267014326,.0050164736185299,.0001116150463603,.0093114567592698,.0094959670737401,.006295576529123,.0036527449762904,.0055904610881565,.0020088781790108
26.2,65262,62536,2726,.004042307554949,.0061537772388953,.0001125340232882,.0098943987987604,.0100611591569966,.0071686472925602,.0041492181824006,.006857895568742,.0020254181774944
26.3,56572,54018,2554,.0033451220498426,.004480482623203,.0001118640800377,.0085769043063877,.0086907332631227,.0067163335235506,.0034335935707225,.004993141729811,.0020133603553545
26.4,71141,68514,2627,.0056949393310214,.0064523578154965,.0002663922965944,.0107857164190894,.0110229349252025,.0069083039022582,.0058455586317307,.0071906398871816,.0047946015267293
26.5,80240,77558,2682,.0044839121195492,.0062184558943934,.0001645793454405,.0121652195705392,.0124779867899825,.0070529391190926,.0046025022692651,.0069299747889856,.0029621441423225
26.6,64199,61551,2648,.0028518676206975,.0045144358353567,.0000694449818517,.0097332369293251,.0099026865688931,.0069635282577768,.0029272935878198,.0050309798858141,.0012498898063742
26.7,73556,70859,2697,.0042113713997663,.005686832252335,.0001489411065601,.01115185556743,.0114002123050023,.0070923850873202,.0043227534142866,.0063375224986968,.0026806828351844
26.8,72380,69773,2607,.0045658239306292,.0060159267258528,.0001738078396256,.0109735617212815,.0112254902433978,.0068557092779547,.0046865804773842,.0067042721296991,.0031282411086202
26.9,74523,71813,2710,.004463203555249,.0060932892452562,.0001715292643776,.0112984628371797,.0115536974309422,.0071265715931175,.0045812460065097,.0067904865080243,.0030872306871384
27,58925,56333,2592,.0032723717035563,.0043628939503925,.0001169199569013,.008933643609098,.0090631840666351,.0068162633097271,.0033589191290865,.0048620985010922,.0021043574120974
27.1,84847,82076,2771,.0048838014593732,.0058675014379457,.0002310227945879,.0128636887450342,.0132048691788674,.007286985197243,.0050129678504191,.0065388639446589,.0041580115408773
27.2,50867,48135,2732,.0034298250355176,.0040755029101633,.0001441307169353,.0077119668979888,.0077442416531603,.0071844256798513,.0035205367741995,.0045418240314824,.0025941041250114
27.3,74368,71409,2959,.0040052236840211,.005937631117483,.0000971179011945,.011274963223104,.0114886995369383,.0077813746656954,.0041111535202154,.0066170178978921,.0017479545891262
27.4,77640,75375,2265,.0046839932663416,.0063194293679193,.0001608438271921,.0117710324957212,.0121267729221348,.0059563412023657,.0048078751462521,.0070425016988447,.0028949112616216
27.5,69502,67080,2422,.0044701366930157,.0058497672581317,.000150271641973,.0105372269515406,.010792224578664,.0063692090031478,.0045883625113505,.0065191006109469,.0027046301760178
27.6,67237,64698,2539,.0061448422719265,.0055143368424961,.0003593669290555,.0101938293652087,.0104089944214431,.006676887555323,.0063073605696939,.0061452900760986,.006467984430229
27.7,69177,66856,2321,.0046967738438013,.005137615028978,.0002372707195867,.0104879535671884,.0107561861423846,.0061036061504154,.004820993743404,.0057254635605652,.0042704634064948
27.8,79740,76445,3295,.0052842506809336,.0053347055260003,.0003169441533372,.0120894143638435,.0122989208097193,.0086649643539934,.0054240081210172,.0059451052527648,.0057044476920157
27.9,68811,65871,2940,.0045341942535009,.0049890796804907,.0002123546411134,.010432464155887,.0105977135542811,.0077314097726071,.0046541142610807,.005559932721757,.0038220170008924
28,70415,67500,2915,.0054985407416256,.0049799184784748,.0003342192793741,.0106756472589671,.0108597966466879,.0076656664922278,.0056439657081242,.0055497232903347,.0060153701425879
28.1,81171,78247,2924,.0062129284082057,.0064931194178049,.0002727819637552,.0123063688654068,.0125888371587168,.0076893340731644,.006377247442669,.007236065452813,.0049096045066056
28.2,70737,68042,2695,.0054759681378545,.0045193447856224,.0003456276839407,.0107244658120792,.0109469967916139,.0070871256248899,.0056207961059309,.0050364505206726,.0062207017330723
28.3,66642,63952,2690,.0052249546339926,.0049495197306524,.000276115028073,.0101036211692407,.0102889735577627,.007073976968814,.0053631438169612,.0055158463022843,.0049695939112216
28.4,65273,62312,2961,.0038075057295546,.0043586614599525,.0001696094959912,.0098960665133077,.0100251207207172,.0077866341281258,.0039082063370762,.0048573817269376,.0030526781698392
28.5,69130,66378,2752,.0045179088903398,.005185511070575,.0002004892017908,.0104808278777589,.0106792826935385,.0072370203041547,.004637398183935,.0057788398916667,.0036084595736732
28.6,60948,58584,2364,.0060378312173534,.0056294124465581,.0003065708334973,.0092403514753892,.0094253381740676,.0062166845926678,.0061975192952939,.0062735326894612,.0055177458399821
28.7,86565,83699,2866,.0048200177403356,.0058790899302114,.0001924975075989,.0131241554352409,.0134659869560167,.0075368096626844,.0049474971846733,.0065517783981192,.0034646228724486
28.8,73131,70315,2816,.0040913810647211,.0047877075668247,.0001858437270694,.0110874211417386,.0113126903883238,.0074053231019258,.0041995895844409,.005335519508154,.0033448663078142
28.9,68569,66066,2503,.0054342641704423,.004672974110486,.0003396620701325,.0103957744358463,.0106290863001493,.0065822172315768,.0055779891553184,.0052076581912316,.0061133309815979
29,77367,74156,3211,.0056464922350845,.0049254674795554,.0003710794595317,.0117296428528653,.0119306530389894,.0084440669319189,.0057958302108688,.0054890419803511,.0066787897621429
29.1,55315,52706,2609,.0067232079637861,.004746270391929,.0004429791735067,.0083863300167545,.0084796509934864,.006860968740385,.0069010228311917,.0052893410705754,.0079728605096951
29.2,87692,84605,3087,.0062632577099174,.0065431653102435,.0003357725283294,.0132950203711332,.0136117495598967,.0081179802612375,.0064289078497338,.0072918376217856,.006043325942765
29.3,64609,61798,2811,.0045606190591794,.0037388538052494,.0003011343189159,.0097953971988157,.0099424253803262,.0073921744458499,.0046812379479098,.0041666553643071,.005419897961325
29.4,61749,58862,2887,.0053859394553992,.0046263351310984,.0003097198089286,.0093617914165158,.0094700644476643,.007592034018203,.0055283863520704,.0051556827560386,.0055744219623901
29.5,55362,52542,2820,.0050506333379616,.0042239709910652,.0002699238224927,.0083934557061839,.0084532657097818,.0074158420267864,.0051842120852116,.0047072799059137,.0048581628972343
29.6,62522,59285,3237,.006248846882694,.0040610605361933,.0004575878890632,.0094789862660675,.0095381191733169,.0085124399435134,.0064141158861027,.0045257291537177,.0082357921740343
29.7,66576,63659,2917,.0048812834641133,.0043905374385725,.0002949534432975,.0100936148819569,.0102418339960223,.0076709259546582,.0050103832594217,.0048929049712868,.0053086528688241
29.8,68761,65644,3117,.0058196954626815,.0044049289966083,.000402880276451,.0104248836352175,.010561192460373,.0081968721976927,.0059736143035996,.0049089432187321,.007251149576229
29.9,51882,49043,2839,.0049626125894541,.003498528614116,.0003551171521741,.0078658514675812,.0078903260287928,.0074658069198747,.0050938633709757,.0038988320422483,.0063914957817799
30,72116,69008,3108,.0077270822599987,.0050556771278574,.0005528890536693,.0109335365721462,.0111024125480687,.0081732046167561,.0079314475146353,.0056341502830134,.0099510486403848
30.1,67221,63793,3428,.0068148797917756,.0043701215191844,.0005452551666507,.0101914035985944,.0102633927034394,.0090147186056113,.0069951191883683,.004870153051991,.00981365185068
30.2,53386,50205,3181,.00673234652951,.0038038432953033,.0005591299213758,.0080938735293221,.0080772754169921,.0083651749954637,.0069104030929722,.0042390809849549,.010063373486923
30.3,65665,62787,2878,.0070964737312481,.004197558452137,.0005551408905292,.0099554977953572,.0101015415119347,.0075683664372664,.0072841607018679,.004677845230812,.0099915778170326
30.4,62489,59294,3195,.0069919731091565,.0045333303756083,.0005117126389776,.0094739831224256,.0095395671462031,.0084019912324761,.0071768962556671,.0050520363489967,.0092099442493419
30.5,47630,44877,2753,.0082995698370719,.0041239009088634,.0006404985327591,.0072212039898403,.0072200754683468,.0072396500353699,.0085190761974362,.0045957597538747,.0115278680438363
30.6,55869,52923,2946,.008660647147628,.0051039949822062,.0006446022401435,.0084703221857734,.008514563228632,.0077471881598982,.0088897032518713,.0056879966908969,.0116017276934653
30.7,48782,46417,2365,.0085675090619571,.0044705917359659,.0006940531676814,.0073958591860674,.0074678397177676,.006219314323883,.0087941018575472,.0049821191222123,.0124917590333447
30.8,36260,33640,2620,.0080463938197735,.0039800712971262,.0005880600579979,.0054973935895782,.0054122008769567,.0068898957837519,.0082592042010473,.0044354730846154,.0105840660106552
30.9,46939,43664,3275,.0079987715804818,.0043427319226786,.0006583925680901,.0071164411941867,.0070249209004589,.0086123697296899,.0082103224525733,.0048396295238855,.0118499297934222
31,45964,43016,2948,.0072915090867944,.0038309770292223,.0005722507264414,.0069686210411299,.0069206668526507,.0077524476223285,.0074843543369248,.004269319374546,.0102995253306651
31.1,45457,42455,3002,.0064225642467824,.0036335877585437,.0005104150665583,.0068917545615404,.006830409876076,.0078944531079478,.0065924277131658,.004049344722856,.0091865901854974
31.2,40934,38179,2755,.0068856557390255,.0037702159159029,.0005173126275642,.0062060206617704,.0061424618692429,.0072449094978002,.0070677670122198,.0042016059436549,.0093107343779244
31.3,42842,39695,3147,.0077809811567281,.0040755584259445,.0006389406776891,.0064952933305215,.0063863648576337,.0082757641341478,.0079867719250818,.0045418858994076,.0114998293415448
31.4,43580,40550,3030,.011251935890017,.0044050022647381,.0009470665219254,.0066071818156044,.0065239222818251,.0079680855819727,.0115495261920152,.0049090248702387,.0170455626907692
31.5,42750,39829,2921,.008719334889351,.0045537956978731,.0006221958141847,.0064813451724894,.0064079235650508,.0076814448795189,.0089499431623014,.0050748433238715,.011198450701285
31.6,34612,31761,2851,.007382455302932,.0035181368111066,.0006038196238722,.0052475396283089,.0051098963154882,.0074973636944568,.0075777058913251,.0039206838191379,.0108677109942663
31.7,35804,32659,3145,.0095794269457814,.0039852029373846,.0007510393116425,.0054282592410716,.0052543718323582,.0082705046717175,.0098327828647654,.0044411918897691,.013517411262525
31.8,33590,30998,2592,.0080340398907644,.0035332507891933,.0006234909274423,.0050925937858227,.0049871403919116,.0068162633097271,.0082465235363102,.0039375271463048,.0112217605044648
31.9,34901,32264,2637,.0058544112620655,.0028635899593635,.000470013698317,.005291355037779,.0051908219112405,.0069346012144099,.0060092482636739,.0031912433828265,.0084594352927764
32,27233,24619,2614,.0060917490525729,.0027187427308322,.0005332220716629,.0041288063878925,.0039608493873305,.0068741173964609,.0062528631451141,.0030298226605405,.009597076910873
32.1,34031,30978,3053,.0103759269849477,.0032602886201997,.0009760212657711,.0051594539781284,.0049839226743866,.0080285693999216,.0106503486733703,.0036333325067355,.0175666981020535
32.2,31211,28483,2728,.0073378992459715,.0030352631548155,.0006287966491126,.0047319126123642,.0045825124131498,.0071739067549906,.0075319714193278,.0033825595128484,.0113172543364788
32.3,37363,34204,3159,.0077251810003416,.0037643782070422,.0005833419409784,.0056646198755491,.0055029405111602,.0083073209087299,.0079294959706146,.0041951002811695,.0104991480481081
32.4,27125,24157,2968,.0070363809239496,.0024770461262873,.0006303725113962,.0041124324632462,.0038865201125043,.007805042246632,.0072224785648,.0027604710072483,.0113456171375347
32.5,23232,20145,3087,.0071857622471053,.0026328856709407,.0006106414841429,.0035222131239129,.0032410459770004,.0081179802612375,.007375810713263,.0029341417920727,.0109904927041244
32.6,39746,36846,2900,.0073405556182882,.0035570545690361,.0005471692003582,.0060259074906612,.0059280009962053,.0076262205240002,.0075346980471675,.0039640545667762,.0098481011536567
32.7,34170,31255,2915,.0041907898558539,.0023334000713953,.0003368290979962,.0051805278255898,.0050284880621071,.0076656664922278,.0043016275313442,.002600388897502,.0060623423730546
32.8,33920,31007,2913,.0053816230985297,.0029043975651872,.0004243218062468,.0051426252222419,.0049885883647978,.0076604070297975,.005523955836539,.0032367202157188,.0076370601029545
32.9,26092,23270,2822,.0073284003072654,.0027388527057237,.0006063995543334,.0039558189062127,.003743814340273,.0074211014892168,.0075222212534492,.0030522336290144,.0109141452894243
33,23850,20455,3395,.0078333033327139,.0027573800848925,.0006743883825073,.0036159083593888,.003290920598637,.0089279374755106,.0080404779138003,.0030728809203558,.0121378268430221
33.1,24795,22007,2788,.0063468000444826,.0028294218786907,.0004769839261048,.0037591802000439,.0035406154785727,.0073316906279009,.0065146597052931,.0031531657729389,.0085848873618503
33.2,23186,20514,2672,.0056777343633312,.0023538754549013,.0004760750569283,.0035152390448968,.0033004128653356,.0070266418069409,.0058278986284288,.0026232070848304,.008568529285446
33.3,19378,16409,2969,.0070670839492757,.0024266891552363,.0006353862352195,.0029379065907018,.0026399763433408,.0078076719778471,.0072539936212885,.0027043521658897,.0114358555123117
33.4,20470,17808,2662,.0056530804429258,.0019548008633724,.0005113216940644,.0031034651621254,.0028650556842106,.0070003444947892,.005802592663105,.0021784701750272,.0092029079157034
33.5,20961,18352,2609,.0059589120832897,.0020605830165226,.0005573896325012,.0031779058751006,.0029525776008891,.006860968740385,.0061165129142739,.0022963559760853,.0100320512910421
33.6,23195,20468,2727,.009156038140537,.0030827158664993,.0007839851572148,.0035166035386174,.0032930121150283,.0071712770237754,.0093981963062058,.0034354417880019,.0141103796159627
33.7,19934,17351,2583,.004966736679876,.0020224656744134,.0004336765113965,.0030222019805475,.0027915308387656,.0067925957287906,.0050980965350118,.0022538772282538,.0078054286487645
33.8,17952,15912,2040,.0046419752145312,.0017570642855245,.000403243779628,.0027217101412054,.0025600160628459,.0053646516789519,.0047647458043624,.0019581084771044,.0072576920059823
33.9,16149,13916,2233,.0044526249346393,.0018979477500941,.0003580714536797,.0024483565658604,.0022388878538564,.0058721898034802,.0045703876033868,.0021151118995349,.006444668109547
34,19232,16609,2623,.0056773931822635,.0017295143223814,.0005410999315626,.0029157714703466,.0026721535185902,.0068977849773975,.0058275484238314,.0019274062331292,.0097388647913243
34.1,18752,16456,2296,.0056900324188512,.0020493579727339,.0004552724538305,.0028429984719186,.0026475379795244,.0060378628700361,.0058405219419392,.002283846557062,.0081941183364516
34.2,18776,16384,2392,.0073820793118069,.0019516070907346,.0006841682717024,.00284663712184,.0026359541964346,.0062903170666926,.0075773199560168,.0021749109692955,.0123138479677533
34.3,13772,11536,2236,.0043682299313657,.0015100861297286,.0003783676062206,.0020879786132286,.001855979468388,.0058800789971257,.0044837605278052,.0016828709547737,.0068099638226867
34.4,17237,15235,2002,.0046937265084959,.0014489881256602,.0004562228275423,.0026133086956304,.0024510963246265,.0052647218927753,.0048178658124177,.0016147820859223,.008211223422852
34.5,15981,13698,2283,.0045121956249499,.0014873174510439,.0003894634972224,.0024228860164106,.0022038147328345,.0060036763642388,.0046315338145582,.0016574970722628,.0070096707084259
34.6,15227,13323,1904,.0034862056454259,.0015681041981891,.0002943901582895,.0023085717647134,.0021434825292418,.0050070082336884,.0035784085339769,.0017475274802143,.0052985147109495
34.7,13994,12011,1983,.0070103810618148,.0017769467611416,.0006737189169214,.0021216361250016,.0019324002596054,.0052147569996871,.0071957910603875,.0019802659157209,.0121257776180224
34.8,12752,10838,1914,.0054612813268971,.0016510270903576,.0004941635929037,.0019333359915692,.0017436811267675,.0050333055458402,.0056057208593699,.001839938451992,.0088940917109078
34.9,12252,10447,1805,.0046802153646199,.0017164490833993,.0003616882620157,.0018575307848735,.0016807747491548,.0047466648433864,.0048039973268873,.00191284606284,.0065097644167277
35,12087,10266,1821,.0066989074037976,.0019994666768975,.0006046035231898,.0018325150666639,.001651654405554,.0047887405428291,.0068760795719329,.0022282466737136,.0108818198289179
35.1,12350,10909,1441,.0052656303958557,.001659021488183,.0004788389480824,.0018723886053858,.001755104023981,.0037894426810636,.0054048953681263,.0018488475728933,.0086182745555479
35.2,10387,8872,1515,.0056960974576895,.0016154106859266,.0005342907667084,.0015747773638982,.0014273794940654,.0039840427909863,.0058467473884404,.0018002468004031,.0096163115770502
35.3,9743,8040,1703,.0041538912894248,.0014091262061776,.0003562001107584,.001477140257674,.0012935224450277,.0044784322594388,.0042637530745764,.0015703591452846,.0064109871670336
35.4,9619,8507,1112,.0029638088150376,.0012399036088314,.0002353423020871,.0014583405664135,.0013686561492352,.0029242611112718,.0030421953939297,.0013817740120536,.0042357552200868
35.5,6785,5613,1172,.0030750835635951,.0009540960505745,.0002847192194872,.0010286766548618,.0009030524233757,.0030820449841822,.0031564131281523,.0010632642072308,.0051244545052332
35.6,9140,7538,1602,.0066465112090666,.0024784347444397,.000425497455756,.0013857191783989,.0012127577351516,.0042128294067063,.0068222976068273,.0027620185117978,.0076582197648662
35.7,8787,7279,1508,.0050820153984339,.0011698465305272,.0005023575715493,.0013322007024717,.0011710882932036,.0039656346724801,.0052164241359135,.0013037009671236,.009041569183141
35.8,6818,5563,1255,.0036043666966865,.0012467920135981,.0003015378126233,.0010336797985037,.0008950081295633,.0033003126750415,.0036996946992866,.0013894505916065,.0054271601516008
35.9,7913,6923,990,.0024208316978413,.000923951282927,.0002108509308564,.0011996932011675,.0011138129212596,.0026034339030208,.0024848576612924,.0010296702598965,.0037949528117765
36,7637,6540,1097,.0025582166188507,.0008997429492298,.0002010948462941,.0011578487270714,.0010521936306569,.0028848151430442,.002625876127723,.0010026919963124,.0036193601293478
36.1,6446,5284,1162,.0038302560092002,.0011110206807683,.0003563675311148,.000977280724722,.0008501209700904,.0030557476720304,.0039315583143013,.0012381442336365,.0064140004444705
36.2,6766,5670,1096,.0053445528852374,.001994254635703,.0003733734185452,.0010257960570073,.0009122229183218,.0028821854118291,.0054859051932056,.0022224382681077,.0067200770648507
36.3,5879,4874,1005,.0065020304243295,.0029755259876136,.0002999264066758,.000891317620329,.000784157760829,.0026428798712484,.0066739956058316,.0033159871885118,.0053981576259453
36.4,7588,6304,1284,.0031531067356372,.0008647206458114,.0002829491597159,.0011504198168152,.0010142245638625,.0033765748802815,.0032364998508187,.000963662423077,.005092596484598
36.5,7100,6066,1034,.0032638917379997,.0010566184033122,.0002945178280427,.0010764339350801,.0009759337253157,.0027191420764884,.003350214886078,.0011775172198509,.0053008125461396
36.6,4918,4138,780,.0012289153459832,.0004380805215548,.0001077364767346,.0007456200130597,.000665745755911,.0020511903478345,.0012614176009299,.0004882059182341,.0019390706204346
36.7,5681,4593,1088,.0049718016275121,.0010925029043054,.0004759752743316,.0008612987584775,.0007389488296035,.0028611475621077,.0051032954399786,.0012175076437474,.0085667333709362
36.8,5466,4537,929,.002646282135341,.0007198091847731,.0002478599369904,.0008287025195983,.0007299392205337,.0024430202988952,.0027162707939617,.0008021701187678,.0044610510420227
36.9,4248,3562,686,.0036389959693738,.0011247910550545,.000289099068179,.0006440410360874,.0005730754911926,.0018039956136083,.0037352398442128,.0012534902211708,.0052032842217568
37,4720,3921,799,.00320163378264,.0009843330665453,.0002736053903416,.0007156011512082,.0006308335207654,.0021011552409228,.003286310337286,.0010969609579887,.0049244247638684
37.1,4376,3745,631,.0037829439847722,.0013631060066255,.0002516642826532,.0006634471690015,.0006025176065459,.0016593603967738,.0038829949852289,.0015190732910313,.0045295226973832
37.2,5696,4888,808,.0050100403593701,.0015432848836667,.0003908920851614,.0008635729146784,.0007864101630964,.0021248228218594,.0051425455067635,.0017198683270674,.0070353828254835
37.3,3287,2633,654,.0033939640181646,.0007825381000157,.0003259992028985,.0004983434288181,.000423612512159,.0017198442147228,.0034837273075229,.0008720765084816,.0058674229544624
37.4,3804,3282,522,.0019932546268131,.0008232582566956,.0001442021359059,.0005767260125415,.0005280274458434,.00137271969432,.0020459720660298,.0009174558862544,.0025953895432065
37.5,3091,2603,488,.0034751214142804,.0010936066659482,.0002681986467669,.0004686277877933,.0004187859358715,.0012833088330042,.0035670311479711,.0012187376983602,.0048271127119456
37.6,3384,2892,492,.0033633873974466,.000843624383023,.0003287801878827,.0005130496389171,.000465281954107,.0012938277578649,.0034523419987815,.0009401523151421,.0059174758839996
37.7,2288,1925,363,.0021435502582727,.0006166914332866,.0001891567234144,.0003468846258399,.0003097053117759,.0009545924311076,.0022002427043498,.0006872535815704,.0034044945235583
37.8,2568,2103,465,.0038704533628166,.0007264624109906,.00041568631747,.0003893355415895,.0003383429977479,.0012228250150552,.0039728188043166,.000809584610522,.0074816362104369
37.9,2666,2219,447,.0021025487569563,.0003972955868535,.0002266595235145,.0004041933621019,.0003570057593926,.0011754898531821,.0021581567986004,.0004427543505057,.0040794801928707
38,2674,2385,289,.0012158725402575,.0003369456194577,.0001226388083486,.000405406245409,.0003837128148496,.0007599923211849,.0012480298401198,.0003754991090644,.0022072868670063
38.1,2678,2337,341,.0013967825293431,.0003961636049303,.0001258507988847,.0004060126870626,.0003759902927898,.0008967383443738,.0014337245221518,.0004414928466335,.0022650971525327
38.2,2298,1927,371,.0025473056589773,.0007358477283965,.0002186026055869,.0003484007299738,.0003100270835284,.000975630280829,.002614676595654,.0008200438007316,.003934469576986
38.3,1798,1606,192,.0008539767909987,.0003487343000657,.0000741884691168,.000272595523278,.000258382717253,.0005049083933131,.0008765627009805,.0003886366565193,.0013352643895507
38.4,1612,1425,187,.0012803861304107,.0004087154873028,.0001251233583644,.0002443959863872,.0002292623736523,.0004917597372373,.0013142496805542,.000455480921788,.0022520044787809
38.5,2589,2205,384,.001792920887158,.0005231141287165,.0001660100807507,.0003925193602708,.0003547533571251,.0010098167866262,.0018403399156241,.0005829691140909,.0029878949083563
38.6,2098,1765,333,.0019822851195735,.0005554688570916,.0001833299697563,.0003180786472955,.0002839635715764,.0008757004946524,.0020347124381386,.0006190258869862,.0032996230151017
38.7,1575,1243,332,.0013776267752638,.0003676939599738,.0001293578648802,.0002387864010917,.0001999811441753,.0008730707634373,.0014140621382181,.0004097656903828,.0023282182870085
38.8,1975,1700,275,.0020951549431518,.0005343706088325,.0001883173001452,.0002994305664483,.0002735059896203,.0007231760841724,.0021505674337987,.0005955135664021,.003389386353616
38.9,1869,1604,265,.0027642807238252,.0006304438828839,.0002451951338699,.0002833598626288,.0002580609455006,.0006968787720207,.0028373901996924,.0007025795934638,.0044130891854925
39,2357,2138,219,.0008660937200164,.0003612714846102,.0000716716384852,.0003573457443639,.0003439740034166,.0005759111361228,.0008890000975693,.0004026083521128,.0012899657824101
39.1,1027,900,127,.0014936375936378,.0004192117365731,.0001396199744417,.0001557038945531,.0001447972886225,.0003339758643269,.0015331412014534,.0004671781572525,.0025129185459863
39.2,936,706,230,.001782510971776,.0004375432150612,.0001474550649823,.0001419073469345,.0001135854286305,.0006048381794897,.0018296546796314,.0004876071328574,.0026539366517956
39.3,1010,789,221,.0019325024492066,.0003851894933393,.0001970590171591,.0001531265175255,.0001269389563591,.0005811705985531,.0019836131196808,.0004292630715979,.0035467221710449
39.4,1238,1067,171,.0010719188913682,.0003912704770466,.0000879215520828,.0001876936917788,.0001716652299558,.0004496840377945,.0011002689166188,.000436039844562,.0015824361786656
39.5,1681,1473,208,.0007536278065782,.000218168152901,.0000687790358265,.0002548571049112,.0002369848957122,.0005469840927559,.0007735596946325,.0002431310642127,.0012379039273908
39.6,1010,799,211,.000871228073301,.0002110022206794,.0000925963812754,.0001531265175255,.0001285478151215,.0005548732864014,.0008942702438197,.0002351452023719,.0016665750350452
39.7,986,853,133,.0014030846451967,.0004139218766368,.000118971870772,.0001494878676041,.0001372356524389,.0003497542516179,.0014401933158623,.0004612830288447,.0021412883200214
39.8,833,666,167,.0007630209705177,.0001807127917792,.0000694622230506,.0001262914743552,.0001071499935807,.0004391651129338,.0007832012882219,.0002013900415707,.0012502001181941
39.9,892,698,194,.0009519797674587,.0001808821386842,.0000964126397324,.0001352364887453,.0001122983416206,.0005101678557435,.0009771576523367,.0002015787652348,.0017352611001385
40,789,615,174,.0012160421604814,.0002401649930048,.0001170095869925,.0001196206161659,.000098944813892,.00045757323144,.0012482039464458,.0002676447939787,.0021059705990308
40.1,885,769,116,.0007064213899074,.0003116543272497,.0000464778729552,.0001341752158515,.0001237212388341,.00030504882096,.0007251047664228,.0003473139743044,.000836521489094
40.2,1026,798,228,.0015722921230929,.0002351643269138,.0001674353269459,.0001555522841397,.0001283869292453,.0005995787170593,.0016138759796234,.0002620719491234,.003013546879794
40.3,1063,893,170,.0012253413800572,.0002891214238074,.0001124909266014,.0001611618694352,.0001436710874888,.0004470543065793,.0012577491110384,.0003222028445595,.0020246425115189
40.4,899,753,146,.000822202603783,.0002004413227743,.0000801991449871,.000136297761639,.0001211470648142,.0003839407574152,.0008439481525983,.0002233759211429,.0014434461803644
40.5,1056,872,184,.0018492537582472,.0002355717820608,.0001990219765915,.0001601005965415,.0001402924840876,.0004838705435917,.00189816267399,.0002625260254961,.0035820520526214
40.6,1249,1002,247,.0015789163732845,.0004642903708976,.0001220667059286,.0001893614063261,.0001612076479997,.0006495436101476,.0016206754274551,.0005174147119046,.0021969900109349
40.7,669,548,121,.0010574448178347,.0001993858439717,.0001093614242105,.000101427366559,.0000881654601835,.0003181974770359,.0010854120339441,.0002221996739175,.0019683168702259
40.8,862,657,205,.0010914494273885,.0001845220668777,.0001069276976358,.0001306881763435,.0001057020206944,.0005390948991104,.0011203159946963,.0002056351758685,.0019245139926661
40.9,451,405,46,.0004920483513452,.0001313632568691,.0000408624565994,.0000683762964396,.0000651587798801,.0001209676358979,.0005050620068536,.0001463939077099,.0007354536872953
41,754,611,143,.0011937022406167,.0001241212570426,.0001347643928807,.0001143142516972,.0000983012703871,.0003760515637697,.0012252731821643,.0001383232745702,.0024255264589669
41.1,338,254,84,.0007319233147077,.000222838242502,.0000685453391882,.0000512443197263,.0000408650125668,.0002208974220745,.000751281164094,.0002483355078474,.0012336977912774
41.2,368,290,78,.000596956796189,.0001971049978238,.0000552803051005,.0000557926321281,.0000466569041117,.0002051190347835,.00061274506187,.0002196578521902,.0009949500740874
41.3,466,335,131,.0015893132836665,.0002036634039042,.0001738811438406,.0000706504526405,.0000538967685428,.0003444947891876,.0016313473144928,.0002269666744389,.0031295604579618
41.4,457,325,132,.0011386905344242,.0001534055908756,.0001248859250147,.0000692859589199,.0000522879097803,.0003471245204028,.0011688065307588,.0001709583368141,.002247731088313
41.5,692,565,127,.0006882914274867,.0001511489640409,.0000693038018776,.000104914406067,.0000909005200797,.0003339758643269,.0007064953042036,.0001684435055862,.0012473488105263
41.6,705,657,48,.0002689104635668,.0001133743741621,.0000222799396511,.0001068853414411,.0001057020206944,.0001262270983283,.0002760225860358,.00012634672787,.0004010004569655
41.7,729,665,64,.0005845857985448,.0001819266784162,.0000424011629115,.0001105239913625,.0001069891077044,.000168302797771,.0006000468770679,.0002027428217357,.0007631477449979
41.8,670,608,62,.0003501432437729,.0001124072789276,.0000352762485605,.0001015789769723,.0000978186127583,.0001630433353407,.0003594038043267,.0001252689771055,.0006349115847848
41.9,344,294,50,.0004577688110428,.0001174388562299,.000047508751044,.0000521539822067,.0000473004476167,.0001314865607586,.0004698758440063,.0001308762700487,.0008550755153222
42,547,462,85,.0001998493968769,.0000587024899441,.0000202257928016,.0000829308961252,.0000743292748262,.0002235271532897,.0002051349977683,.0000654192587794,.0003640293592774
42.1,270,218,52,.0004961871969618,.0000555878832009,.0000592381429411,.0000409348116157,.0000350731210219,.000136746023189,.0005093103163285,.0000619482771443,.0010661843237103
42.2,648,542,106,.0003490088814024,.0000388965071738,.0000417966617769,.0000982435478777,.000087200144926,.0002787515088083,.0003582394404308,.0000433470653603,.0007522677679857
42.3,299,206,93,.0006689125270277,.0001128285305887,.0000702547233229,.0000453315136041,.0000331424905069,.000244565003011,.0006866038721326,.0001257384285965,.0012644637551852
42.4,146,102,44,.0002226674667203,.0000238701083162,.0000243149611661,.0000221351203552,.0000164103593772,.0001157081734676,.000228556558101,.0000266013382825,.0004376273316453
42.5,188,139,49,.0003450435065676,.0000460122369379,.0000371752501356,.0000285027577176,.0000223631367984,.0001288568295435,.000354169189679,.0000512769805527,.0006690903353254
42.6,201,175,26,.0002542631564772,.0000586129823099,.0000266509689646,.0000304736930917,.0000281550283433,.0000683730115945,.0002609878881379,.000065319509636,.0004796714399034
42.7,73,46,27,.000460637186985,.0000986716367963,.0000406033874089,.0000110675601776,7.40075030737e-06,.0000710027428097,.0004728200825264,.000109961695797,.0007307908890384
42.8,159,127,32,.0003835565921291,.0001172020691351,.0000310140607098,.0000241060557293,.0000204325062834,.0000841513988855,.0003937008662523,.0001306123896538,.0005581995603116
42.9,263,219,44,.0001179289024302,9.61067663008e-06,.0000140118379108,.000039873538722,.0000352340068981,.0001157081734676,.0001210478766256,.0000107103351511,.0002521888969696
43,66,16,50,.0004955835765581,.000067145341859,.0000536846456143,.0000100062872838,2.57417401996e-06,.0001314865607586,.0005086907314206,.0000748281461159,.0009662309575568
43.1,7,2,5,.0000318977581401,5.10933250553e-06,3.16358082841e-06,1.06127289374e-06,3.21771752494e-07,.0000131486560759,.0000327413875005,5.69394493636e-06,.0000569389943469
43.2,82,76,6,.0000133259787427,.0000170031091127,6.77230984653e-07,.0000124320538981,.0000122273265948,.000015778387291,.0000136784231644,.0000189486135282,.0000121889887751
43.4,141,113,28,.0000881311959266,.0000269025591955,8.41064771222e-06,.0000213770682882,.0000181801040159,.0000736324740248,.0000904620827596,.0000299807637378,.0001513771414463
43.6,33,33,0,5.50706389537e-07,1.04495741038e-06,0,5.00314364192e-06,5.30923391616e-06,0,5.65271428156e-07,1.16452197016e-06,0
43.7,23,14,9,2.24320868336e-06,4.57897506223e-06,1.25364092718e-09,3.48703950801e-06,2.25240226746e-06,.0000236675809366,2.30253688751e-06,5.10290372394e-06,2.25633728162e-08
43.8,143,110,33,.000059991523623,.000028682507093,3.31124888076e-06,.000021680289115,.0000176974463872,.0000867811301007,.0000615781746497,.0000319643741815,.0000595967644035
43.9,40,34,6,.0000387484336181,7.41235206281e-06,4.17881048520e-06,6.06441653566e-06,5.47011979241e-06,.000015778387291,.0000397732490965,8.26047716583e-06,.0000752113758108
44,2,1,1,7.21894522221e-06,2.40844656219e-06,4.45656240800e-07,3.03220826783e-07,1.60885876247e-07,2.62973121517e-06,7.40987130904e-06,2.68402224604e-06,8.02104310016e-06
44.2,7,7,0,.0000357490259015,.0000753179838284,0,1.06127289374e-06,1.12620113373e-06,0,.0000366945132842,.0000839359059471,0
44.3,1,1,0,7.80060088704e-06,4.83320127387e-06,0,1.51610413392e-07,1.60885876247e-07,0,8.00691055646e-06,5.38621862836e-06,0
44.7,2,2,0,4.40978475423e-06,9.29077305045e-06,0,3.03220826783e-07,3.21771752494e-07,0,4.52641438931e-06,.0000103538280408,0
44.9,8,6,2,1.99073479190e-06,1.65231547555e-07,2.54629526353e-07,1.21288330713e-06,9.65315257483e-07,5.25946243034e-06,2.04338558672e-06,1.84137425488e-07,4.58289196576e-06
45,2,2,0,3.18184908255e-06,6.70369172440e-06,0,3.03220826783e-07,3.21771752494e-07,0,3.26600237303e-06,7.47073155011e-06,0
45.1,48,46,2,1.00938512417e-06,1.86035971694e-06,5.91229620817e-10,7.27729984280e-06,7.40075030737e-06,5.25946243034e-06,1.03608126134e-06,2.07322302446e-06,1.06411126705e-08
45.2,4,0,4,3.80731115399e-06,0,5.09259052706e-07,6.06441653566e-07,0,.0000105189248607,3.90800661539e-06,0,9.16578393151e-06
45.3,76,67,9,.0000381182358481,.0000164359918617,2.01925254471e-06,.0000115223914178,.0000107793537086,.0000236675809366,.0000391263839062,.0000183166064322,.0000363430604319
45.7,7,1,6,.0000822536265519,9.26615757635e-06,9.00171340845e-06,1.06127289374e-06,1.60885876247e-07,.000015778387291,.0000844290638994,.0000103263960516,.0001620153037573
45.8,161,127,34,.0000121221777354,3.96938877678e-06,1.30233416079e-06,.000024409276556,.0000204325062834,.0000894108613159,.0000124427841243,4.42356826484e-06,.0000234397669732
46.1,2,1,1,.0000317797229507,6.56350221107e-06,2.83386566480e-06,3.03220826783e-07,1.60885876247e-07,2.62973121517e-06,.0000326202305258,7.31450148117e-06,.0000510046905135
