temp,risk,bins,poly_2,poly_3,poly_4,spline
-20,high,-100.39586,-356.4115,46.024433,17.680792,-34.139645
-20,low,-18.214924,-44.972332,32.528564,-136.77319,-2.3498528
-19.9,high,-100.39586,-355.09308,44.061787,16.042187,-34.067009
-19.9,low,-18.214924,-44.871136,31.942245,-135.30251,-2.3448532
-19.799999,high,-100.39586,-353.77704,42.113441,14.415239,-33.99437
-19.799999,low,-18.214924,-44.769966,31.359653,-133.84583,-2.3398535
-19.700001,high,-100.39586,-352.46344,40.179394,12.799951,-33.921734
-19.700001,low,-18.214924,-44.668819,30.78079,-132.40306,-2.3348539
-19.6,high,-100.39586,-351.15219,38.259529,11.196232,-33.849094
-19.6,low,-18.214924,-44.567696,30.205624,-130.97409,-2.329854
-19.5,high,-100.39586,-349.84332,36.353844,9.6040888,-33.776459
-19.5,low,-18.214924,-44.466599,29.634153,-129.55887,-2.3248544
-19.4,high,-100.39586,-348.53683,34.462299,8.0234928,-33.703819
-19.4,low,-18.214924,-44.36552,29.066372,-128.15727,-2.3198547
-19.299999,high,-100.39586,-347.23276,32.584854,6.4544177,-33.631184
-19.299999,low,-18.214924,-44.264469,28.50227,-126.76925,-2.3148551
-19.200001,high,-100.39586,-345.93106,30.7215,4.8968658,-33.558544
-19.200001,low,-18.214924,-44.163441,27.941845,-125.39472,-2.3098555
-19.1,high,-100.39586,-344.63177,28.872128,3.3507504,-33.485909
-19.1,low,-18.214924,-44.062435,27.385069,-124.03356,-2.3048556
-19,high,-100.39586,-343.33484,27.036732,1.8160743,-33.413269
-19,low,-18.214924,-43.961452,26.831942,-122.6857,-2.2998559
-18.9,high,-100.39586,-342.04031,25.215271,0.29280993,-33.340633
-18.9,low,-18.214924,-43.860493,26.282454,-121.35106,-2.2948563
-18.799999,high,-100.39586,-340.74817,23.407705,-1.2190696,-33.267994
-18.799999,low,-18.214924,-43.759556,25.736593,-120.02955,-2.2898567
-18.700001,high,-100.39586,-339.45844,21.614029,-2.7195632,-33.195358
-18.700001,low,-18.214924,-43.658646,25.194365,-118.72112,-2.284857
-18.6,high,-100.39586,-338.17105,19.834131,-4.2087555,-33.122719
-18.6,low,-18.214924,-43.557758,24.655735,-117.42562,-2.2798572
-18.5,high,-100.39586,-336.88608,18.068005,-5.6866446,-33.050083
-18.5,low,-18.214924,-43.456894,24.120707,-116.14301,-2.2748575
-18.4,high,-100.39586,-335.60349,16.315613,-7.1532588,-32.977444
-18.4,low,-18.214924,-43.356049,23.589266,-114.87318,-2.2698579
-18.299999,high,-100.39586,-334.32327,14.57691,-8.6086245,-32.904808
-18.299999,low,-18.214924,-43.255234,23.061407,-113.61607,-2.2648582
-18.200001,high,-100.39586,-333.0455,12.851892,-10.052743,-32.832169
-18.200001,low,-18.214924,-43.154438,22.53713,-112.37162,-2.2598586
-18.1,high,-100.39586,-331.77008,11.14045,-11.485696,-32.759533
-18.1,low,-18.214924,-43.053669,22.016403,-111.13969,-2.2548587
-18,high,-100.39586,-330.49704,9.4425783,-12.907483,-32.686893
-18,low,-18.214924,-42.952919,21.499228,-109.92023,-2.2498591
-17.9,high,-100.39586,-329.22638,7.7582345,-14.318132,-32.614258
-17.9,low,-18.214924,-42.852196,20.985594,-108.71314,-2.2448595
-17.799999,high,-100.39586,-327.95813,6.0873785,-15.717671,-32.541618
-17.799999,low,-18.214924,-42.751495,20.475491,-107.51835,-2.2398598
-17.700001,high,-100.39586,-326.69226,4.4300013,-17.1061,-32.468983
-17.700001,low,-18.214924,-42.650822,19.968922,-106.3358,-2.2348602
-17.6,high,-100.39586,-325.42877,2.7859988,-18.483501,-32.396343
-17.6,low,-18.214924,-42.550167,19.465853,-105.16537,-2.2298603
-17.5,high,-100.39586,-324.16769,1.1553618,-19.849876,-32.323708
-17.5,low,-18.214924,-42.449535,18.966288,-104.00698,-2.2248607
-17.4,high,-100.39586,-322.909,-0.46195012,-21.20525,-32.251068
-17.4,low,-18.214924,-42.34893,18.470215,-102.86057,-2.219861
-17.299999,high,-100.39586,-321.65268,-2.0659778,-22.549652,-32.178432
-17.299999,low,-18.214924,-42.248344,17.977625,-101.72604,-2.2148612
-17.200001,high,-100.39586,-320.39877,-3.6567316,-23.883085,-32.105793
-17.200001,low,-18.214924,-42.147789,17.488518,-100.60336,-2.2098618
-17.1,high,-100.39586,-319.14722,-5.234313,-25.205627,-32.033157
-17.1,low,-18.214924,-42.047253,17.002865,-99.492371,-2.2048619
-17,high,-100.39586,-317.89807,-6.7987323,-26.517282,-31.96052
-17,low,-18.214924,-41.946739,16.520666,-98.393044,-2.1998622
-16.9,high,-100.39586,-316.65131,-8.3500299,-27.818075,-31.887882
-16.9,low,-18.214924,-41.846249,16.04191,-97.305275,-2.1948626
-16.799999,high,-100.39586,-315.40692,-9.8882465,-29.108036,-31.815243
-16.799999,low,-18.214924,-41.745785,15.56659,-96.229004,-2.1898627
-16.700001,high,-100.39586,-314.16495,-11.413395,-30.387169,-31.742607
-16.700001,low,-18.214924,-41.645344,15.094703,-95.164154,-2.1848633
-16.6,high,-100.39586,-312.92535,-12.925572,-31.655548,-31.66997
-16.6,low,-18.214924,-41.544926,14.626222,-94.110619,-2.1798635
-16.5,high,-100.39586,-311.68814,-14.424791,-32.913181,-31.597332
-16.5,low,-18.214924,-41.444527,14.161144,-93.068336,-2.1748638
-16.4,high,-100.39586,-310.45331,-15.911093,-34.160091,-31.524694
-16.4,low,-18.214924,-41.344158,13.699463,-92.037224,-2.1698642
-16.299999,high,-100.39586,-309.22089,-17.384516,-35.396309,-31.452055
-16.299999,low,-18.214924,-41.243809,13.241167,-91.017204,-2.1648643
-16.200001,high,-100.39586,-307.99088,-18.845076,-36.621841,-31.379419
-16.200001,low,-18.214924,-41.143486,12.786256,-90.008224,-2.1598649
-16.1,high,-100.39586,-306.76321,-20.292868,-37.836761,-31.306782
-16.1,low,-18.214924,-41.043182,12.334702,-89.010162,-2.154865
-16,high,-100.39586,-305.53793,-21.727903,-39.041073,-31.234144
-16,low,-18.214924,-40.942905,11.886503,-88.022957,-2.1498654
-15.9,high,-100.39586,-304.31506,-23.150227,-40.234802,-31.161507
-15.9,low,-18.214924,-40.842651,11.441651,-87.046539,-2.1448658
-15.8,high,-100.39586,-303.09457,-24.559862,-41.417973,-31.088869
-15.8,low,-18.214924,-40.74242,11.00014,-86.080833,-2.1398661
-15.7,high,-100.39586,-301.87646,-25.956877,-42.59063,-31.016232
-15.7,low,-18.214924,-40.642212,10.561953,-85.125748,-2.1348662
-15.6,high,-100.39586,-300.66077,-27.341288,-43.752781,-30.943594
-15.6,low,-18.214924,-40.54203,10.127086,-84.181221,-2.1298666
-15.5,high,-100.39586,-299.44745,-28.71316,-44.904476,-30.870956
-15.5,low,-18.214924,-40.441868,9.6955223,-83.247154,-2.124867
-15.4,high,-100.39586,-298.23651,-30.072519,-46.045734,-30.798319
-15.4,low,-18.214924,-40.341732,9.2672567,-82.323494,-2.1198673
-15.3,high,-100.39586,-297.02798,-31.419397,-47.176575,-30.725681
-15.3,low,-18.214924,-40.241619,8.8422832,-81.410164,-2.1148677
-15.2,high,-100.39586,-295.82181,-32.75386,-48.297043,-30.653044
-15.2,low,-18.214924,-40.141529,8.4205828,-80.507072,-2.1098678
-15.1,high,-100.39586,-294.61804,-34.075920000000004,-49.407146,-30.580406
-15.1,low,-18.214924,-40.041466,8.0021563,-79.614166,-2.1048682
-15,high,-100.39586,-293.41666,-35.385643,-50.506939,-30.507769
-15,low,-18.214924,-39.941422,7.5869832,-78.731339,-2.0998685
-14.9,high,-100.39586,-292.21768,-36.68306,-51.596436,-30.435131
-14.9,low,-18.214924,-39.8414,7.1750593,-77.858543,-2.0948689
-14.8,high,-100.39586,-291.02106,-37.968197,-52.675655,-30.362494
-14.8,low,-18.214924,-39.741405,6.7663789,-76.995697,-2.0898693
-14.7,high,-100.39586,-289.82684,-39.241123,-53.744648,-30.289856
-14.7,low,-18.214924,-39.641434,6.3609238,-76.142715,-2.0848694
-14.6,high,-100.39586,-288.63504,-40.50185,-54.803421,-30.217218
-14.6,low,-18.214924,-39.541485,5.9586921,-75.299538,-2.0798697
-14.5,high,-100.39586,-287.44559,-41.750446,-55.852024,-30.144581
-14.5,low,-18.214924,-39.441559,5.5596662,-74.46608,-2.0748701
-14.4,high,-100.39586,-286.25854,-42.986935,-56.890476,-30.071943
-14.4,low,-18.214924,-39.341656,5.1638408,-73.642265,-2.0698705
-14.3,high,-100.39586,-285.07388,-44.211353,-57.918793,-29.999306
-14.3,low,-18.214924,-39.241779,4.7712092,-72.828041,-2.0648706
-14.2,high,-100.39586,-283.8916,-45.423759,-58.937027,-29.926668
-14.2,low,-18.214924,-39.141926,4.3817549,-72.023315,-2.059871
-14.1,high,-100.39586,-282.71173,-46.624172,-59.945187,-29.854031
-14.1,low,-18.214924,-39.042095,3.9954748,-71.228027,-2.0548713
-14,high,-100.39586,-281.53424,-47.812653,-60.943321,-29.781393
-14,low,-18.214924,-38.942284,3.6123521,-70.442093,-2.0498717
-13.9,high,-100.39586,-280.35913,-48.989235,-61.931446,-29.708755
-13.9,low,-18.214924,-38.842499,3.2323811,-69.665443,-2.044872
-13.8,high,-100.39586,-279.1864,-50.153946,-62.90958,-29.636118
-13.8,low,-18.214924,-38.742741,2.8555551,-68.89801,-2.0398722
-13.7,high,-100.39586,-278.01608,-51.30685,-63.877781,-29.56348
-13.7,low,-18.214924,-38.643002,2.4818573,-68.139717,-2.0348725
-13.6,high,-100.39586,-276.84814,-52.447968,-64.836044,-29.490843
-13.6,low,-18.214924,-38.543289,2.1112852,-67.390495,-2.0298729
-13.5,high,-100.39586,-275.68259,-53.577354,-65.784431,-29.418205
-13.5,low,-18.214924,-38.443600000000004,1.7438217,-66.650269,-2.0248733
-13.4,high,-100.39586,-274.51941,-54.695045,-66.722954,-29.345568
-13.4,low,-18.214924,-38.343929,1.3794611,-65.918976,-2.0198734
-13.3,high,-100.39586,-273.35864,-55.801071,-67.651634,-29.27293
-13.3,low,-18.214924,-38.244289,1.0181965,-65.196541,-2.0148737
-13.2,high,-100.39586,-272.20026,-56.895493,-68.570526,-29.200293
-13.2,low,-18.214924,-38.144669,0.66001165,-64.482887,-2.0098741
-13.1,high,-100.39586,-271.04425,-57.978329,-69.479622,-29.127655
-13.1,low,-18.214924,-38.045071,0.30490348,-63.77795,-2.0048745
-13,high,-100.39586,-269.89066,-59.049641,-70.37899,-29.055017
-13,low,-18.214924,-37.945499,-0.047144502,-63.081657,-1.9998747
-12.9,high,-100.39586,-268.73941,-60.109459,-71.268639,-28.98238
-12.9,low,-18.214924,-37.845947,-0.39613867,-62.393944,-1.9948751
-12.8,high,-100.39586,-267.59058,-61.157814,-72.148598,-28.909742
-12.8,low,-18.214924,-37.746422,-0.74208552,-61.714737,-1.9898754
-12.7,high,-100.39586,-266.44415,-62.194767,-73.018898,-28.837105
-12.7,low,-18.214924,-37.646919,-1.0850013,-61.043964,-1.9848757
-12.6,high,-100.39586,-265.30008,-63.220341,-73.87957,-28.764467
-12.6,low,-18.214924,-37.547443,-1.4248893,-60.381565,-1.979876
-12.5,high,-100.39586,-264.15842,-64.234596,-74.730652,-28.69183
-12.5,low,-18.214924,-37.447987,-1.7617658,-59.727459,-1.9748763
-12.4,high,-100.39586,-263.01913,-65.237556,-75.572159,-28.619192
-12.4,low,-18.214924,-37.348553,-2.0956373,-59.081585,-1.9698766
-12.3,high,-100.39586,-261.88223,-66.229263,-76.404121,-28.546555
-12.3,low,-18.214924,-37.249146,-2.4265103,-58.443878,-1.964877
-12.2,high,-100.39586,-260.74774,-67.20977,-77.226578,-28.473917
-12.2,low,-18.214924,-37.149761,-2.754401,-57.814259,-1.9598773
-12.1,high,-100.39586,-259.61563,-68.179092,-78.039551,-28.401279
-12.1,low,-18.214924,-37.0504,-3.0793128,-57.192673,-1.9548776
-12,high,-100.39586,-258.4859,-69.137306,-78.843079,-28.328642
-12,low,-18.214924,-36.951061,-3.4012616,-56.579037,-1.9498779
-11.9,high,-100.39586,-257.35855,-70.084435,-79.637177,-28.256004
-11.9,low,-18.214924,-36.851746,-3.7202542,-55.973297,-1.9448782
-11.8,high,-100.39586,-256.23361,-71.0205,-80.421883,-28.183367
-11.8,low,-18.214924,-36.752457,-4.0362973,-55.375385,-1.9398786
-11.7,high,-100.39586,-255.11105,-71.94558,-81.197235,-28.110729
-11.7,low,-18.214924,-36.653187,-4.3494067,-54.785221,-1.9348788
-11.6,high,-100.39586,-253.99089,-72.85968,-81.963249,-28.038092
-11.6,low,-18.214924,-36.553944,-4.659586,-54.202759,-1.9298792
-11.5,high,-100.39586,-252.87309,-73.762863,-82.719963,-27.965454
-11.5,low,-18.214924,-36.454723,-4.9668512,-53.627914,-1.9248794
-11.4,high,-100.39586,-251.75769,-74.655174,-83.467407,-27.892817
-11.4,low,-18.214924,-36.355526,-5.2712088,-53.060627,-1.9198798
-11.3,high,-100.39586,-250.6447,-75.536621,-84.205605,-27.820179
-11.3,low,-18.214924,-36.256351,-5.5726657,-52.500839,-1.9148802
-11.2,high,-100.39586,-249.53407,-76.407288,-84.934586,-27.747541
-11.2,low,-18.214924,-36.1572,-5.8712378,-51.948475,-1.9098804
-11.1,high,-100.39586,-248.42584,-77.267181,-85.654388,-27.674904
-11.1,low,-18.214924,-36.058075,-6.1669288,-51.403477,-1.9048808
-11,high,-100.39586,-247.32001,-78.116356,-86.365036,-27.602266
-11,low,-18.214924,-35.958973,-6.459754,-50.865768,-1.899881
-10.9,high,-100.39586,-246.21655,-78.954865,-87.066559,-27.529629
-10.9,low,-18.214924,-35.85989,-6.7497206,-50.335293,-1.8948814
-10.8,high,-100.39586,-245.11549,-79.782715,-87.758987,-27.456991
-10.8,low,-18.214924,-35.760834,-7.0368352,-49.811993,-1.8898816
-10.7,high,-100.39586,-244.0168,-80.599983,-88.44236,-27.384354
-10.7,low,-18.214924,-35.6618,-7.3211136,-49.295788,-1.884882
-10.6,high,-100.39586,-242.92052,-81.406685,-89.116684,-27.311716
-10.6,low,-18.214924,-35.562794,-7.6025596,-48.786629,-1.8798823
-10.5,high,-100.39586,-241.82661,-82.202873,-89.782021,-27.239079
-10.5,low,-18.214924,-35.463806,-7.8811889,-48.284443,-1.8748826
-10.4,high,-100.39586,-240.73511,-82.988594,-90.438377,-27.166441
-10.4,low,-18.214924,-35.364845,-8.1570082,-47.789165,-1.8698829
-10.3,high,-100.39586,-239.646,-83.76387,-91.085793,-27.093803
-10.3,low,-18.214924,-35.265907,-8.4300251,-47.300743,-1.8648832
-10.2,high,-100.39586,-238.55925,-84.528755,-91.724297000000007,-27.021166
-10.2,low,-18.214924,-35.166992,-8.7002535,-46.819103,-1.8598835
-10.1,high,-100.39586,-237.47491,-85.283279,-92.353912,-26.948528
-10.1,low,-18.214924,-35.0681,-8.9676991,-46.344189,-1.8548839
-10,high,-100.39586,-236.39294,-86.027504,-92.974678,-26.875891
-10,low,-18.214924,-34.969231,-9.2323761,-45.875935,-1.8498842
-9.8999996,high,-100.39586,-235.31337,-86.761452,-93.586624,-26.803253
-9.8999996,low,-18.214924,-34.870384,-9.4942913,-45.414276,-1.8448845
-9.8000002,high,-100.39586,-234.23621,-87.485161,-94.189774,-26.730616
-9.8000002,low,-18.214924,-34.771564,-9.7534533,-44.95916,-1.8398848
-9.6999998,high,-100.39586,-233.16141,-88.198692,-94.784172,-26.657978
-9.6999998,low,-18.214924,-34.672768,-10.009876,-44.510509,-1.8348851
-9.6000004,high,-100.39586,-232.089,-88.902061,-95.369827,-26.58534
-9.6000004,low,-18.214924,-34.573994,-10.263565,-44.068283,-1.8298855
-9.5,high,-100.39586,-231.019,-89.595329,-95.946793,-26.512703
-9.5,low,-18.214924,-34.475243,-10.514534,-43.632401,-1.8248857
-9.3999996,high,-100.39586,-229.95135,-90.278526,-96.515083,-26.440065
-9.3999996,low,-18.214924,-34.376514,-10.76279,-43.202812,-1.819886
-9.3000002,high,-100.39586,-228.88612,-90.951691,-97.074738,-26.367428
-9.3000002,low,-18.214924,-34.277809,-11.008341,-42.779457,-1.8148863
-9.1999998,high,-100.39586,-227.82327,-91.614876,-97.625778,-26.29479
-9.1999998,low,-18.214924,-34.179131,-11.251203,-42.362267,-1.8098867
-9.1000004,high,-100.39586,-226.76282,-92.268112,-98.168243,-26.222153
-9.1000004,low,-18.214924,-34.080471,-11.491378,-41.951191,-1.8048871
-9,high,-100.39586,-225.70474,-92.911438,-98.702164,-26.149515
-9,low,-18.214924,-33.981838,-11.728882,-41.546162,-1.7998873
-8.8999996,high,-100.39586,-224.64905,-93.544907,-99.227562,-26.076878
-8.8999996,low,-18.214924,-33.883228,-11.963722,-41.147121,-1.7948875
-8.8000002,high,-100.39586,-223.59576,-94.168549,-99.744476,-26.00424
-8.8000002,low,-18.214924,-33.784641,-12.195908,-40.754021,-1.7898879
-8.6999998,high,-100.39586,-222.54485,-94.782402,-100.25294,-25.931602
-8.6999998,low,-18.214924,-33.686077,-12.42545,-40.366783,-1.7848883
-8.6000004,high,-100.39586,-221.49634,-95.386513,-100.75297,-25.858965
-8.6000004,low,-18.214924,-33.58754,-12.652356,-39.985363,-1.7798885
-8.5,high,-100.39586,-220.45021,-95.980927,-101.24461,-25.786327
-8.5,low,-18.214924,-33.489025,-12.876639,-39.609692,-1.7748889
-8.3999996,high,-100.39586,-219.40646,-96.565681,-101.72789,-25.71369
-8.3999996,low,-18.214924,-33.39053,-13.098309,-39.239719,-1.7698891
-8.3000002,high,-100.39586,-218.36511,-97.140808,-102.20283,-25.641052
-8.3000002,low,-18.214924,-33.292061,-13.31737,-38.875385,-1.7648895
-8.1999998,high,-100.39586,-217.32614,-97.70636,-102.66947,-25.568415
-8.1999998,low,-18.214924,-33.193615,-13.533839,-38.516628,-1.7598898
-8.1000004,high,-100.39586,-216.28957,-98.262367,-103.12785,-25.495777
-8.1000004,low,-18.214924,-33.095196,-13.74772,-38.163399,-1.7548901
-8,high,-100.39586,-215.25539,-98.808876,-103.57798,-25.42314
-8,low,-18.214924,-32.996796,-13.959027,-37.815628,-1.7498904
-7.9000001,high,-100.39586,-214.22359,-99.345932,-104.0199,-25.350502
-7.9000001,low,-18.214924,-32.898422,-14.167767,-37.473267,-1.7448907
-7.8000002,high,-100.39586,-213.19417,-99.873566,-104.45364,-25.277864
-7.8000002,low,-18.214924,-32.800068,-14.373951,-37.136257,-1.7398911
-7.6999998,high,-100.39586,-212.16714,-100.39183,-104.87925,-25.205227
-7.6999998,low,-18.214924,-32.70174,-14.577589,-36.804539,-1.7348913
-7.5999999,high,-100.39586,-211.14252,-100.90075,-105.29673,-25.132589
-7.5999999,low,-18.214924,-32.603436,-14.778689,-36.478062,-1.7298917
-7.5,high,-100.39586,-210.12027,-101.40038,-105.70613,-25.059952
-7.5,low,-18.214924,-32.505154,-14.977262,-36.156765,-1.724892
-7.4000001,high,-100.39586,-209.1004,-101.89075,-106.10748,-24.987314
-7.4000001,low,-18.214924,-32.406898,-15.173318,-35.840591,-1.7198923
-7.3000002,high,-100.39586,-208.08295,-102.37192,-106.50081,-24.914677
-7.3000002,low,-18.214924,-32.308662,-15.366867,-35.529491,-1.7148926
-7.1999998,high,-100.39586,-207.06786,-102.8439,-106.88614,-24.842039
-7.1999998,low,-18.214924,-32.210453,-15.557919,-35.223404,-1.7098929
-7.0999999,high,-100.39586,-206.05516,-103.30676,-107.26352,-24.769402
-7.0999999,low,-18.214924,-32.112267,-15.746481,-34.922276,-1.7048932
-7,high,-100.39586,-205.04486,-103.76052,-107.63297,-24.696764
-7,low,-18.214924,-32.014103,-15.932566,-34.626053,-1.6998936
-6.9000001,high,-100.39586,-204.03694,-104.20523,-107.99451,-24.624126
-6.9000001,low,-18.214924,-31.91596,-16.11618,-34.334679,-1.6948938
-6.8000002,high,-100.39586,-203.03142,-104.64094,-108.3482,-24.551491
-6.8000002,low,-18.214924,-31.817844,-16.297338,-34.048103,-1.6898942
-6.6999998,high,-100.39586,-202.02827,-105.06767,-108.69405,-24.478851
-6.6999998,low,-18.214924,-31.719751,-16.476048,-33.766266,-1.6848944
-6.5999999,high,-100.39586,-201.02753,-105.48547,-109.0321,-24.406214
-6.5999999,low,-18.214924,-31.621681,-16.652317,-33.489117,-1.6798948
-6.5,high,-100.39586,-200.02917,-105.89439,-109.36238,-24.333576
-6.5,low,-18.214924,-31.523634,-16.826155,-33.216606,-1.6748952
-6.4000001,high,-100.39586,-199.0332,-106.29446,-109.68491,-24.260941
-6.4000001,low,-18.214924,-31.425611,-16.997576,-32.948673,-1.6698954
-6.3000002,high,-100.39586,-198.03961,-106.68572,-109.99975,-24.188303
-6.3000002,low,-18.214924,-31.327612,-17.166584,-32.685268,-1.6648958
-6.1999998,high,-100.39586,-197.04842,-107.06821,-110.3069,-24.115664
-6.1999998,low,-18.214924,-31.229637,-17.333195,-32.426338,-1.659896
-6.0999999,high,-100.39586,-196.0596,-107.44199,-110.60641,-24.043026
-6.0999999,low,-18.214924,-31.131683,-17.497414,-32.171833,-1.6548964
-6,high,-100.39586,-195.0732,-107.80708,-110.89831,-23.97039
-6,low,-18.214924,-31.033756,-17.659252,-31.921696,-1.6498967
-5.9000001,high,-100.39586,-194.08916,-108.16351,-111.18262,-23.897753
-5.9000001,low,-18.214924,-30.93585,-17.81872,-31.675877,-1.644897
-5.8000002,high,-100.39586,-193.10751,-108.51135,-111.45939,-23.825115
-5.8000002,low,-18.214924,-30.837969,-17.975824,-31.434324,-1.6398973
-5.6999998,high,-100.39586,-192.12827,-108.85063,-111.72864,-23.752476
-5.6999998,low,-18.214924,-30.74011,-18.130581,-31.196987,-1.6348976
-5.5999999,high,-100.39586,-191.1514,-109.18139,-111.99039,-23.679838
-5.5999999,low,-18.214924,-30.642275,-18.282993,-30.963814,-1.629898
-5.5,high,-100.39586,-190.17693,-109.50366,-112.2447,-23.607203
-5.5,low,-18.214924,-30.544464,-18.433075,-30.734753,-1.6248982
-5.4000001,high,-100.39586,-189.20483,-109.8175,-112.49158,-23.534565
-5.4000001,low,-18.214924,-30.446676,-18.580833,-30.509754,-1.6198986
-5.3000002,high,-100.39586,-188.23514,-110.12292,-112.73108,-23.461927
-5.3000002,low,-18.214924,-30.348911,-18.726278,-30.288765,-1.6148989
-5.1999998,high,-100.39586,-187.26782,-110.42001,-112.96321,-23.389288
-5.1999998,low,-18.214924,-30.251169,-18.869423,-30.071737,-1.6098992
-5.0999999,high,-100.39586,-186.3029,-110.70876,-113.18802,-23.316652
-5.0999999,low,-18.214924,-30.153452,-19.010275,-29.858622,-1.6048995
-5,high,-100.39586,-185.34036,-110.98924,-113.40553,-23.244015
-5,low,-18.214924,-30.055759,-19.148842,-29.649368,-1.5998998
-4.9000001,high,-100.39586,-184.38022,-111.26148,-113.61578,-23.171377
-4.9000001,low,-18.214924,-29.958088,-19.285135,-29.443924,-1.5949001
-4.8000002,high,-100.39586,-183.42245,-111.52553,-113.8188,-23.09874
-4.8000002,low,-18.214924,-29.860441,-19.419167,-29.242245,-1.5899005
-4.6999998,high,-100.39586,-182.46709,-111.78142,-114.01463,-23.026102
-4.6999998,low,-18.214924,-29.762817,-19.550943,-29.044275,-1.5849007
-4.5999999,high,-100.39586,-181.5141,-112.0292,-114.20328,-22.953465
-4.5999999,low,-18.214924,-29.665216,-19.680475,-28.849974,-1.5799011
-4.5,high,-100.39586,-180.56351,-112.2689,-114.3848,-22.880827
-4.5,low,-18.214924,-29.56764,-19.807774,-28.659288,-1.5749013
-4.4000001,high,-100.39586,-179.61531,-112.50056,-114.55921,-22.808189
-4.4000001,low,-18.214924,-29.470087,-19.932846,-28.47217,-1.5699017
-4.3000002,high,-100.39586,-178.66949,-112.72424,-114.72656,-22.735552
-4.3000002,low,-18.214924,-29.372559,-20.055704,-28.288572,-1.5649021
-4.1999998,high,-100.39586,-177.72606,-112.93997,-114.88687,-22.662914
-4.1999998,low,-18.214924,-29.275051,-20.176359,-28.108446,-1.5599023
-4.0999999,high,-100.39586,-176.78503,-113.14778,-115.04018,-22.590277
-4.0999999,low,-18.214924,-29.17757,-20.294817,-27.931746,-1.5549027
-4,high,-100.39586,-175.84637,-113.34772,-115.18651,-22.517639
-4,low,-18.214924,-29.080111,-20.411089,-27.758421,-1.5499029
-3.9000001,high,-100.39586,-174.91011,-113.53984,-115.3259,-22.445002
-3.9000001,low,-18.214924,-28.982676,-20.525185,-27.58843,-1.5449033
-3.8,high,-100.39586,-173.97624,-113.72416,-115.45838,-22.372364
-3.8,low,-18.214924,-28.885263,-20.637115,-27.421721,-1.5399035
-3.7,high,-100.39586,-173.04475,-113.90073,-115.58399,-22.299726
-3.7,low,-18.214924,-28.787874,-20.746889,-27.258249,-1.5349039
-3.5999999,high,-100.39586,-172.11566,-114.0696,-115.70276,-22.227089
-3.5999999,low,-18.214924,-28.690508,-20.854517,-27.097971,-1.5299042
-3.5,high,-100.39586,-171.18895,-114.2308,-115.81471,-22.154451
-3.5,low,-18.214924,-28.593166,-20.960007,-26.940836,-1.5249045
-3.4000001,high,-100.39586,-170.26463,-114.38438,-115.91988,-22.081814
-3.4000001,low,-18.214924,-28.49585,-21.06337,-26.786802,-1.5199049
-3.3,high,-100.39586,-169.3427,-114.53037,-116.01831,-22.009176
-3.3,low,-18.214924,-28.398554,-21.164616,-26.635822,-1.5149051
-3.2,high,-100.39586,-168.42316,-114.66882,-116.11003,-21.936539
-3.2,low,-18.214924,-28.301283,-21.263754,-26.48785,-1.5099055
-3.0999999,high,-100.39586,-167.50601,-114.79976,-116.19507,-21.863901
-3.0999999,low,-18.214924,-28.204035,-21.360794,-26.342844,-1.5049057
-3,high,-100.39586,-166.59125,-114.92323,-116.27345,-21.791264
-3,low,-18.214924,-28.106812,-21.455748,-26.200758,-1.4999061
-2.9000001,high,-100.39586,-165.67886,-115.03928,-116.34523,-21.718626
-2.9000001,low,-18.214924,-28.009611,-21.54862,-26.061544,-1.4949064
-2.8,high,-100.39586,-164.76888,-115.14796,-116.41042,-21.645988
-2.8,low,-18.214924,-27.912434,-21.639427,-25.925163,-1.4899067
-2.7,high,-100.39586,-163.86127,-115.24929,-116.46906,-21.573351
-2.7,low,-18.214924,-27.815279,-21.728172,-25.791571,-1.484907
-2.5999999,high,-100.39586,-162.95605,-115.34332,-116.52119,-21.500713
-2.5999999,low,-18.214924,-27.718149,-21.814871,-25.660719,-1.4799073
-2.5,high,-100.39586,-162.05324,-115.43009,-116.56683,-21.428076
-2.5,low,-18.214924,-27.621042,-21.899529,-25.53257,-1.4749076
-2.4000001,high,-100.39586,-161.1528,-115.50964,-116.60601,-21.355438
-2.4000001,low,-18.214924,-27.523958,-21.982159,-25.407076,-1.469908
-2.3,high,-100.39586,-160.25476,-115.58202,-116.63879,-21.282801
-2.3,low,-18.214924,-27.426899,-22.062767,-25.284197,-1.4649082
-2.2,high,-100.39586,-159.3591,-115.64725,-116.66517,-21.210163
-2.2,low,-18.214924,-27.329863,-22.141365,-25.163889,-1.4599086
-2.0999999,high,-100.39586,-158.46582,-115.70539,-116.6852,-21.137526
-2.0999999,low,-18.214924,-27.232849,-22.217964,-25.046108,-1.4549088
-2,high,-100.39586,-157.57495,-115.75647,-116.69892,-21.064888
-2,low,-18.214924,-27.13586,-22.292572,-24.930817,-1.4499092
-1.9,high,-100.39586,-156.68645,-115.80054,-116.70635,-20.99225
-1.9,low,-18.214924,-27.038895,-22.3652,-24.817968,-1.4449096
-1.8,high,-100.39586,-155.80035,-115.83762,-116.70753,-20.919613
-1.8,low,-18.214924,-26.941952,-22.435856,-24.707525,-1.4399098
-1.7,high,-100.39586,-154.91664,-115.86778,-116.70248,-20.846975
-1.7,low,-18.214924,-26.845034,-22.504551,-24.599443,-1.4349102
-1.6,high,-100.39586,-154.03531,-115.89104,-116.69125,-20.774338
-1.6,low,-18.214924,-26.748138,-22.571295,-24.493683,-1.4299104
-1.5,high,-100.39586,-153.15637,-115.90746,-116.67387,-20.7017
-1.5,low,-18.214924,-26.651266,-22.636095,-24.390202,-1.4249108
-1.4,high,-100.39586,-152.27982,-115.91705,-116.65037,-20.629063
-1.4,low,-18.214924,-26.554417,-22.698965,-24.288961,-1.419911
-1.3,high,-100.39586,-151.40565,-115.91988,-116.62077,-20.556425
-1.3,low,-18.214924,-26.457592000000002,-22.759912,-24.189919,-1.4149114
-1.2,high,-100.39586,-150.53387,-115.91598,-116.58513,-20.483788
-1.2,low,-18.214924,-26.36079,-22.818947,-24.093037,-1.4099118
-1.1,high,-100.39586,-149.66449,-115.90538,-116.54346,-20.41115
-1.1,low,-18.214924,-26.264013,-22.87608,-23.998272,-1.404912
-1,high,-100.39586,-148.7975,-115.88814,-116.49581,-20.338512
-1,low,-18.214924,-26.167259,-22.931318,-23.905588,-1.3999124
-0.89999998,high,-100.39586,-147.93289,-115.86429,-116.44221,-20.265875
-0.89999998,low,-18.214924,-26.070528,-22.984674,-23.814945,-1.3949126
-0.80000001,high,-100.39586,-147.07066,-115.83387,-116.38268,-20.193237
-0.80000001,low,-18.214924,-25.97382,-23.036158,-23.726303,-1.389913
-0.69999999,high,-100.39586,-146.21085,-115.79692,-116.31728,-20.1206
-0.69999999,low,-18.214924,-25.877136,-23.085775,-23.639622,-1.3849133
-0.60000002,high,-100.39586,-145.35339,-115.75349,-116.24601,-20.047962
-0.60000002,low,-18.214924,-25.780476,-23.133541,-23.554867,-1.3799136
-0.5,high,-100.39586,-144.49834,-115.70361,-116.16892,-19.975325
-0.5,low,-18.214924,-25.683838,-23.179461,-23.471996,-1.3749139
-0.40000001,high,-100.39586,-143.64568,-115.64732,-116.08605,-19.902687
-0.40000001,low,-18.214924,-25.587225,-23.223547,-23.390972,-1.3699142
-0.30000001,high,-100.39586,-142.79539,-115.58467,-115.99743,-19.83005
-0.30000001,low,-18.214924,-25.490635,-23.265808,-23.31176,-1.3649145
-0.2,high,-100.39586,-141.94751,-115.5157,-115.90308,-19.757412
-0.2,low,-18.214924,-25.394068,-23.306255,-23.23432,-1.3599149
-0.1,high,-100.39586,-141.10201,-115.44044,-115.80305,-19.684774
-0.1,low,-18.214924,-25.297525,-23.344896,-23.158613,-1.3549151
0,high,-50.046547,-140.2589,-115.35895,-115.69738,-19.612137
0,low,-31.839207,-25.201006,-23.381741,-23.084606,-1.3499155
0.1,high,-50.046547,-139.41817,-115.27125,-115.58608,-19.539499
0.1,low,-31.839207,-25.104509,-23.416801,-23.012259,-1.3449157
0.2,high,-50.046547,-138.57983,-115.17739,-115.4692,-19.466862
0.2,low,-31.839207,-25.008038,-23.450085,-22.941536,-1.3399161
0.30000001,high,-50.046547,-137.7439,-115.07741,-115.34677,-19.394224
0.30000001,low,-31.839207,-24.911587,-23.481604,-22.872402,-1.3349164
0.40000001,high,-50.046547,-136.91032,-114.97134,-115.21883,-19.321587
0.40000001,low,-31.839207,-24.815163,-23.511364,-22.804821,-1.3299167
0.5,high,-50.046547,-136.07916,-114.85925,-115.0854,-19.248949
0.5,low,-31.839207,-24.71876,-23.539379,-22.738756,-1.3249171
0.60000002,high,-50.046547,-135.25038,-114.74115,-114.94652,-19.176311
0.60000002,low,-31.839207,-24.622381,-23.565657,-22.674171,-1.3199173
0.69999999,high,-50.046547,-134.42398,-114.6171,-114.80222,-19.103674
0.69999999,low,-31.839207,-24.526026,-23.590208,-22.611034,-1.3149177
0.80000001,high,-50.046547,-133.59998,-114.48713,-114.65255,-19.031036
0.80000001,low,-31.839207,-24.429693,-23.613041,-22.549307,-1.3099179
0.89999998,high,-50.046547,-132.77837,-114.35128,-114.49754,-18.958399
0.89999998,low,-31.839207,-24.333385,-23.634167,-22.488956,-1.3049183
1,high,-50.046547,-131.95914,-114.20959,-114.3372,-18.885761
1,low,-31.839207,-24.237101,-23.653595,-22.429947,-1.2999187
1.1,high,-50.046547,-131.1423,-114.06212,-114.17159,-18.813124
1.1,low,-31.839207,-24.140841000000002,-23.671333,-22.372244,-1.2949189
1.2,high,-50.046547,-130.32785,-113.90889,-114.00074,-18.740486
1.2,low,-31.839207,-24.044601,-23.687395,-22.315815,-1.2899193
1.3,high,-50.046547,-129.51578,-113.74995,-113.82468,-18.667849
1.3,low,-31.839207,-23.948387,-23.701788,-22.260626,-1.2849195
1.4,high,-50.046547,-128.70612,-113.58533,-113.64343,-18.595211
1.4,low,-31.839207,-23.852198,-23.714521,-22.206642,-1.2799199
1.5,high,-50.046547,-127.89883,-113.41508,-113.45705,-18.522573
1.5,low,-31.839207,-23.756029,-23.725605,-22.153833,-1.2749201
1.6,high,-50.046547,-127.09393,-113.23924,-113.26556,-18.449936
1.6,low,-31.839207,-23.659885,-23.73505,-22.102163,-1.2699205
1.7,high,-50.046547,-126.29142,-113.05785,-113.069,-18.377298
1.7,low,-31.839207,-23.563766,-23.742867,-22.0516,-1.2649208
1.8,high,-50.046547,-125.4913,-112.87096,-112.8674,-18.304661
1.8,low,-31.839207,-23.467669,-23.749062,-22.002113,-1.2599211
1.9,high,-50.046547,-124.69357,-112.67859,-112.66079,-18.232023
1.9,low,-31.839207,-23.371595,-23.753647,-21.953667,-1.2549214
2,high,-50.046547,-123.89822,-112.4808,-112.44922,-18.159386
2,low,-31.839207,-23.275545,-23.756632,-21.906233,-1.2499217
2.0999999,high,-50.046547,-123.10527,-112.27761,-112.2327,-18.086748
2.0999999,low,-31.839207,-23.17952,-23.758026,-21.859777,-1.244922
2.2,high,-50.046547,-122.3147,-112.06908,-112.01129,-18.014111
2.2,low,-31.839207,-23.083517,-23.757841,-21.81427,-1.2399224
2.3,high,-50.046547,-121.52653,-111.85525,-111.78501,-17.941473
2.3,low,-31.839207,-22.987537,-23.756083,-21.769678,-1.2349226
2.4000001,high,-50.046547,-120.74074,-111.63615,-111.5539,-17.868835
2.4000001,low,-31.839207,-22.891581,-23.752764,-21.725973,-1.229923
2.5,high,-50.046547,-119.95734,-111.41182,-111.31799,-17.796198
2.5,low,-31.839207,-22.795649,-23.747894,-21.683123,-1.2249233
2.5999999,high,-50.046547,-119.17632,-111.18231,-111.07732,-17.72356
2.5999999,low,-31.839207,-22.699739,-23.741482,-21.641096,-1.2199236
2.7,high,-50.046547,-118.3977,-110.94765,-110.83192,-17.650923
2.7,low,-31.839207,-22.603853,-23.733538,-21.599863,-1.214924
2.8,high,-50.046547,-117.62146,-110.7079,-110.58183,-17.578285
2.8,low,-31.839207,-22.507992,-23.724072,-21.559395,-1.2099242
2.9000001,high,-50.046547,-116.84761,-110.46308,-110.32707,-17.505648
2.9000001,low,-31.839207,-22.412153,-23.713093,-21.519663,-1.2049246
3,high,-139.86307,-116.07616,-110.21324,-110.0677,-17.43301
3,low,4.2580352,-22.316339,-23.700609,-21.480635,-1.1999248
3.0999999,high,-139.86307,-115.30708,-109.95843,-109.80373,-17.360373
3.0999999,low,4.2580352,-22.220547,-23.686636,-21.442282,-1.1949252
3.2,high,-139.86307,-114.54041,-109.69867,-109.53521,-17.287735
3.2,low,4.2580352,-22.124779,-23.671177,-21.404577,-1.1899254
3.3,high,-139.86307,-113.77611,-109.43401,-109.26217,-17.215097
3.3,low,4.2580352,-22.029036,-23.654245,-21.367493,-1.1849258
3.4000001,high,-139.86307,-113.01421,-109.16449,-108.98465,-17.14246
3.4000001,low,4.2580352,-21.933313,-23.635849,-21.330997,-1.1799262
3.5,high,-139.86307,-112.25469,-108.89016,-108.70267,-17.069822
3.5,low,4.2580352,-21.837616,-23.615999,-21.295063,-1.1749264
3.5999999,high,-139.86307,-111.49755999999999,-108.61105,-108.41628,-16.997185
3.5999999,low,4.2580352,-21.741941,-23.594706,-21.259665,-1.1699268
3.7,high,-139.86307,-110.74282,-108.3272,-108.12551,-16.924547
3.7,low,4.2580352,-21.646292,-23.571978,-21.224771,-1.164927
3.8,high,-139.86307,-109.99047,-108.03866,-107.83039,-16.85191
3.8,low,4.2580352,-21.550665,-23.547825,-21.190359,-1.1599274
3.9000001,high,-139.86307,-109.24051,-107.74546,-107.53097,-16.779272
3.9000001,low,4.2580352,-21.455061,-23.522255,-21.156399,-1.1549277
4,high,-139.86307,-108.49294,-107.44765,-107.22726,-16.706635
4,low,4.2580352,-21.35948,-23.495283,-21.122862,-1.149928
4.0999999,high,-139.86307,-107.74775,-107.14526,-106.91933,-16.633997
4.0999999,low,4.2580352,-21.263924,-23.466913,-21.089725,-1.1449283
4.1999998,high,-139.86307,-107.00495,-106.83835,-106.60719,-16.561359
4.1999998,low,4.2580352,-21.16839,-23.437159,-21.056961,-1.1399286
4.3000002,high,-139.86307,-106.26454,-106.52694,-106.29087,-16.488722
4.3000002,low,4.2580352,-21.072882,-23.406027,-21.024544,-1.1349289
4.4000001,high,-139.86307,-105.52652,-106.21108,-105.97042,-16.416084
4.4000001,low,4.2580352,-20.977394,-23.373531,-20.992445,-1.1299292
4.5,high,-139.86307,-104.79089,-105.89081,-105.64587,-16.343447
4.5,low,4.2580352,-20.881933,-23.339678,-20.960642,-1.1249295
4.5999999,high,-139.86307,-104.05765,-105.56617,-105.31726,-16.270809
4.5999999,low,4.2580352,-20.786493,-23.304476,-20.92911,-1.1199299
4.6999998,high,-139.86307,-103.32679,-105.2372,-104.98462,-16.198172
4.6999998,low,4.2580352,-20.691078,-23.267939,-20.897821,-1.1149302
4.8000002,high,-139.86307,-102.59832,-104.90394,-104.64799,-16.125534
4.8000002,low,4.2580352,-20.595686,-23.230074,-20.866753,-1.1099305
4.9000001,high,-139.86307,-101.87225,-104.56643,-104.3074,-16.052896
4.9000001,low,4.2580352,-20.500317,-23.190893,-20.835878,-1.1049308
5,high,-139.86307,-101.14855,-104.22472,-103.96289,-15.98026
5,low,4.2580352,-20.404972,-23.150404,-20.805176,-1.0999311
5.0999999,high,-139.86307,-100.42725,-103.87884,-103.61449,-15.907622
5.0999999,low,4.2580352,-20.30965,-23.108616,-20.774618,-1.0949315
5.1999998,high,-139.86307,-99.708344,-103.52883,-103.26224,-15.834985
5.1999998,low,4.2580352,-20.214352,-23.06554,-20.744186,-1.0899317
5.3000002,high,-139.86307,-98.991814,-103.17474,-102.90617,-15.762347
5.3000002,low,4.2580352,-20.119076,-23.021185,-20.713852,-1.0849321
5.4000001,high,-139.86307,-98.277679,-102.81661,-102.54633,-15.68971
5.4000001,low,4.2580352,-20.023825,-22.975563,-20.683594,-1.0799323
5.5,high,-139.86307,-97.565933,-102.45448,-102.18274,-15.617072
5.5,low,4.2580352,-19.928596,-22.92868,-20.653389,-1.0749327
5.5999999,high,-139.86307,-96.856575,-102.08837,-101.81544,-15.544435
5.5999999,low,4.2580352,-19.833393,-22.880548,-20.623215,-1.0699331
5.6999998,high,-139.86307,-96.149605,-101.71835,-101.44447,-15.471797
5.6999998,low,4.2580352,-19.738213,-22.831179,-20.59305,-1.0649333
5.8000002,high,-139.86307,-95.445015,-101.34444,-101.06985,-15.399159
5.8000002,low,4.2580352,-19.643055,-22.780579,-20.562868,-1.0599337
5.9000001,high,-139.86307,-94.742828,-100.9667,-100.69164,-15.326522
5.9000001,low,4.2580352,-19.54792,-22.728758,-20.53265,-1.0549339
6,high,-82.534332,-94.043022,-100.58515,-100.30986,-15.253884
6,low,-70.112381,-19.45281,-22.675728,-20.502375,-1.0499343
6.0999999,high,-82.534332,-93.345604,-100.19985,-99.924553,-15.181247
6.0999999,low,-70.112381,-19.357723,-22.621496,-20.472019,-1.0449346
6.1999998,high,-82.534332,-92.650574,-99.810829,-99.535751,-15.108609
6.1999998,low,-70.112381,-19.262661,-22.566076,-20.441565,-1.0399349
6.3000002,high,-82.534332,-91.957932,-99.418121,-99.143494,-15.035972
6.3000002,low,-70.112381,-19.16762,-22.509474,-20.410986,-1.0349352
6.4000001,high,-82.534332,-91.267685,-99.02179,-98.74781,-14.963334
6.4000001,low,-70.112381,-19.072603,-22.4517,-20.380264,-1.0299355
6.5,high,-82.534332,-90.579819,-98.621857,-98.34874,-14.890697
6.5,low,-70.112381,-18.977612,-22.392765,-20.34938,-1.0249358
6.5999999,high,-82.534332,-89.894348,-98.218361,-97.94632,-14.818059
6.5999999,low,-70.112381,-18.882643,-22.332678,-20.318312,-1.0199361
6.6999998,high,-82.534332,-89.211258,-97.811356,-97.540581,-14.745421
6.6999998,low,-70.112381,-18.787697,-22.27145,-20.287041,-1.0149364
6.8000002,high,-82.534332,-88.530563,-97.400879,-97.131569,-14.672784
6.8000002,low,-70.112381,-18.692774,-22.209089,-20.255547,-1.0099367
6.9000001,high,-82.534332,-87.852249,-96.986961,-96.719307,-14.600146
6.9000001,low,-70.112381,-18.597874,-22.145607,-20.223808,-1.0049371
7,high,-82.534332,-87.176331,-96.569656,-96.303848,-14.527509
7,low,-70.112381,-18.502998,-22.081011,-20.191811,-0.99993736
7.0999999,high,-82.534332,-86.5028,-96.149002,-95.885216,-14.454871
7.0999999,low,-70.112381,-18.408148,-22.015312,-20.159531,-0.99493772
7.1999998,high,-82.534332,-85.831657,-95.725029,-95.463448,-14.382234
7.1999998,low,-70.112381,-18.313318,-21.948521,-20.126951,-0.98993802
7.3000002,high,-82.534332,-85.162895,-95.297791,-95.038582,-14.309596
7.3000002,low,-70.112381,-18.218513,-21.880646,-20.094053,-0.98493832
7.4000001,high,-82.534332,-84.496529,-94.867317,-94.610657,-14.236959
7.4000001,low,-70.112381,-18.123732,-21.811697,-20.06082,-0.97993863
7.5,high,-82.534332,-83.832558,-94.433662,-94.179703,-14.164321
7.5,low,-70.112381,-18.028975,-21.741684,-20.027233,-0.97493893
7.5999999,high,-82.534332,-83.170967,-93.996849,-93.745758,-14.091683
7.5999999,low,-70.112381,-17.934238,-21.670618,-19.993273,-0.96993929
7.6999998,high,-82.534332,-82.511765,-93.556931,-93.308868,-14.019046
7.6999998,low,-70.112381,-17.839529,-21.598507,-19.958923,-0.96493959
7.8000002,high,-82.534332,-81.85495,-93.113945,-92.869057,-13.946408
7.8000002,low,-70.112381,-17.744841,-21.525362,-19.92417,-0.9599399
7.9000001,high,-82.534332,-81.200523,-92.667938,-92.426369,-13.873771
7.9000001,low,-70.112381,-17.650177,-21.451191,-19.88899,-0.9549402
8,high,-82.534332,-80.548485,-92.218941,-91.980835,-13.801133
8,low,-70.112381,-17.555536,-21.376007,-19.853373,-0.9499405
8.1000004,high,-82.534332,-79.898834,-91.766998,-91.532494,-13.728496
8.1000004,low,-70.112381,-17.460918,-21.299814,-19.817297,-0.94494081
8.1999998,high,-82.534332,-79.251579,-91.312149,-91.081383,-13.655858
8.1999998,low,-70.112381,-17.366325,-21.22263,-19.780748,-0.93994117
8.3000002,high,-82.534332,-78.606712,-90.854439,-90.627533,-13.58322
8.3000002,low,-70.112381,-17.271755,-21.144457,-19.743713,-0.93494147
8.3999996,high,-82.534332,-77.964233,-90.393913,-90.170998,-13.510583
8.3999996,low,-70.112381,-17.177208,-21.06531,-19.706173,-0.92994177
8.5,high,-82.534332,-77.324135,-89.930595,-89.711792,-13.437945
8.5,low,-70.112381,-17.082685,-20.985195,-19.668112,-0.92494208
8.6000004,high,-82.534332,-76.686424,-89.464531,-89.249969,-13.365308
8.6000004,low,-70.112381,-16.988186,-20.904123,-19.629519,-0.91994238
8.6999998,high,-82.534332,-76.051109,-88.995773,-88.785553,-13.29267
8.6999998,low,-70.112381,-16.893709,-20.822105,-19.590374,-0.91494274
8.8000002,high,-82.534332,-75.418182,-88.524353,-88.318588,-13.220033
8.8000002,low,-70.112381,-16.799255,-20.739151,-19.550665,-0.90994298
8.8999996,high,-82.534332,-74.787643,-88.050323,-87.849113,-13.147396
8.8999996,low,-70.112381,-16.704828,-20.65527,-19.510378,-0.90494335
9,high,-120.3676,-74.159492,-87.5737,-87.377159,-13.074758
9,low,19.042952,-16.610422,-20.570469,-19.469498,-0.89994365
9.1000004,high,-120.3676,-73.533722,-87.094543,-86.902763,-13.00212
9.1000004,low,19.042952,-16.516039,-20.484762,-19.428011,-0.89494395
9.1999998,high,-120.3676,-72.910355,-86.612892,-86.425964,-12.929482
9.1999998,low,19.042952,-16.42168,-20.398157,-19.385904,-0.88994426
9.3000002,high,-120.3676,-72.28936,-86.128784,-85.9468,-12.856845
9.3000002,low,19.042952,-16.327345,-20.310663,-19.343164,-0.88494456
9.3999996,high,-120.3676,-71.670769,-85.642258,-85.465309,-12.784208
9.3999996,low,19.042952,-16.233034,-20.22229,-19.299776,-0.87994492
9.5,high,-120.3676,-71.054558,-85.153358,-84.981522,-12.71157
9.5,low,19.042952,-16.138744,-20.133049,-19.25573,-0.87494522
9.6000004,high,-120.3676,-70.440735,-84.662125,-84.495483,-12.638932
9.6000004,low,19.042952,-16.044479,-20.04295,-19.21101,-0.86994553
9.6999998,high,-120.3676,-69.829308,-84.168594,-84.007225,-12.566296
9.6999998,low,19.042952,-15.950239,-19.952,-19.165607,-0.86494583
9.8000002,high,-120.3676,-69.220261,-83.672813,-83.516777,-12.493657
9.8000002,low,19.042952,-15.856021,-19.86021,-19.119507,-0.85994613
9.8999996,high,-120.3676,-68.613609,-83.17482,-83.0242,-12.421021
9.8999996,low,19.042952,-15.761827,-19.767593,-19.072699,-0.85494649
10,high,-120.3676,-68.009338,-82.674652,-82.529503,-12.348382
10,low,19.042952,-15.667656,-19.674154,-19.025169000000002,-0.8499468
10.1,high,-120.3676,-67.407455,-82.172348,-82.032738,-12.275744
10.1,low,19.042952,-15.573508,-19.579905,-18.97691,-0.8449471
10.2,high,-120.3676,-66.807968,-81.667961,-81.533951,-12.203108
10.2,low,19.042952,-15.479384,-19.484856,-18.927908,-0.8399474
10.3,high,-120.3676,-66.210861,-81.161522,-81.033157,-12.130469
10.3,low,19.042952,-15.385284,-19.389015,-18.878153,-0.83494771
10.4,high,-120.3676,-65.61615,-80.653076,-80.530411,-12.057833
10.4,low,19.042952,-15.291207,-19.292397,-18.827633,-0.82994807
10.5,high,-120.3676,-65.023827,-80.142662,-80.025742,-11.985195
10.5,low,19.042952,-15.197154,-19.195004,-18.776339,-0.82494837
10.6,high,-120.3676,-64.433884,-79.630318,-79.519188,-11.912557
10.6,low,19.042952,-15.103124,-19.096849,-18.72426,-0.81994861
10.7,high,-120.3676,-63.846344,-79.116089,-79.010796,-11.83992
10.7,low,19.042952,-15.009118,-18.997944,-18.671391,-0.81494898
10.8,high,-120.3676,-63.261181,-78.600014,-78.500587,-11.767282
10.8,low,19.042952,-14.915134,-18.898296,-18.617714,-0.80994928
10.9,high,-120.3676,-62.678413,-78.082138,-77.988609,-11.694645
10.9,low,19.042952,-14.821176,-18.797918,-18.563227,-0.80494964
11,high,-120.3676,-62.098026,-77.562485,-77.474899,-11.622007
11,low,19.042952,-14.727239,-18.696815,-18.507915,-0.79994988
11.1,high,-120.3676,-61.520031,-77.041115,-76.959488,-11.549369
11.1,low,19.042952,-14.633327,-18.595001,-18.451775,-0.79495019
11.2,high,-120.3676,-60.944427,-76.518066,-76.442429,-11.476732
11.2,low,19.042952,-14.539437,-18.492483,-18.394796,-0.78995055
11.3,high,-120.3676,-60.371208,-75.993362,-75.923737,-11.404094
11.3,low,19.042952,-14.445572,-18.389273,-18.336967,-0.78495085
11.4,high,-120.3676,-59.800381,-75.467072,-75.403465,-11.331457
11.4,low,19.042952,-14.35173,-18.285379,-18.278286,-0.77995116
11.5,high,-120.3676,-59.231941,-74.939209,-74.881653,-11.25882
11.5,low,19.042952,-14.257912,-18.180811,-18.21874,-0.77495146
11.6,high,-120.3676,-58.665886,-74.409828,-74.358322,-11.186181
11.6,low,19.042952,-14.164116,-18.075579,-18.158323,-0.76995176
11.7,high,-120.3676,-58.102226,-73.878967,-73.833534,-11.113544
11.7,low,19.042952,-14.070345,-17.969694,-18.097029,-0.76495212
11.8,high,-120.3676,-57.540947,-73.346672,-73.307304,-11.040907
11.8,low,19.042952,-13.976597,-17.863163,-18.034849,-0.75995243
11.9,high,-120.3676,-56.982063,-72.812973,-72.779686,-10.968269
11.9,low,19.042952,-13.882873,-17.755999,-17.971777,-0.75495273
12,high,-38.075668,-56.425564,-72.277916,-72.250702,-10.895632
12,low,-26.072252,-13.789171,-17.648209,-17.907808,-0.74995303
12.1,high,-38.075668,-55.871452,-71.741547,-71.720406,-10.822993
12.1,low,-26.072252,-13.695493,-17.539804,-17.842934,-0.74495333
12.2,high,-38.075668,-55.319733,-71.203896,-71.188828,-10.750357
12.2,low,-26.072252,-13.601839,-17.430794,-17.777149,-0.7399537
12.3,high,-38.075668,-54.770397,-70.665016,-70.656006,-10.677719
12.3,low,-26.072252,-13.508208,-17.321188,-17.710447,-0.73495394
12.4,high,-38.075668,-54.223457,-70.124939,-70.121986,-10.605082
12.4,low,-26.072252,-13.414601,-17.210997,-17.642826,-0.7299543
12.5,high,-38.075668,-53.678898,-69.583702,-69.586784,-10.532444
12.5,low,-26.072252,-13.321017,-17.100227,-17.574276,-0.72495461
12.6,high,-38.075668,-53.13673,-69.041351,-69.050461,-10.459806
12.6,low,-26.072252,-13.227457,-16.988894,-17.504795,-0.71995491
12.7,high,-38.075668,-52.596954,-68.49794,-68.513046,-10.387169
12.7,low,-26.072252,-13.133921,-16.877003,-17.434378,-0.71495521
12.8,high,-38.075668,-52.059559,-67.953484,-67.974579,-10.314531
12.8,low,-26.072252,-13.040407,-16.764565,-17.363018,-0.70995551
12.9,high,-38.075668,-51.524559000000004,-67.408043,-67.435104,-10.241894
12.9,low,-26.072252,-12.946918,-16.65159,-17.290714,-0.70495588
13,high,-38.075668,-50.991943,-66.861649,-66.894638,-10.169256
13,low,-26.072252,-12.853452,-16.538088,-17.217463,-0.69995618
13.1,high,-38.075668,-50.461716,-66.314346,-66.353241,-10.096619
13.1,low,-26.072252,-12.760009,-16.424068,-17.143255,-0.69495648
13.2,high,-38.075668,-49.933884,-65.766174,-65.810944,-10.023981
13.2,low,-26.072252,-12.66659,-16.30954,-17.068094,-0.68995678
13.3,high,-38.075668,-49.408432,-65.217171,-65.267784,-9.9513435
13.3,low,-26.072252,-12.573194,-16.194515,-16.991972,-0.68495709
13.4,high,-38.075668,-48.885376,-64.667389,-64.723808,-9.878706
13.4,low,-26.072252,-12.479822,-16.079,-16.914888,-0.67995745
13.5,high,-38.075668,-48.3647,-64.116844,-64.179039,-9.8060684
13.5,low,-26.072252,-12.386473,-15.963008,-16.836838,-0.67495775
13.6,high,-38.075668,-47.846416,-63.565601,-63.633518,-9.7334309
13.6,low,-26.072252,-12.293147,-15.846546,-16.75782,-0.66995806
13.7,high,-38.075668,-47.330524,-63.013699,-63.087299,-9.6607933
13.7,low,-26.072252,-12.199845,-15.729626,-16.677835,-0.66495836
13.8,high,-38.075668,-46.817017,-62.461163,-62.540401,-9.5881557
13.8,low,-26.072252,-12.106567,-15.612256,-16.596876,-0.65995866
13.9,high,-38.075668,-46.305901,-61.908047,-61.992882,-9.5155182
13.9,low,-26.072252,-12.013312,-15.494447,-16.514946,-0.65495902
14,high,-38.075668,-45.797169,-61.354385,-61.444759,-9.4428806
14,low,-26.072252,-11.920081,-15.376207,-16.432039,-0.64995933
14.1,high,-38.075668,-45.290829,-60.80022,-60.896084,-9.3702431
14.1,low,-26.072252,-11.826873,-15.257547,-16.348158,-0.64495957
14.2,high,-38.075668,-44.786877,-60.245598,-60.346901,-9.2976055
14.2,low,-26.072252,-11.733689,-15.138478,-16.2633,-0.63995993
14.3,high,-38.075668,-44.285313,-59.690548,-59.797234,-9.224968
14.3,low,-26.072252,-11.640528,-15.019008,-16.177464,-0.63496023
14.4,high,-38.075668,-43.78614,-59.13512,-59.247131,-9.1523304
14.4,low,-26.072252,-11.547391,-14.899148,-16.090651,-0.6299606
14.5,high,-38.075668,-43.289349,-58.57935,-58.696625,-9.0796928
14.5,low,-26.072252,-11.454276,-14.778906,-16.002859,-0.62496084
14.6,high,-38.075668,-42.794949,-58.023281,-58.145756,-9.0070553
14.6,low,-26.072252,-11.361186,-14.658292,-15.91409,-0.61996114
14.7,high,-38.075668,-42.302944,-57.466957,-57.594574,-8.9344177
14.7,low,-26.072252,-11.268119,-14.537318,-15.824345,-0.6149615
14.8,high,-38.075668,-41.81332,-56.910408,-57.043098,-8.8617802
14.8,low,-26.072252,-11.175076,-14.415991,-15.733621,-0.60996181
14.9,high,-38.075668,-41.326088,-56.353691,-56.491386,-8.7891426
14.9,low,-26.072252,-11.082056,-14.294323,-15.641923,-0.60496211
15,high,-68.58255,-40.84124,-55.796829,-55.939461,-8.7165051
15,low,-4.3989501,-10.989059,-14.172322,-15.549249,-0.59996241
15.1,high,-68.58255,-40.358784,-55.239872,-55.387371,-8.6438675
15.1,low,-4.3989501,-10.896086,-14.049998,-15.455602,-0.59496272
15.2,high,-68.58255,-39.878719,-54.682869,-54.835159,-8.5712299
15.2,low,-4.3989501,-10.803137,-13.927362,-15.360984,-0.58996308
15.3,high,-68.58255,-39.401035,-54.125839,-54.282848,-8.4985924
15.3,low,-4.3989501,-10.710211,-13.804423,-15.265395,-0.58496338
15.4,high,-68.58255,-38.925747,-53.568848,-53.730495,-8.4259558
15.4,low,-4.3989501,-10.617309,-13.681191,-15.16884,-0.57996368
15.5,high,-68.58255,-38.452843,-53.011913,-53.178127,-8.3533173
15.5,low,-4.3989501,-10.524429,-13.557675,-15.071319,-0.57496399
15.6,high,-68.58255,-37.982327,-52.45509,-52.625786,-8.2806797
15.6,low,-4.3989501,-10.431573,-13.433886,-14.972836,-0.56996429
15.7,high,-68.58255,-37.514206,-51.898418,-52.073517,-8.2080421
15.7,low,-4.3989501,-10.338741,-13.309833,-14.873393,-0.56496465
15.8,high,-68.58255,-37.048466,-51.34193,-51.521347,-8.1354046
15.8,low,-4.3989501,-10.245933,-13.185525,-14.772994,-0.55996495
15.9,high,-68.58255,-36.585121,-50.785675,-50.96933,-8.062768
15.9,low,-4.3989501,-10.153148,-13.060973,-14.671642,-0.55496526
16,high,-68.58255,-36.124157,-50.229687,-50.417492,-7.9901299
16,low,-4.3989501,-10.060386,-12.936186,-14.569341,-0.54996556
16.1,high,-68.58255,-35.665585,-49.674011,-49.865879,-7.9174919
16.1,low,-4.3989501,-9.9676476,-12.811174,-14.466093,-0.54496586
16.200001,high,-68.58255,-35.2094,-49.118687,-49.314526,-7.8448544
16.200001,low,-4.3989501,-9.8749323,-12.685946,-14.361905,-0.53996617
16.299999,high,-68.58255,-34.755611,-48.563766,-48.763489,-7.7722178
16.299999,low,-4.3989501,-9.7822428,-12.560516,-14.256783,-0.53496653
16.4,high,-68.58255,-34.304203,-48.009266,-48.21278,-7.6995797
16.4,low,-4.3989501,-9.6895752,-12.434888,-14.150725,-0.52996683
16.5,high,-68.58255,-33.855183,-47.455242,-47.662457,-7.6269422
16.5,low,-4.3989501,-9.5969305,-12.309072,-14.043741,-0.52496713
16.6,high,-68.58255,-33.40855,-46.901733,-47.112549,-7.5543041
16.6,low,-4.3989501,-9.5043097,-12.183083,-13.935836,-0.51996744
16.700001,high,-68.58255,-32.96431,-46.348778,-46.563107,-7.4816666
16.700001,low,-4.3989501,-9.4117117,-12.056925,-13.827014,-0.51496774
16.799999,high,-68.58255,-32.522461,-45.796432,-46.014172,-7.40903
16.799999,low,-4.3989501,-9.3191395,-11.930614,-13.717283,-0.5099681
16.9,high,-68.58255,-32.082996,-45.244709,-45.465763,-7.3363924
16.9,low,-4.3989501,-9.2265892,-11.804152,-13.606647,-0.5049684
17,high,-68.58255,-31.645918000000002,-44.693665,-44.917934,-7.2637544
17,low,-4.3989501,-9.1340618,-11.677555,-13.495111,-0.49996868
17.1,high,-68.58255,-31.211229,-44.143341,-44.370724,-7.1911163
17.1,low,-4.3989501,-9.0415583,-11.55083,-13.382684,-0.49496898
17.200001,high,-68.58255,-30.778929,-43.593773,-43.824173,-7.1184788
17.200001,low,-4.3989501,-8.9490786,-11.423986,-13.269371,-0.48996928
17.299999,high,-68.58255,-30.349026,-43.045017,-43.278328,-7.0458422
17.299999,low,-4.3989501,-8.8566236,-11.297038,-13.155182,-0.48496968
17.4,high,-68.58255,-29.921501,-42.497089,-42.733212,-6.9732046
17.4,low,-4.3989501,-8.7641897,-11.16999,-13.04012,-0.47996998
17.5,high,-68.58255,-29.496367,-41.950043,-42.188869,-6.9005666
17.5,low,-4.3989501,-8.6717806,-11.042851,-12.924195,-0.47497025
17.6,high,-68.58255,-29.07362,-41.403919,-41.645348,-6.827929
17.6,low,-4.3989501,-8.5793943,-10.915636,-12.807415,-0.46997055
17.700001,high,-68.58255,-28.653261,-40.858757,-41.10268,-6.755291
17.700001,low,-4.3989501,-8.4870319,-10.788351,-12.689786,-0.46497086
17.799999,high,-68.58255,-28.235298,-40.31461,-40.560917,-6.6826544
17.799999,low,-4.3989501,-8.3946943,-10.661009,-12.571321,-0.45997125
17.9,high,-68.58255,-27.819717,-39.771496,-40.020084,-6.6100168
17.9,low,-4.3989501,-8.3023787,-10.533616,-12.452023,-0.45497152
18,high,-39.534718,-27.406525,-39.229465,-39.480225,-6.5373788
18,low,-20.043787,-8.2100859,-10.406182,-12.331902,-0.44997182
18.1,high,-39.534718,-26.99572,-38.68856,-38.94138,-6.4647412
18.1,low,-20.043787,-8.1178179,-10.27872,-12.210968,-0.44497213
18.200001,high,-39.534718,-26.587303,-38.148823,-38.403591,-6.3921032
18.200001,low,-20.043787,-8.0255718,-10.151237,-12.089231,-0.4399724
18.299999,high,-39.534718,-26.181284,-37.610302,-37.866909,-6.3194671
18.299999,low,-20.043787,-7.9333525,-10.023746,-11.966702,-0.43497279
18.4,high,-39.534718,-25.777645,-37.073017,-37.331356,-6.246829
18.4,low,-20.043787,-7.8411541,-9.8962517,-11.843386,-0.4299731
18.5,high,-39.534718,-25.376394,-36.537022,-36.796974,-6.174191
18.5,low,-20.043787,-7.7489791,-9.7687674,-11.719295,-0.4249734
18.6,high,-39.534718,-24.977531,-36.002354,-36.263813,-6.1015534
18.6,low,-20.043787,-7.6568279,-9.6413012,-11.59444,-0.41997367
18.700001,high,-39.534718,-24.581059,-35.469055,-35.731903,-6.0289154
18.700001,low,-20.043787,-7.5647001,-9.5138636,-11.468833,-0.41497397
18.799999,high,-39.534718,-24.186981,-34.937176,-35.201302,-5.9562793
18.799999,low,-20.043787,-7.4725976,-9.3864679,-11.342484,-0.40997437
18.9,high,-39.534718,-23.795284,-34.406738,-34.672028,-5.8836412
18.9,low,-20.043787,-7.380517,-9.2591171,-11.215402,-0.40497467
19,high,-39.534718,-23.405975,-33.877796,-34.144131,-5.8110037
19,low,-20.043787,-7.2884593,-9.1318245,-11.0876,-0.39997494
19.1,high,-39.534718,-23.019054,-33.35038,-33.617649,-5.7383657
19.1,low,-20.043787,-7.1964254,-9.0045986,-10.959088,-0.39497524
19.200001,high,-39.534718,-22.634523,-32.824543,-33.092625,-5.6657276
19.200001,low,-20.043787,-7.1044154,-8.8774519,-10.82988,-0.38997555
19.299999,high,-39.534718,-22.252388,-32.300323,-32.569111,-5.5930915
19.299999,low,-20.043787,-7.0124302,-8.7503939,-10.699989,-0.38497594
19.4,high,-39.534718,-21.872633,-31.777754,-32.047123,-5.5204535
19.4,low,-20.043787,-6.9204669,-8.6234303,-10.569424,-0.37997621
19.5,high,-39.534718,-21.495268,-31.256876,-31.526714,-5.4478159
19.5,low,-20.043787,-6.828527,-8.4965734,-10.438199,-0.37497652
19.6,high,-39.534718,-21.120291,-30.737736,-31.007925,-5.3751779
19.6,low,-20.043787,-6.7366104,-8.369833,-10.306326,-0.36997682
19.700001,high,-39.534718,-20.747702,-30.220371,-30.490793,-5.3025403
19.700001,low,-20.043787,-6.6447177,-8.2432184,-10.17382,-0.36497712
19.799999,high,-39.534718,-20.377506,-29.704834,-29.975372,-5.2299037
19.799999,low,-20.043787,-6.5528498,-8.1167431,-10.040696,-0.35997748
19.9,high,-39.534718,-20.009695,-29.191145,-29.461683,-5.1572657
19.9,low,-20.043787,-6.4610038,-7.9904108,-9.9069624,-0.35497779
20,high,-39.534718,-19.644272,-28.679356,-28.949774,-5.0846281
20,low,-20.043787,-6.3691812,-7.8642335,-9.7726355,-0.34997809
20.1,high,-39.534718,-19.281237,-28.169504,-28.439688,-5.0119901
20.1,low,-20.043787,-6.2773824,-7.7382221,-9.6377296,-0.34497839
20.200001,high,-39.534718,-18.920589,-27.661634,-27.931461,-4.9393525
20.200001,low,-20.043787,-6.185607,-7.6123853,-9.5022593,-0.33997867
20.299999,high,-39.534718,-18.562338,-27.155794,-27.42515,-4.8667159
20.299999,low,-20.043787,-6.0938568,-7.4867358,-9.3662415,-0.33497906
20.4,high,-39.534718,-18.206467,-26.652004,-26.920773,-4.7940784
20.4,low,-20.043787,-6.0021281,-7.3612781,-9.2296858,-0.32997936
20.5,high,-39.534718,-17.852985,-26.150318,-26.418379,-4.7214403
20.5,low,-20.043787,-5.9104233,-7.2360249,-9.0926104,-0.32497966
20.6,high,-39.534718,-17.501892,-25.650776,-25.918011,-4.6488023
20.6,low,-20.043787,-5.8187418,-7.1109858,-8.9550304,-0.31997994
20.700001,high,-39.534718,-17.153189,-25.153416,-25.419708,-4.5761647
20.700001,low,-20.043787,-5.7270837,-6.9861703,-8.8169612999999991,-0.31498024
20.799999,high,-39.534718,-16.806879,-24.658289,-24.923523,-4.5035281
20.799999,low,-20.043787,-5.6354508,-6.8615904,-8.6784229,-0.30998063
20.9,high,-39.534718,-16.462952,-24.165419,-24.429476,-4.4308906
20.9,low,-20.043787,-5.5438395,-6.7372518,-8.5394239,-0.30498093
21,high,-16.107925,-16.121412,-23.674854,-23.937616,-4.3582525
21,low,3.0509503,-5.4522519,-6.6131663,-8.3999844,-0.29998121
21.1,high,-16.107925,-15.782261,-23.186636,-23.447989,-4.285615
21.1,low,3.0509503,-5.3606877,-6.4893432,-8.2601223,-0.29498151
21.200001,high,-16.107925,-15.445498,-22.700806,-22.96063,-4.2129769
21.200001,low,3.0509503,-5.2691474,-6.3657928,-8.1198521,-0.28998181
21.299999,high,-16.107925,-15.111132,-22.217411,-22.475594,-4.1403403
21.299999,low,3.0509503,-5.1776319,-6.242527,-7.9791961,-0.2849822
21.4,high,-16.107925,-14.779146,-21.736475,-21.992901,-4.0677028
21.4,low,3.0509503,-5.0861382,-6.1195512,-7.8381643,-0.27998248
21.5,high,-16.107925,-14.449549,-21.258051,-21.512602,-3.995065
21.5,low,3.0509503,-4.994668,-5.9968767,-7.6967783,-0.27498278
21.6,high,-16.107925,-14.12234,-20.782175,-21.034737,-3.9224272
21.6,low,3.0509503,-4.9032216,-5.8745141,-7.5550556,-0.26998308
21.700001,high,-16.107925,-13.797521,-20.308889,-20.559349,-3.8497891
21.700001,low,3.0509503,-4.8117986,-5.7524729,-7.4130149,-0.26498336
21.799999,high,-16.107925,-13.475095,-19.838245,-20.086487,-3.7771528
21.799999,low,3.0509503,-4.7204003,-5.6307645,-7.2706766,-0.25998375
21.9,high,-16.107925,-13.155052,-19.370264,-19.616175,-3.704515
21.9,low,3.0509503,-4.629024,-5.5093951,-7.1280541,-0.25498405
22,high,-16.107925,-12.837398,-18.904995,-19.148464,-3.6318772
22,low,3.0509503,-4.5376716,-5.3883762,-6.9851699,-0.24998434
22.1,high,-16.107925,-12.522131,-18.44248,-18.683393,-3.5592394
22.1,low,3.0509503,-4.4463425,-5.2677174,-6.842042,-0.24498464
22.200001,high,-16.107925,-12.209253,-17.982759,-18.221004,-3.4866016
22.200001,low,3.0509503,-4.3550367,-5.147429,-6.6986909,-0.23998493
22.299999,high,-16.107925,-11.89877,-17.525881,-17.761351,-3.413965
22.299999,low,3.0509503,-4.2637563,-5.0275226,-6.5551386,-0.23498532
22.4,high,-16.107925,-11.59067,-17.071871,-17.304451,-3.3413272
22.4,low,3.0509503,-4.1724973,-4.9080033,-6.4113994,-0.22998562
22.5,high,-16.107925,-11.284957,-16.620777,-16.850359,-3.2686894
22.5,low,3.0509503,-4.0812621,-4.7888837,-6.2674966,-0.22498591
22.6,high,-16.107925,-10.981633,-16.17264,-16.399117,-3.1960516
22.6,low,3.0509503,-3.9900503,-4.6701727,-6.1234503,-0.2199862
22.700001,high,-16.107925,-10.680697,-15.7275,-15.950762,-3.1234138
22.700001,low,3.0509503,-3.8988619,-4.5518808,-5.9792819,-0.2149865
22.799999,high,-16.107925,-10.382156,-15.285407,-15.505348,-3.0507774
22.799999,low,3.0509503,-3.807699,-4.43402,-5.8350148,-0.2099869
22.9,high,-16.107925,-10.085999,-14.846385,-15.062899,-2.9781396
22.9,low,3.0509503,-3.7165575,-4.3165951,-5.6906643,-0.20498718
23,high,-16.107925,-9.7922277,-14.410483,-14.623464,-2.9055018
23,low,3.0509503,-3.6254396,-4.1996183,-5.5462556,-0.19998747
23.1,high,-16.107925,-9.5008469,-13.977741,-14.187085,-2.8328638
23.1,low,3.0509503,-3.5343454,-4.0830994,-5.4018097,-0.19498777
23.200001,high,-16.107925,-9.211853,-13.548201,-13.753804,-2.760226
23.200001,low,3.0509503,-3.4432745,-3.9670479,-5.2573485,-0.18998806
23.299999,high,-16.107925,-8.9252539,-13.121911,-13.32367,-2.6875896
23.299999,low,3.0509503,-3.3522289,-3.8514764,-5.1128979,-0.18498845
23.4,high,-16.107925,-8.6410379,-12.698895,-12.89671,-2.6149518
23.4,low,3.0509503,-3.261205,-3.7363896,-4.9684739,-0.17998874
23.5,high,-16.107925,-8.35921,-12.279202,-12.472974,-2.5423141
23.5,low,3.0509503,-3.1702046,-3.6217997,-4.8241029,-0.17498904
23.6,high,-16.107925,-8.079771,-11.862874,-12.052502,-2.4696763
23.6,low,3.0509503,-3.0792277,-3.5077164,-4.6798072,-0.16998933
23.700001,high,-16.107925,-7.8027201,-11.44995,-11.635337,-2.3970385
23.700001,low,3.0509503,-2.9882743,-3.3941495,-4.5356107,-0.16498964
23.799999,high,-16.107925,-7.5280628,-11.04048,-11.221528,-2.3244019
23.799999,low,3.0509503,-2.897346,-3.281111,-4.3915391,-0.15999001
23.9,high,-16.107925,-7.2557893,-10.634488,-10.811102,-2.2517641
23.9,low,3.0509503,-2.8064396,-3.1686063,-4.247611,-0.15499032
24,high,0,-6.9859037,-10.232023,-10.404109,-2.1791263
24,low,0,-2.7155566,-3.0566471,-4.1038532,-0.1499906
24.1,high,0,-6.7184067,-9.8331251,-10.00059,-2.1064885
24.1,low,0,-2.6246972,-2.9452434,-3.9602902,-0.14499091
24.200001,high,0,-6.4532981,-9.4378357,-9.6005878,-2.0338507
24.200001,low,0,-2.5338612,-2.8344047,-3.8169463,-0.13999119
24.299999,high,0,-6.1905832,-9.0462027,-9.2041521,-1.9612142
24.299999,low,0,-2.4430504,-2.7241433,-3.6738489,-0.13499159
24.4,high,0,-5.9302516,-8.6582527,-8.8113089,-1.8885764
24.4,low,0,-2.3522615,-2.6144643,-3.5310178,-0.12999187
24.5,high,0,-5.6723084,-8.2740326,-8.4221096,-1.8159386
24.5,low,0,-2.2614958,-2.5053797,-3.3884809,-0.12499217
24.6,high,0,-5.4167538,-7.8935833,-8.0365944,-1.7433008
24.6,low,0,-2.170754,-2.3968995,-3.2462642,-0.11999246
24.700001,high,0,-5.1635876,-7.5169458,-7.6548066,-1.670663
24.700001,low,0,-2.0800352,-2.2890332,-3.104393,-0.11499276
24.799999,high,0,-4.9128141,-7.1441684,-7.2767954,-1.5980265
24.799999,low,0,-1.989342,-2.1817925,-2.9628963,-0.10999315
24.9,high,0,-4.6644249,-6.7752767,-6.9025888,-1.5253887
24.9,low,0,-1.8986704,-2.0751832,-2.8217952,-0.10499345
25,high,0,-4.4184241,-6.4103189,-6.5322361,-1.4527509
25,low,0,-1.8080224,-1.9692172,-2.6811187,-0.099993736
25.1,high,0,-4.1748118,-6.049336,-6.1657801,-1.380113
25.1,low,0,-1.7173978,-1.8639041,-2.540894,-0.094994031
25.200001,high,0,-3.9335878,-5.6923685,-5.8032627,-1.3074752
25.200001,low,0,-1.6267966,-1.7592537,-2.4011478,-0.089994326
25.299999,high,0,-3.6947567,-5.3394632,-5.4447331,-1.2348388
25.299999,low,0,-1.5362208,-1.6552778,-2.2619102,-0.084994718
25.4,high,0,-3.4583099,-4.9906487,-5.09022,-1.1622009
25.4,low,0,-1.4456667,-1.5519823,-2.1232038,-0.079995006
25.5,high,0,-3.2242513,-4.6459708,-4.7397733,-1.0895631
25.5,low,0,-1.355136,-1.4493786,-1.9850589,-0.074995302
25.6,high,0,-2.9925811,-4.3054719,-4.393435,-1.0169253
25.6,low,0,-1.2646288,-1.3474766,-1.8475035,-0.069995597
25.700001,high,0,-2.7632995,-3.9691913,-4.0512481,-0.94428754
25.700001,low,0,-1.1741451,-1.2462863,-1.7105663,-0.064995892
25.799999,high,0,-2.5364106,-3.6371768,-3.7132609,-0.87165105
25.799999,low,0,-1.0836867,-1.1458189,-1.5742781,-0.059996281
25.9,high,0,-2.3119059,-3.3094561,-3.3795037,-0.79901326
25.9,low,0,-0.99325001,-1.0460807,-1.438663,-0.054996576
26,high,0,-2.0897896,-2.9860766,-3.0500255,-0.72637546
26,low,0,-0.9028368,-0.94708329,-1.3037524,-0.049996868
26.1,high,0,-1.8700618,-2.6670785,-2.7248688,-0.6537376
26.1,low,0,-0.81244707,-0.84883636,-1.1695759,-0.044997163
26.200001,high,0,-1.6527225,-2.3525031,-2.4040763,-0.58109981
26.200001,low,0,-0.72208083,-0.75134969,-1.0361632,-0.039997458
26.299999,high,0,-1.4377756,-2.0423963,-2.0876968,-0.50846338
26.299999,low,0,-0.63173985,-0.65463489,-0.90354651,-0.034997847
26.4,high,0,-1.2252132,-1.7367877,-1.7757612,-0.43582553
26.4,low,0,-0.54142058,-0.558698,-0.77175105,-0.02999814
26.5,high,0,-1.0150392,-1.4357234,-1.4683183,-0.36318773
26.5,low,0,-0.45112482,-0.46355066,-0.64080977,-0.024998434
26.6,high,0,-0.80725366,-1.1392444,-1.165411,-0.2905499
26.6,low,0,-0.36085251,-0.36920258,-0.51075327,-0.019998729
26.700001,high,0,-0.60185659,-0.84739137,-0.86708194,-0.21791208
26.700001,low,0,-0.27060375,-0.27566358,-0.38161248,-0.014999023
26.799999,high,0,-0.39885187,-0.56021035,-0.57337981,-0.14527564
26.799999,low,0,-0.18038015,-0.1829451,-0.25342107,-0.0099994121
26.9,high,0,-0.1982317,-0.27773115,-0.28433627,-0.072637819
26.9,low,0,-0.090178333,-0.091053396,-0.12620552,-0.0049997061
27,high,-17.288895,0,0,0,0
27,low,7.8272767,0,0,0,0
27.1,high,-17.288895,0.19584323,0.27294242,0.27958599,0.072619148
27.1,low,7.8272767,0.090154842,0.090205342,0.12516357,0.0049966071
27.200001,high,-17.288895,0.38929799,0.54105538,0.55437863,0.14512624
27.200001,low,7.8272767,0.1802862,0.17955287,0.249253,0.0099746194
27.299999,high,-17.288895,0.58036065,0.80429322,0.82432973,0.21740785
27.299999,low,7.8272767,0.27039236,0.26803115,0.37223351,0.014915349
27.4,high,-17.288895,0.76903856,1.0626253,1.0894065,0.28935468
27.4,low,7.8272767,0.36047673,0.3556338,0.49407709,0.019800389
27.5,high,-17.288895,0.95532793,1.3160057,1.3495606,0.36085331
27.5,low,7.8272767,0.45053762,0.44234937,0.61474842,0.024611052
27.6,high,-17.288895,1.1392288,1.564394,1.6047487,0.43179169
27.6,low,7.8272767,0.54057503,0.52816808,0.73421431,0.029328743
27.700001,high,-17.288895,1.3207413,1.8077493,1.8549278,0.50205773
27.700001,low,7.8272767,0.63058895,0.61308026,0.85244131,0.033934865
27.799999,high,-17.288895,1.499862,2.0460262,2.1000497,0.57153815
27.799999,low,7.8272767,0.72057766,0.69707447,0.96939343,0.038410746
27.9,high,-17.288895,1.6765975,2.2791936,2.3400807,0.64012343
27.9,low,7.8272767,0.81054461,0.78014421,1.0850412,0.042737953
28,high,-17.288895,1.8509446,2.5072057,2.5749726,0.70770025
28,low,7.8272767,0.90048802,0.8622781,1.1993482,0.046897814
28.1,high,-17.288895,2.0229032,2.7300222,2.8046823,0.77415657
28.1,low,7.8272767,0.990408,0.94346637,1.3122798,0.050871726
28.200001,high,-17.288895,2.1924734,2.947602,3.0291662,0.83938032
28.200001,low,7.8272767,1.0803045,1.0236993,1.4238014,0.054641102
28.299999,high,-17.288895,2.359652,3.1599007,3.2483766,0.90325826
28.299999,low,7.8272767,1.1701758,1.1029656,1.5338759,0.05818728
28.4,high,-17.288895,2.5244453,3.3668857,3.4622786,0.96568078
28.4,low,7.8272767,1.2600253,1.1812586,1.6424723,0.061491795
28.5,high,-17.288895,2.6868501,3.568512,3.6708243,1.0265346
28.5,low,7.8272767,1.3498513,1.2585669,1.7495527,0.06453599
28.6,high,-17.288895,2.8468664,3.7647388,3.8739705,1.0857075
28.6,low,7.8272767,1.4396539,1.3348808,1.8550818,0.067301266
28.700001,high,-17.288895,3.0044944,3.9555256,4.0716734,1.1430876
28.700001,low,7.8272767,1.5294329,1.4101907,1.9590232,0.069769032
28.799999,high,-17.288895,3.1597309,4.1408286,4.2638855,1.1985619
28.799999,low,7.8272767,1.6191866,1.4844851,2.0613389,0.071920656
28.9,high,-17.288895,3.3125818,4.3206134,4.4505706,1.2520202
28.9,low,7.8272767,1.7089188,1.5577575,2.1619964,0.073737621
29,high,-17.288895,3.4630444,4.4948359,4.6316819,1.3033496
29,low,7.8272767,1.7986274,1.6299964,2.2609568,0.075201295
29.1,high,-17.288895,3.6111183,4.663456,4.8071752,1.352438
29.1,low,7.8272767,1.8883125,1.7011921,2.3581829,0.076293074
29.200001,high,-17.288895,3.756804,4.8264322,4.9770064,1.3991733
29.200001,low,7.8272767,1.9779741,1.771335,2.4536376,0.076994367
29.299999,high,-17.288895,3.9000983,4.9837213,5.1411295,1.4434426
29.299999,low,7.8272767,2.0676105,1.8404138,2.5472817,0.077286586
29.4,high,-17.288895,4.041007,5.1352887,5.2995067,1.4851356
29.4,low,7.8272767,2.1572251,1.9084216,2.639081,0.077151142
29.5,high,-17.288895,4.1795273,5.2810903,5.4520903,1.5241393
29.5,low,7.8272767,2.2468162,1.9753473,2.7289953,0.076569431
29.6,high,-17.288895,4.315659,5.4210854,5.5988369,1.5603417
29.6,low,7.8272767,2.3363838,2.0411808,2.8169868,0.075522855
29.700001,high,-17.288895,4.4494023,5.5552335,5.7397027,1.5936308
29.700001,low,7.8272767,2.4259281,2.1059129,2.9030166,0.073992819
29.799999,high,-17.288895,4.5807548,5.6834912,5.8746414,1.623894
29.799999,low,7.8272767,2.5154469,2.1695323,2.9870443,0.071960777
29.9,high,-17.288895,4.7097211,5.8058233,6.0036135,1.6510203
29.9,low,7.8272767,2.6049442,2.2320318,3.0690341,0.069408059
30,high,16.386461,4.8362989,5.9221859,6.1265731,1.6748972
30,low,18.723766,2.694418,2.2934003,3.1489453,0.066316105
30.1,high,16.386461,4.9604883,6.0325389,6.2434754,1.6954124
30.1,low,18.723766,2.7838681,2.3536279,3.226738,0.062666312
30.200001,high,16.386461,5.0822897,6.1368413,6.3542767,1.7124541
30.200001,low,18.723766,2.8732948,2.4127052,3.3023725,0.058440086
30.299999,high,16.386461,5.2016997,6.2350502,6.458931,1.7259098
30.299999,low,18.723766,2.9626963,2.4706213,3.3758075,0.053618949
30.4,high,16.386461,5.3187242,6.3271294,6.5573983,1.7356682
30.4,low,18.723766,3.0520761,2.5273685,3.447005,0.048184082
30.5,high,16.386461,5.4333596,6.4130359,6.649632,1.7416168
30.5,low,18.723766,3.1414323,2.5829358,3.5159237,0.042117029
30.6,high,16.386461,5.5456066,6.4927287,6.7355881,1.7436436
30.6,low,18.723766,3.2307651,2.6373138,3.5825222,0.035399165
30.700001,high,16.386461,5.6554656,6.5661674,6.8152218,1.7416365
30.700001,low,18.723766,3.3200743,2.6904926,3.6467595,0.028011892
30.799999,high,16.386461,5.7629337,6.6333103,6.8884883,1.7354836
30.799999,low,18.723766,3.4093585,2.7424614,3.7085931,0.019936781
30.9,high,16.386461,5.8680158,6.6941185,6.9553456,1.7250727
30.9,low,18.723766,3.4986207,2.7932124,3.7679839,0.011154932
31,high,16.386461,5.9707088,6.7485509,7.0157475,1.7102919
31,low,18.723766,3.5878596,2.8427351,3.8248887,0.0016479114
31.1,high,16.386461,6.0710139,6.7965665,7.0696507,1.691029
31.1,low,18.723766,3.6770749,2.8910193,3.8792655,-0.0086028995
31.200001,high,16.386461,6.1689301,6.8381243,7.1170096,1.667172
31.200001,low,18.723766,3.7662668,2.9380555,3.9310718,-0.019616062
31.299999,high,16.386461,6.2644563,6.8731828,7.1577802,1.6386092
31.299999,low,18.723766,3.8554335,2.9838333,3.9802642,-0.031409994
31.4,high,16.386461,6.3575959,6.9017034,7.1919184,1.6052277
31.4,low,18.723766,3.9445784,3.0283444,4.0268016,-0.044003703
31.5,high,16.386461,6.4483471,6.9236441,7.2193794,1.5669161
31.5,low,18.723766,4.0337,3.0715783,4.0706396,-0.057415541
31.6,high,16.386461,6.5367093,6.9389639,7.2401185,1.523562
31.6,low,18.723766,4.1227975,3.1135249,4.1117358,-0.071664162
31.700001,high,16.386461,6.6226835,6.9476233,7.2540913,1.4750537
31.700001,low,18.723766,4.2118721,3.154175,4.1500454,-0.086768098
31.799999,high,16.386461,6.7062678,6.9495802,7.2612529,1.4212799
31.799999,low,18.723766,4.3009214,3.1935177,4.1855245,-0.10274568
31.9,high,16.386461,6.7874651,6.9447947,7.261559,1.3621267
31.9,low,18.723766,4.3899488,3.231545,4.2181301,-0.11961608
32,high,16.386461,6.8662739,6.9332261,7.2549644,1.297483
32,low,18.723766,4.4789529,3.2682462,4.247817,-0.13739762
32.099998,high,16.386461,6.9426928,6.914834,7.241425,1.2272381
32.099998,low,18.723766,4.5679317,3.3036108,4.2745404,-0.15610851
32.200001,high,16.386461,7.016726,6.8895764,7.2208953,1.1512756
32.200001,low,18.723766,4.6568899,3.3376312,4.2982564,-0.17576846
32.299999,high,16.386461,7.0883679,6.8574142,7.1933312,1.0694896
32.299999,low,18.723766,4.745822,3.3702953,4.3189187,-0.19639456
32.400002,high,16.386461,7.1576242,6.8183045,7.1586866,0.9817614
32.400002,low,18.723766,4.8347335,3.4015954,4.3364825,-0.21800698
32.5,high,16.386461,7.2244892,6.7722101,7.116919,0.88798618
32.5,low,18.723766,4.9236183,3.4315195,4.3509016,-0.24062261
32.599998,high,16.386461,7.2889662,6.7190881,7.0679822,0.78804815
32.599998,low,18.723766,5.0124798,3.4600589,4.3621302,-0.26426095
32.700001,high,16.386461,7.3510571,6.6588955,7.0118289,0.68183118
32.700001,low,18.723766,5.1013212,3.4872053,4.3701229,-0.2889415
32.799999,high,16.386461,7.4107566,6.5915966,6.9484186,0.56923181
32.799999,low,18.723766,5.1901355,3.5129466,4.3748322,-0.3146809
32.900002,high,16.386461,7.4680705,6.5171456,6.8777013,0.45012894
32.900002,low,18.723766,5.2789297,3.5372751,4.3762121,-0.34149984
33,high,-1.2124529,7.5229936,6.4355068,6.7996373,0.32441938
33,low,17.020412,5.3676968,3.5601788,4.3742151,-0.36941481
33.099998,high,-1.2124529,7.5755281,6.3466377,6.7141795,0.19198704
33.099998,low,17.020412,5.4564409,3.5816495,4.3687949,-0.39844543
33.200001,high,-1.2124529,7.6256766,6.250493,6.6212783,0.052714717
33.200001,low,17.020412,5.5451646,3.6016777,4.3599029,-0.42861137
33.299999,high,-1.2124529,7.6734343,6.1470399,6.520896,-0.093499735
33.299999,low,17.020412,5.6338615,3.6202524,4.3474922,-0.45992905
33.400002,high,-1.2124529,7.7188058,6.0362291,6.4129801,-0.24677928
33.400002,low,17.020412,5.7225385,3.6373653,4.3315139,-0.49241942
33.5,high,-1.2124529,7.7617869,5.9180293,6.297493,-0.40722379
33.5,low,17.020412,5.8111882,3.6530051,4.3119211,-0.52609855
33.599998,high,-1.2124529,7.8023796,5.7923951,6.174386,-0.57495129
33.599998,low,17.020412,5.8998146,3.6671629,4.2886648,-0.56098622
33.700001,high,-1.2124529,7.8405852,5.6592803,6.0436082,-0.75008106
33.700001,low,17.020412,5.988421,3.6798291,4.2616954,-0.59710252
33.799999,high,-1.2124529,7.8764009,5.5186553,5.9051247,-0.93271196
33.799999,low,17.020412,6.0770006,3.6909935,4.2309656,-0.63446337
33.900002,high,-1.2124529,7.9098296,5.3704677,5.7588792,-1.1229686
33.900002,low,17.020412,6.1655602,3.7006469,4.1964235,-0.67308986
34,high,-1.2124529,7.9408684,5.2146883,5.6048374,-1.3209497
34,low,17.020412,6.2540927,3.7087786,4.1580234,-0.71299803
34.099998,high,-1.2124529,7.9695191,5.0512714,5.4429493,-1.5267742
34.099998,low,17.020412,6.3426018,3.7153797,4.1157131,-0.75420773
34.200001,high,-1.2124529,7.9957824,4.8801694,5.2731614,-1.7405621
34.200001,low,17.020412,6.4310904,3.7204404,4.0694413,-0.79673916
34.299999,high,-1.2124529,8.0196562,4.7013545,5.0954423,-1.9624099
34.299999,low,17.020412,6.5195527,3.7239504,4.0191612,-0.84060788
34.400002,high,-1.2124529,8.0411425,4.5147724,4.9097328,-2.1924457999999998
34.400002,low,17.020412,6.6079946,3.7259004,3.9648185,-0.88583559
34.5,high,-1.2124529,8.0602388,4.3203969,4.716001,-2.4307647
34.5,low,17.020412,6.6964097,3.7262805,3.9063666,-0.9324376
34.599998,high,-1.2124529,8.0769482,4.1181798,4.5141945,-2.6774871
34.599998,low,17.020412,6.784801,3.725081,3.8437521,-0.98043412
34.700001,high,-1.2124529,8.0912685,3.9080725,4.3042598,-2.9327347
34.700001,low,17.020412,6.8731728,3.7222919,3.7769217,-1.0298456
34.799999,high,-1.2124529,8.1032,3.6900504,4.0861673,-3.1966014
34.799999,low,17.020412,6.9615173,3.7179039,3.7058287,-1.0806872
34.900002,high,-1.2124529,8.1127434,3.464056,3.859854,-3.4692173
34.900002,low,17.020412,7.0498419,3.7119067,3.6304157,-1.1329808
35,high,-1.2124529,8.1198988,3.2300661,3.6252921,-3.7506752
35,low,17.020412,7.1381392,3.7042911,3.5506365,-1.1867416
35.099998,high,-1.2124529,8.1246653,2.9880311,3.3824272,-4.0410962
35.099998,low,17.020412,7.2264132,3.6950471,3.4664361,-1.2419897
35.200001,high,-1.2124529,8.1270428,2.7379012,3.1312034,-4.3406062
35.200001,low,17.020412,7.3146677,3.6841645,3.3777587,-1.2987463
35.299999,high,-1.2124529,8.1270332,2.4796541,2.8715944,-4.649292
35.299999,low,17.020412,7.4028945,3.6716344,3.2845581,-1.3570254
35.400002,high,-1.2124529,8.1246338,2.2132299,2.6035345,-4.967289
35.400002,low,17.020412,7.4911017,3.6574461,3.1867738,-1.4168499
35.5,high,-1.2124529,8.1198463,1.9386081,2.3269982,-5.2946877
35.5,low,17.020412,7.5792818,3.6415911,3.0843601,-1.4782342
35.599998,high,-1.2124529,8.1126709,1.6557379,2.0419292000000002,-5.6316099
35.599998,low,17.020412,7.6674385,3.6240587,2.9772604,-1.541199
35.700001,high,-1.2124529,8.1031065,1.3645673,1.7482706,-5.9781814
35.700001,low,17.020412,7.7555752,3.6048388,2.8654156,-1.6057652
35.799999,high,-1.2124529,8.0911541,1.0650779,1.4459987,-6.3344884
35.799999,low,17.020412,7.8436852,3.5839229,2.7487807,-1.6719469
35.900002,high,-1.2124529,8.0768127,0.7572062,1.1350441,-6.7006688
35.900002,low,17.020412,7.9317746,3.5612998,2.6272924,-1.7397671
36,high,7.0461206,8.0600834,0.44093484,0.81538469,-7.0768085
36,low,-13.97253,8.0198374,3.5369611,2.5009053,-1.8092397
36.099998,high,7.0461206,8.040966,0.11621164,0.48696265,-7.4630332
36.099998,low,-13.97253,8.1078768,3.5108967,2.36956,-1.8803861
36.200001,high,7.0461206,8.0194588,-0.21701702,0.14971872,-7.859468
36.200001,low,-13.97253,8.1958961,3.4830956,2.2331963,-1.9532269
36.299999,high,7.0461206,7.9955645,-0.55876642,-0.1963675,-8.2661963
36.299999,low,-13.97253,8.2838879,3.4535499,2.091769,-2.0277758
36.400002,high,7.0461206,7.9692807,-0.90910333,-0.55136865,-8.6833611
36.400002,low,-13.97253,8.3718605,3.4222479,1.9452119,-2.1040568
36.5,high,7.0461206,7.9406095,-1.2680417,-0.91530389,-9.111043
36.5,low,-13.97253,8.4598055,3.3891821,1.7934803,-2.1820827
36.599998,high,7.0461206,7.9095497,-1.6356356,-1.2882329,-9.5493698
36.599998,low,-13.97253,8.5477276,3.3543417,1.6365125,-2.2618749
36.700001,high,7.0461206,7.8761001,-2.01194,-1.6702167,-9.9984703
36.700001,low,-13.97253,8.6356287,3.3177154,1.4742459,-2.3434556
36.799999,high,7.0461206,7.8402638,-2.3969669,-2.0612726,-10.458423
36.799999,low,-13.97253,8.7235041,3.2792962,1.3066362,-2.4268365
36.900002,high,7.0461206,7.8020372,-2.7907867,-2.4614766,-10.929374
36.900002,low,-13.97253,8.8113585,3.2390714,1.1336138,-2.512043
37,high,7.0461206,7.7614236,-3.1934099,-2.8708448,-11.4114
37,low,-13.97253,8.8991861,3.1970346,0.95513487,-2.599087
37.099998,high,7.0461206,7.7184219,-3.6048918,-3.2894387,-11.904518
37.099998,low,-13.97253,8.9869909,3.1531742,0.77113533,-2.6879718
37.200001,high,7.0461206,7.6730299,-4.0252895,-3.7173214,-12.408301
37.200001,low,-13.97253,9.0747757,3.1074789,0.5815503,-2.7786267
37.299999,high,7.0461206,7.6252513,-4.4546118,-4.1545067,-12.92215
37.299999,low,-13.97253,9.1625328,3.0599422,0.38633639,-2.8709514
37.400002,high,7.0461206,7.5750823,-4.8929319,-4.6010742,-13.44554
37.400002,low,-13.97253,9.2502699,3.010551,0.18542047,-2.9648602
37.5,high,7.0461206,7.5225267,-5.3402576,-5.0570369,-13.977877
37.5,low,-13.97253,9.3379803,2.9592991,-0.021240469,-3.0602529
37.599998,high,7.0461206,7.4675832,-5.7966452,-5.5224581,-14.518616
37.599998,low,-13.97253,9.4256678,2.9061751,-0.23371266,-3.1570401
37.700001,high,7.0461206,7.4102488,-6.2621541,-5.9974027,-15.06722
37.700001,low,-13.97253,9.5133343,2.8511667,-0.45206347,-3.2551329
37.799999,high,7.0461206,7.3505278,-6.7367892,-6.4818811,-15.623085
37.799999,low,-13.97253,9.6009741,2.7942688,-0.67633539,-3.3544302
37.900002,high,7.0461206,7.2884164,-7.2206273,-6.9759774,-16.185698
37.900002,low,-13.97253,9.6885939,2.7354672,-0.90660489,-3.4548473
38,high,7.0461206,7.2239189,-7.7136726,-7.4797006,-16.75445
38,low,-13.97253,9.7761869,2.6747565,-1.1429142,-3.5562832
38.099998,high,7.0461206,7.157033,-8.2159843,-7.9931154,-17.328804
38.099998,low,-13.97253,9.8637571,2.6121249,-1.3853319,-3.658649
38.200001,high,7.0461206,7.0877562,-8.7276211,-8.5162897,-17.908222
38.200001,low,-13.97253,9.9513063,2.5475597,-1.6339276,-3.7618551
38.299999,high,7.0461206,7.0160933,-9.2485867,-9.0492296,-18.4921
38.299999,low,-13.97253,10.038829,2.4810567,-1.888743,-3.8658011
38.400002,high,7.0461206,6.9420395,-9.7789612,-9.5920238,-19.079924
38.400002,low,-13.97253,10.126331,2.4126008,-2.149858,-3.970402
38.5,high,7.0461206,6.8655996,-10.318744,-10.144677,-19.671085
38.5,low,-13.97253,10.213806,2.3421874,-2.4173141,-4.0755563
38.599998,high,7.0461206,6.7867718,-10.867996,-10.707256,-20.265049
38.599998,low,-13.97253,10.301259,2.2698042,-2.6911817,-4.1811762
38.700001,high,7.0461206,6.7055521,-11.42678,-11.279832,-20.861275
38.700001,low,-13.97253,10.388691,2.1954386,-2.9715333,-4.2871714
38.799999,high,7.0461206,6.6219473,-11.995093,-11.862407,-21.459162
38.799999,low,-13.97253,10.476096,2.1190865,-3.2584095,-4.3934417
38.900002,high,7.0461206,6.5359507,-12.573021,-12.455071,-22.058187
38.900002,low,-13.97253,10.56348,2.0407324,-3.5518939,-4.4999018
39,high,-22.235926,6.4475694,-13.160559,-13.057829,-22.657753
39,low,13.754749,10.650839,1.9603724,-3.8520262,-4.606451
39.099998,high,-22.235926,6.3567991,-13.75777,-13.670749,-23.257414
39.099998,low,13.754749,10.738173,1.8779939,-4.1588802,-4.713016
39.200001,high,-22.235926,6.2636371,-14.364717,-14.293901,-23.857096
39.200001,low,13.754749,10.825488,1.7935839,-4.4725308,-4.8195848
39.299999,high,-22.235926,6.1680903,-14.981397,-14.927287,-24.456753
39.299999,low,13.754749,10.912776,1.7071389,-4.7930169,-4.9261494
39.400002,high,-22.235926,6.0701513,-15.607895,-15.571002,-25.056435
39.400002,low,13.754749,11.000043,1.6186428,-5.1204262,-5.0327182
39.5,high,-22.235926,5.9698272,-16.244205,-16.225042,-25.656094
39.5,low,13.754749,11.087284,1.5280924,-5.4547968,-5.1392827
39.599998,high,-22.235926,5.8671155,-16.890392,-16.889481,-26.255753
39.599998,low,13.754749,11.174501,1.4354746,-5.7962055,-5.2458477
39.700001,high,-22.235926,5.7620106,-17.546522,-17.564392,-26.855436
39.700001,low,13.754749,11.261699,1.3407762,-6.1447296,-5.3524165
39.799999,high,-22.235926,5.6545219,-18.212584,-18.249771,-27.455093
39.799999,low,13.754749,11.348868,1.2439946,-6.5004063,-5.458981
39.900002,high,-22.235926,5.5446401,-18.888672,-18.945715,-28.054775
39.900002,low,13.754749,11.436019,1.1451125,-6.863328,-5.5655499
40,high,-22.235926,5.4323745,-19.574772,-19.652222,-28.654432
40,low,13.754749,11.523142,1.0441278,-7.233531,-5.6721144
40.099998,high,-22.235926,5.3177204,-20.270952,-20.369364,-29.254093
40.099998,low,13.754749,11.610242,0.94102705,-7.611094,-5.7786794
40.200001,high,-22.235926,5.2006731,-20.977282,-21.097218,-29.853773
40.200001,low,13.754749,11.697321,0.83579636,-7.996098,-5.8852477
40.299999,high,-22.235926,5.0812421,-21.693745,-21.835773,-30.453434
40.299999,low,13.754749,11.784374,0.72843409,-8.3885784,-5.9918127
40.400002,high,-22.235926,4.9594183,-22.420439,-22.585136,-31.053114
40.400002,low,13.754749,11.871407,0.61892223,-8.7886305,-6.098381
40.5,high,-22.235926,4.8352103,-23.157347,-23.345297,-31.652773
40.5,low,13.754749,11.958413,0.50725937,-9.1962919,-6.204946
40.599998,high,-22.235926,4.7086139,-23.904539,-24.116331,-32.252434
40.599998,low,13.754749,12.045395,0.39343169,-9.6116409,-6.311511
40.700001,high,-22.235926,4.5796242,-24.662085,-24.898315,-32.852112
40.700001,low,13.754749,12.132358,0.27742493,-10.034763,-6.4180794
40.799999,high,-22.235926,4.4482512,-25.429966,-25.691238,-33.451767
40.799999,low,13.754749,12.219293,0.15923817,-10.465692,-6.5246434
40.900002,high,-22.235926,4.3144846,-26.208284,-26.495211,-34.051453
40.900002,low,13.754749,12.306208,0.038852673,-10.904527,-6.6312127
41,high,-22.235926,4.1783347,-26.997019,-27.310215,-34.651112
41,low,13.754749,12.393096,-0.083732165,-11.351302,-6.7377777
41.099998,high,-22.235926,4.0397964,-27.79624,-28.136332,-35.250767
41.099998,low,13.754749,12.479961,-0.20853063,-11.806102,-6.8443418
41.200001,high,-22.235926,3.8988643,-28.60602,-28.97364,-35.850452
41.200001,low,13.754749,12.566806,-0.33555737,-12.269011,-6.950911
41.299999,high,-22.235926,3.7555492,-29.426338,-29.822126,-36.450108
41.299999,low,13.754749,12.653624,-0.46481246,-12.740065,-7.0574751
41.400002,high,-22.235926,3.6098402,-30.257296,-30.681902,-37.049793
41.400002,low,13.754749,12.740421,-0.5963155,-13.219365,-7.1640444
41.5,high,-22.235926,3.4617481,-31.098873,-31.552946,-37.649452
41.5,low,13.754749,12.827192,-0.73006618,-13.706944,-7.2706089
41.599998,high,-22.235926,3.3112676,-31.951141,-32.435345,-38.249107
41.599998,low,13.754749,12.91394,-0.86607927,-14.202889,-7.3771734
41.700001,high,-22.235926,3.1583931,-32.814175,-33.329174,-38.848793
41.700001,low,13.754749,13.000668,-1.0043699,-14.70729,-7.4837427
41.799999,high,-22.235926,3.0031359,-33.687946,-34.234421,-39.448448
41.799999,low,13.754749,13.087368,-1.1449372,-15.220175,-7.5903068
41.900002,high,-22.235926,2.8454843,-34.572563,-35.151199,-40.048134
41.900002,low,13.754749,13.174048,-1.2878015,-15.741654,-7.696876
42,high,-41.365017,2.6854501,-35.468002,-36.079483,-40.647793
42,low,-2.7966921,13.260702,-1.4329619,-16.271759,-7.8034406
42.099998,high,-41.365017,2.5230277,-36.374332,-37.019363,-41.247448
42.099998,low,-2.7966921,13.347332,-1.5804336,-16.810577,-7.9100046
42.200001,high,-41.365017,2.3582106,-37.291637,-37.970921,-41.847134
42.200001,low,-2.7966921,13.433942,-1.7302319,-17.3582,-8.0165739
42.299999,high,-41.365017,2.1910112,-38.219879,-38.934128,-42.446789
42.299999,low,-2.7966921,13.520525,-1.8823552,-17.91466,-8.1231384
42.400002,high,-41.365017,2.0214171,-39.159172,-39.909111,-43.046474
42.400002,low,-2.7966921,13.607087,-2.0368249,-18.480064,-8.2297077
42.5,high,-41.365017,1.8494409,-40.109489,-40.895844,-43.646133
42.5,low,-2.7966921,13.693624,-2.193639,-19.054445,-8.3362722
42.599998,high,-41.365017,1.6750765,-41.070904,-41.894405,-44.245789
42.599998,low,-2.7966921,13.780136,-2.352813,-19.637896,-8.4428368
42.700001,high,-41.365017,1.4983168,-42.043495,-42.904892,-44.845474
42.700001,low,-2.7966921,13.866629,-2.5143628,-20.230509,-8.5494061
42.799999,high,-41.365017,1.3191755,-43.027225,-43.927273,-45.445129
42.799999,low,-2.7966921,13.953094,-2.6782861,-20.832312,-8.6559696
42.900002,high,-41.365017,1.1376387,-44.022213,-44.96167,-46.044811
42.900002,low,-2.7966921,14.039539,-2.8446047,-21.443422,-8.7625389
43,high,-41.365017,0.95372057,-45.028427,-46.008053,-46.644474
43,low,-2.7966921,14.125958,-3.0133164,-22.063866,-8.8691044
43.099998,high,-41.365017,0.76741397,-46.04594,-47.066517,-47.244129
43.099998,low,-2.7966921,14.212354,-3.1844366,-22.693737,-8.975668
43.200001,high,-41.365017,0.57871181,-47.074837,-48.137142,-47.843811
43.200001,low,-2.7966921,14.298729,-3.3579819,-23.333138,-9.0822372
43.299999,high,-41.365017,0.38762838,-48.115074,-49.219902,-48.44347
43.299999,low,-2.7966921,14.385077,-3.5339489,-23.982088,-9.1888018
43.400002,high,-41.365017,0.19414915,-49.166775,-50.314926,-49.043152
43.400002,low,-2.7966921,14.471405,-3.7123606,-24.640713,-9.2953711
43.5,high,-41.365017,-0.0017110992,-50.2299,-51.422176,-49.642815
43.5,low,-2.7966921,14.557706,-3.8932135,-25.309034,-9.4019356
43.599998,high,-41.365017,-0.19995974,-51.304531,-52.541748,-50.24247
43.599998,low,-2.7966921,14.643984,-4.0765238,-25.987152,-9.5085001
43.700001,high,-41.365017,-0.40060446,-52.390747,-53.673729,-50.842152
43.700001,low,-2.7966921,14.730242,-4.2623086,-26.675167,-9.6150684
43.799999,high,-41.365017,-0.60362995,-53.48851,-54.818085,-51.441807
43.799999,low,-2.7966921,14.816472,-4.450563,-27.373102,-9.721633
43.900002,high,-41.365017,-0.80905163,-54.597942,-55.974953,-52.041492
43.900002,low,-2.7966921,14.902682,-4.6413116,-28.081081,-9.8282022
44,high,-41.365017,-1.0168539,-55.718998,-57.144287,-52.641151
44,low,-2.7966921,14.988867,-4.8345499,-28.799129,-9.9347668
44.099998,high,-41.365017,-1.2270447,-56.851765,-58.326187,-53.240807
44.099998,low,-2.7966921,15.075027,-5.0302939,-29.527348,-10.041331
44.200001,high,-41.365017,-1.4396319,-57.996323,-59.520744,-53.840492
44.200001,low,-2.7966921,15.161167,-5.2285619,-30.265841000000002,-10.147901
44.299999,high,-41.365017,-1.6545994,-59.152626,-60.727917,-54.440147
44.299999,low,-2.7966921,15.24728,-5.429348,-31.014626,-10.254464
44.400002,high,-41.365017,-1.8719637,-60.320805,-61.947845,-55.039833
44.400002,low,-2.7966921,15.333373,-5.6326776,-31.773834,-10.361033
44.5,high,-41.365017,-2.0917082,-61.500809,-63.180489,-55.639492
44.5,low,-2.7966921,15.419439,-5.8385444,-32.543491,-10.467599
44.599998,high,-41.365017,-2.3138409,-62.692726,-64.425941,-56.239147
44.599998,low,-2.7966921,15.505483,-6.0469666,-33.323696,-10.574162
44.700001,high,-41.365017,-2.5383706,-63.896645,-65.684296,-56.838833
44.700001,low,-2.7966921,15.591505,-6.2579613,-34.114555,-10.680732
44.799999,high,-41.365017,-2.7652802,-65.112503,-66.955505,-57.438488
44.799999,low,-2.7966921,15.677501,-6.4715228,-34.916088,-10.787296
44.900002,high,-41.365017,-2.9945869,-66.340454,-68.239723,-58.038174
44.900002,low,-2.7966921,15.763476,-6.6876769,-35.728436,-10.893866
45,high,-41.365017,-3.2262735,-67.580421,-69.536896,-58.637833
45,low,-2.7966921,15.849425,-6.9064169,-36.551609,-11.00043
45.099998,high,-41.365017,-3.4603484,-68.832512,-70.847122,-59.237488
45.099998,low,-2.7966921,15.935351,-7.1277609,-37.385715,-11.106995
45.200001,high,-41.365017,-3.6968205,-70.096802,-72.170502,-59.837173
45.200001,low,-2.7966921,16.021255,-7.3517265,-38.230873,-11.213564
45.299999,high,-41.365017,-3.9356723,-71.373238,-73.506989,-60.436829
45.299999,low,-2.7966921,16.107136,-7.5783072,-39.087086,-11.320127
45.400002,high,-41.365017,-4.1769214,-72.661964,-74.85672,-61.036514
45.400002,low,-2.7966921,16.192993,-7.8075299,-39.954506,-11.426697
45.5,high,-41.365017,-4.4205499,-73.962921,-76.219658,-61.636173
45.5,low,-2.7966921,16.278824,-8.0393867,-40.833138,-11.533262
45.599998,high,-41.365017,-4.6665668,-75.276199,-77.595894,-62.235828
45.599998,low,-2.7966921,16.364632,-8.2738962,-41.723103,-11.639826
45.700001,high,-41.365017,-4.9149818,-76.601883,-78.985535,-62.835514
45.700001,low,-2.7966921,16.45042,-8.5110769,-42.624508,-11.746395
45.799999,high,-41.365017,-5.1657753,-77.939919,-80.388512,-63.435169
45.799999,low,-2.7966921,16.53618,-8.7509203,-43.537365,-11.85296
45.900002,high,-41.365017,-5.4189672,-79.290443,-81.805,-64.034851
45.900002,low,-2.7966921,16.621922,-8.9934549,-44.461826,-11.959529
46,high,-41.365017,-5.6745377,-80.653404,-83.234932,-64.634514
46,low,-2.7966921,16.707636,-9.2386723,-45.397896,-12.066093
46.099998,high,-41.365017,-5.932497,-82.028885,-84.678413,-65.234169
46.099998,low,-2.7966921,16.793327,-9.4865913,-46.345695,-12.172658
46.200001,high,-41.365017,-6.1928539,-83.416977,-86.135544,-65.833847
46.200001,low,-2.7966921,16.878998,-9.7372303,-47.30534,-12.279226
46.299999,high,-41.365017,-6.4555898,-84.817627,-87.60627,-66.43351
46.299999,low,-2.7966921,16.964642,-9.9905815,-48.276836,-12.385791
46.400002,high,-41.365017,-6.7207241,-86.230972,-89.090744,-67.033195
46.400002,low,-2.7966921,17.050264,-10.246673,-49.260338,-12.49236
46.5,high,-41.365017,-6.9882369,-87.656944,-90.588913,-67.632851
46.5,low,-2.7966921,17.13586,-10.505494,-50.255856,-12.598925
46.599998,high,-41.365017,-7.2581382,-89.09565,-92.100868,-68.232513
46.599998,low,-2.7966921,17.221434,-10.767066,-51.263504,-12.70549
46.700001,high,-41.365017,-7.5304379,-90.547173,-93.62674,-68.832191
46.700001,low,-2.7966921,17.306986,-11.031408,-52.283405,-12.812057
46.799999,high,-41.365017,-7.8051157,-92.011452,-95.166443,-69.431847
46.799999,low,-2.7966921,17.392513,-11.29851,-53.315563,-12.918623
46.900002,high,-41.365017,-8.0821924,-93.488632,-96.720146,-70.031532
46.900002,low,-2.7966921,17.47802,-11.568401,-54.360142,-13.025191
47,high,-41.365017,-8.3616476,-94.978645,-98.287796,-70.631195
47,low,-2.7966921,17.563498,-11.841071,-55.417141,-13.131757
