temp,no_wgt_comm,risk_adj_sample_wgt_comm,pop_adj_sample_wgt_comm,no_wgt_low,risk_adj_sample_wgt_low,pop_adj_sample_wgt_low,no_wgt_high,risk_adj_sample_wgt_high,pop_adj_sample_wgt_high
8.9,1,2.24316174524e-08,2.17776459976e-06,0,0,0,1,2.24316174524e-08,2.17776459976e-06
9.800000000000001,1,1.45361944703e-08,1.41124053243e-06,0,0,0,1,1.45361944703e-08,1.41124053243e-06
10.1,1,4.03470039601e-06,2.00570912057e-06,1,4.03470039601e-06,2.00570912057e-06,0,0,0
11,1,3.03891147269e-06,1.51068786636e-06,1,3.03891147269e-06,1.51068786636e-06,0,0,0
11.1,1,4.20739161200e-06,2.09155655284e-06,1,4.20739161200e-06,2.09155655284e-06,0,0,0
11.3,3,9.17303100323e-06,4.56004931948e-06,3,9.17303100323e-06,4.56004931948e-06,0,0,0
11.5,9,.0000334756086886,.0000166412195313,9,.0000334756086886,.0000166412195313,0,0,0
11.6,1,3.72565023099e-06,1.85207568393e-06,1,3.72565023099e-06,1.85207568393e-06,0,0,0
11.8,2,7.67088477005e-06,3.81331005883e-06,2,7.67088477005e-06,3.81331005883e-06,0,0,0
12.1,2,6.61978947392e-06,3.29079523453e-06,2,6.61978947392e-06,3.29079523453e-06,0,0,0
12.3,1,3.17400622407e-06,1.57784529620e-06,1,3.17400622407e-06,1.57784529620e-06,0,0,0
12.6,5,.0000141390839872,7.02874763192e-06,5,.0000141390839872,7.02874763192e-06,0,0,0
12.9,6,.0000234053004533,.000011635120245,6,.0000234053004533,.000011635120245,0,0,0
13.3,8,.0000313156974698,.0000155674961206,8,.0000313156974698,.0000155674961206,0,0,0
13.4,17,.0000533134230114,.0000279848941318,16,.000053298079365,.000026495262432,1,1.53436463535e-08,1.48963169977e-06
13.6,8,.0000311677945319,.0000154939712047,8,.0000311677945319,.0000154939712047,0,0,0
13.7,1,4.05247874369e-06,2.01454713533e-06,1,4.05247874369e-06,2.01454713533e-06,0,0,0
13.8,11,.0000325451942444,.0000161786975923,11,.0000325451942444,.0000161786975923,0,0,0
14,2,8.06726893643e-06,4.01035867981e-06,2,8.06726893643e-06,4.01035867981e-06,0,0,0
14.3,13,.0000495711101394,.0000246425312298,13,.0000495711101394,.0000246425312298,0,0,0
14.4,4,.0000116849171263,5.80874507250e-06,4,.0000116849171263,5.80874507250e-06,0,0,0
14.5,5,.0000149175926794,9.36128606099e-06,4,.0000148974500007,7.40574239444e-06,1,2.01426786361e-08,1.95554366655e-06
14.6,7,.0000266488239049,.0000132475242935,7,.0000266488239049,.0000132475242935,0,0,0
14.7,2,7.16199065209e-06,3.56033160642e-06,2,7.16199065209e-06,3.56033160642e-06,0,0,0
14.8,4,.0000128890558244,6.40733992441e-06,4,.0000128890558244,6.40733992441e-06,0,0,0
15,20,.0000676589647277,.0000377376977667,18,.0000676164806919,.0000336131524818,2,4.24840358448e-08,4.12454528487e-06
15.1,8,.000021445994161,.000012152694012,7,.0000214305514419,.0000106534438373,1,1.54427191035e-08,1.49925017467e-06
15.2,13,.0000489696824388,.0000243435529228,13,.0000489696824388,.0000243435529228,0,0,0
15.3,8,.0000222409951256,.0000147508363852,6,.0000222027447307,.0000110373123334,2,3.82503948515e-08,3.71352405182e-06
15.4,5,.0000181057323516,9.00062730125e-06,5,.0000181057323516,9.00062730125e-06,0,0,0
15.5,5,.0000153275816501,7.61956744100e-06,5,.0000153275816501,7.61956744100e-06,0,0,0
15.8,10,.0000369820938886,.0000183843452533,10,.0000369820938886,.0000183843452533,0,0,0
15.9,11,.0000379057905775,.0000188435285509,11,.0000379057905775,.0000188435285509,0,0,0
16,4,.0000134823744702,6.70228769195e-06,4,.0000134823744702,6.70228769195e-06,0,0,0
16.1,6,.0000185283761311,9.21072967230e-06,6,.0000185283761311,9.21072967230e-06,0,0,0
16.2,21,.000061929692313,.0000321431900829,20,.0000619156426183,.0000307791810883,1,1.40496947409e-08,1.36400899464e-06
16.3,9,.0000360188628292,.0000179055086846,9,.0000360188628292,.0000179055086846,0,0,0
16.4,3,.0000125731912703,6.25031884738e-06,3,.0000125731912703,6.25031884738e-06,0,0,0
16.6,1,3.90360855818e-06,1.94054155145e-06,1,3.90360855818e-06,1.94054155145e-06,0,0,0
16.7,6,.000018304365085,9.09937034521e-06,6,.000018304365085,9.09937034521e-06,0,0,0
16.8,7,.0000229647303911,.0000132703204372,6,.0000229455331464,.0000114065637717,1,1.91972446828e-08,1.86375666544e-06
16.9,11,.0000272046344492,.0000164466671322,9,.000027174373372,.0000135087827857,2,3.02610771996e-08,2.93788434647e-06
17,2,7.87798717283e-06,3.91626394958e-06,2,7.87798717283e-06,3.91626394958e-06,0,0,0
17.1,10,.000033086566475,.0000180175875357,9,.0000330703142026,.0000164397422395,1,1.62522724168e-08,1.57784529620e-06
17.2,15,.0000529014930635,.0000262981142214,15,.0000529014930635,.0000262981142214,0,0,0
17.3,9,.0000341119784935,.0000169575686186,9,.0000341119784935,.0000169575686186,0,0,0
17.4,2,8.38455889607e-06,4.16808802584e-06,2,8.38455889607e-06,4.16808802584e-06,0,0,0
17.5,6,.0000231975659517,.0000115318532607,6,.0000231975659517,.0000115318532607,0,0,0
17.7,2,5.98583415012e-06,2.97564668017e-06,2,5.98583415012e-06,2.97564668017e-06,0,0,0
17.8,19,.0000745518727854,.0000370608379399,19,.0000745518727854,.0000370608379399,0,0,0
18,13,.000039047218479,.0000194109496761,13,.000039047218479,.0000194109496761,0,0,0
18.1,16,.0000541861848724,.0000291027304229,15,.0000541637598417,.0000269256054253,1,2.24250307213e-08,2.17712499762e-06
18.3,2,7.57701036491e-06,3.76664365831e-06,2,7.57701036491e-06,3.76664365831e-06,0,0,0
18.4,4,.0000155637135322,7.73695205680e-06,4,.0000155637135322,7.73695205680e-06,0,0,0
18.5,4,.0000164943530763,8.19958643206e-06,4,.0000164943530763,8.19958643206e-06,0,0,0
18.6,9,.0000297620192669,.0000147951395775,9,.0000297620192669,.0000147951395775,0,0,0
18.7,7,.0000259154851392,.0000128829708501,7,.0000259154851392,.0000128829708501,0,0,0
18.8,11,.000041216163936,.0000204891637168,11,.000041216163936,.0000204891637168,0,0,0
18.9,4,9.07162360164e-06,5.99762608999e-06,3,9.05621800484e-06,4.50198001545e-06,1,1.54055967982e-08,1.49564607455e-06
19,1,3.02145735986e-06,1.50201105953e-06,1,3.02145735986e-06,1.50201105953e-06,0,0,0
19.1,12,.0000395905827428,.0000213820285353,11,.0000395729721276,.0000196723090085,1,1.76106151883e-08,1.70971952684e-06
19.2,7,.0000236488353966,.0000138760586879,6,.0000236268876961,.0000117452749464,1,2.19477005459e-08,2.13078374145e-06
19.3,2,5.77509285904e-06,2.87088391815e-06,2,5.77509285904e-06,2.87088391815e-06,0,0,0
19.4,1,3.99493364966e-06,1.98594057110e-06,1,3.99493364966e-06,1.98594057110e-06,0,0,0
19.5,19,.0000690138574555,.0000343078083915,19,.0000690138574555,.0000343078083915,0,0,0
19.6,13,.00004054621877,.0000201561244921,13,.00004054621877,.0000201561244921,0,0,0
19.7,2,5.71774103264e-06,2.84237376036e-06,2,5.71774103264e-06,2.84237376036e-06,0,0,0
19.9,5,.0000151384929268,7.52556888983e-06,5,.0000151384929268,7.52556888983e-06,0,0,0
20,6,.0000225757339649,.0000112227305635,6,.0000225757339649,.0000112227305635,0,0,0
20.1,9,.0000347047582636,.00001725224854,9,.0000347047582636,.00001725224854,0,0,0
20.2,11,.0000440637932115,.0000219047623204,11,.0000440637932115,.0000219047623204,0,0,0
20.3,11,.0000347672410044,.0000172833094894,11,.0000347672410044,.0000172833094894,0,0,0
20.5,4,.0000147851565089,7.34991965601e-06,4,.0000147851565089,7.34991965601e-06,0,0,0
20.6,9,.000033191872717,.0000165001706591,9,.000033191872717,.0000165001706591,0,0,0
20.7,11,.000038954890897,.0000193650521396,11,.000038954890897,.0000193650521396,0,0,0
20.9,5,.000015085912537,7.49943023948e-06,5,.000015085912537,7.49943023948e-06,0,0,0
21,2,5.41737449566e-06,2.69305678557e-06,2,5.41737449566e-06,2.69305678557e-06,0,0,0
21.1,19,.000068022015359,.0000359807255563,18,.0000679995903283,.0000338036005587,1,2.24250307213e-08,2.17712499762e-06
21.2,4,.0000174970964508,8.69806490300e-06,4,.0000174970964508,8.69806490300e-06,0,0,0
21.3,6,.0000210815996979,.0000104799745486,6,.0000210815996979,.0000104799745486,0,0,0
21.4,13,.000047939303613,.0000238313358523,13,.000047939303613,.0000238313358523,0,0,0
21.5,12,.0000458467422959,.000022791093329,12,.0000458467422959,.000022791093329,0,0,0
21.7,1,2.92757522402e-06,1.45534079365e-06,1,2.92757522402e-06,1.45534079365e-06,0,0,0
21.8,2,8.11019435787e-06,4.03169769925e-06,2,8.11019435787e-06,4.03169769925e-06,0,0,0
22.1,11,.0000305121003077,.0000166593372342,10,.0000304966602016,.0000151603406948,1,1.54401060826e-08,1.49899653934e-06
22.4,15,.000055858054111,.0000277678639122,15,.000055858054111,.0000277678639122,0,0,0
22.5,15,.0000607724027759,.0000302108592223,15,.0000607724027759,.0000302108592223,0,0,0
22.8,3,8.89334660314e-06,4.42101418230e-06,3,8.89334660314e-06,4.42101418230e-06,0,0,0
22.9,15,.0000568390209992,.0000282555172362,15,.0000568390209992,.0000282555172362,0,0,0
23.2,4,.0000126366662698,6.28187365237e-06,4,.0000126366662698,6.28187365237e-06,0,0,0
23.5,5,.0000195159313989,9.70165785930e-06,5,.0000195159313989,9.70165785930e-06,0,0,0
23.6,6,.0000216298824398,.000010752534422,6,.0000216298824398,.000010752534422,0,0,0
23.7,7,.0000267170366897,.0000132814335529,7,.0000267170366897,.0000132814335529,0,0,0
23.9,12,.0000459565565052,.00002284568302,12,.0000459565565052,.00002284568302,0,0,0
24,10,.0000303558465475,.0000150903402982,10,.0000303558465475,.0000150903402982,0,0,0
24.1,2,7.79697256803e-06,3.87599038731e-06,2,7.79697256803e-06,3.87599038731e-06,0,0,0
24.2,1,3.56954751624e-06,1.77447475380e-06,1,3.56954751624e-06,1.77447475380e-06,0,0,0
24.4,7,.0000215906582071,.0000107330353103,7,.0000215906582071,.0000107330353103,0,0,0
24.5,3,.0000117859460715,5.85896805205e-06,3,.0000117859460715,5.85896805205e-06,0,0,0
24.8,2,5.80395703764e-06,2.88523278869e-06,2,5.80395703764e-06,2.88523278869e-06,0,0,0
24.9,2,7.38939002076e-06,3.67337497664e-06,2,7.38939002076e-06,3.67337497664e-06,0,0,0
25,1,4.33260402133e-06,2.15380168811e-06,1,4.33260402133e-06,2.15380168811e-06,0,0,0
25.1,7,.0000260035997144,.0000129267731381,7,.0000260035997144,.0000129267731381,0,0,0
25.2,2,7.87796398072e-06,3.91625223983e-06,2,7.87796398072e-06,3.91625223983e-06,0,0,0
25.3,3,8.83116672412e-06,4.39010341324e-06,3,8.83116672412e-06,4.39010341324e-06,0,0,0
25.6,6,.000024432387363,.0000121457010209,6,.000024432387363,.0000121457010209,0,0,0
25.7,6,.0000213001867451,.000010588637906,6,.0000213001867451,.000010588637906,0,0,0
25.8,14,.0000430296940976,.0000213906965882,14,.0000430296940976,.0000213906965882,0,0,0
25.9,9,.0000312021827309,.0000173947854591,8,.0000311826800043,.000015501371081,1,1.95027265448e-08,1.89341437817e-06
26.1,3,8.69550171956e-06,4.32266256212e-06,3,8.69550171956e-06,4.32266256212e-06,0,0,0
26.2,6,.0000232928164223,.0000115792030329,6,.0000232928164223,.0000115792030329,0,0,0
26.4,4,.0000116349399377,5.78390040573e-06,4,.0000116349399377,5.78390040573e-06,0,0,0
26.5,12,.0000371292253476,.0000184574864761,12,.0000371292253476,.0000184574864761,0,0,0
26.7,9,.0000336422967848,.000016724082684,9,.0000336422967848,.000016724082684,0,0,0
26.9,4,.0000153763282924,7.64380013152e-06,4,.0000153763282924,7.64380013152e-06,0,0,0
27,9,.0000334765175012,.0000166416714364,9,.0000334765175012,.0000166416714364,0,0,0
27.1,3,.0000110500902792,5.49316314391e-06,3,.0000110500902792,5.49316314391e-06,0,0,0
27.2,2,8.14007125882e-06,4.04654997510e-06,2,8.14007125882e-06,4.04654997510e-06,0,0,0
27.3,10,.0000396184639158,.0000196949241626,10,.0000396184639158,.0000196949241626,0,0,0
27.6,8,.0000300365861676,.0000149316307443,8,.0000300365861676,.0000149316307443,0,0,0
27.7,3,.0000110379248781,5.48711568626e-06,3,.0000110379248781,5.48711568626e-06,0,0,0
27.8,1,2.95493555313e-06,1.46894217323e-06,1,2.95493555313e-06,1.46894217323e-06,0,0,0
27.9,4,.0000151258798269,7.51929815124e-06,4,.0000151258798269,7.51929815124e-06,0,0,0
28.3,3,8.69022574079e-06,4.32003969308e-06,3,8.69022574079e-06,4.32003969308e-06,0,0,0
28.4,3,8.58838279783e-06,4.26941232945e-06,3,8.58838279783e-06,4.26941232945e-06,0,0,0
28.5,29,.0001132449731358,.0000562957493457,29,.0001132449731358,.0000562957493457,0,0,0
28.6,4,.0000121579180359,6.04388071679e-06,4,.0000121579180359,6.04388071679e-06,0,0,0
28.7,6,.0000238735101448,.0000118678742638,6,.0000238735101448,.0000118678742638,0,0,0
29.1,5,.0000177161898591,8.80697939465e-06,5,.0000177161898591,8.80697939465e-06,0,0,0
29.2,9,.0000283690742435,.0000141026860092,9,.0000283690742435,.0000141026860092,0,0,0
29.5,2,6.14061195847e-06,3.05258902245e-06,2,6.14061195847e-06,3.05258902245e-06,0,0,0
29.6,12,.0000480832482026,.0000239028929627,12,.0000480832482026,.0000239028929627,0,0,0
29.7,13,.0000491829378007,.0000244495657853,13,.0000491829378007,.0000244495657853,0,0,0
30,4,.0000152298516696,7.57098405302e-06,4,.0000152298516696,7.57098405302e-06,0,0,0
30.1,22,.0000756958409411,.0000396306080575,21,.0000756751230711,.000037619221871,1,2.07178700862e-08,2.01138618650e-06
30.2,6,.0000231818871725,.0000115240586638,6,.0000231818871725,.0000115240586638,0,0,0
30.3,2,8.39762606120e-06,4.17458409174e-06,2,8.39762606120e-06,4.17458409174e-06,0,0,0
30.7,4,.0000117224171845,5.82738698540e-06,4,.0000117224171845,5.82738698540e-06,0,0,0
30.8,6,.0000234116928368,.0000116382984743,6,.0000234116928368,.0000116382984743,0,0,0
30.9,5,.0000174517224423,8.67550920702e-06,5,.0000174517224423,8.67550920702e-06,0,0,0
31,7,.0000231061824252,.0000114864249099,7,.0000231061824252,.0000114864249099,0,0,0
31.2,9,.0000295885442938,.0000147089028815,9,.0000295885442938,.0000147089028815,0,0,0
31.4,2,7.43005602999e-06,3.69359065644e-06,2,7.43005602999e-06,3.69359065644e-06,0,0,0
31.5,1,4.12881627199e-06,2.05249557439e-06,1,4.12881627199e-06,2.05249557439e-06,0,0,0
31.6,7,.0000250872071774,.0000124712212255,7,.0000250872071774,.0000124712212255,0,0,0
31.8,1,4.48095033789e-06,2.22754647439e-06,1,4.48095033789e-06,2.22754647439e-06,0,0,0
32,7,.0000279383853012,.0000138885843626,7,.0000279383853012,.0000138885843626,0,0,0
32.1,4,.0000158139141604,7.86133034580e-06,4,.0000158139141604,7.86133034580e-06,0,0,0
32.2,3,.0000111981973987,5.56678935482e-06,3,.0000111981973987,5.56678935482e-06,0,0,0
32.5,4,.0000158515542807,7.88004160768e-06,4,.0000158515542807,7.88004160768e-06,0,0,0
32.6,13,.0000408752530348,.0000203196922257,13,.0000408752530348,.0000203196922257,0,0,0
32.9,12,.0000471558023492,.0000234418459968,12,.0000471558023492,.0000234418459968,0,0,0
33,2,7.03929981682e-06,3.49933986854e-06,2,7.03929981682e-06,3.49933986854e-06,0,0,0
33.3,4,.0000144960558828,7.20620334960e-06,4,.0000144960558828,7.20620334960e-06,0,0,0
33.4,7,.0000209174720567,.0000103983848021,7,.0000209174720567,.0000103983848021,0,0,0
33.5,7,.0000217659596728,.0000108201805915,7,.0000217659596728,.0000108201805915,0,0,0
33.6,15,.000046538216754,.0000288188724653,12,.0000464793681658,.0000231055811355,3,5.88485882247e-08,5.71329132981e-06
33.7,3,8.60767067934e-06,4.27900056366e-06,3,8.60767067934e-06,4.27900056366e-06,0,0,0
34.1,3,8.57189843373e-06,4.26121732744e-06,3,8.57189843373e-06,4.26121732744e-06,0,0,0
34.4,2,8.35375249153e-06,4.15277418142e-06,2,8.35375249153e-06,4.15277418142e-06,0,0,0
34.5,2,7.82783808972e-06,3.89133401768e-06,2,7.82783808972e-06,3.89133401768e-06,0,0,0
34.6,10,.0000324973282204,.0000161549018003,10,.0000324973282204,.0000161549018003,0,0,0
34.7,4,.0000158180746439,7.86339842307e-06,4,.0000158180746439,7.86339842307e-06,0,0,0
35,5,.0000180422730409,8.96908045434e-06,5,.0000180422730409,8.96908045434e-06,0,0,0
35.1,10,.0000385638295484,.0000191706495798,10,.0000385638295484,.0000191706495798,0,0,0
35.2,3,6.07352621174e-06,4.46324361292e-06,2,6.05857599112e-06,3.01180762108e-06,1,1.49502206170e-08,1.45143599184e-06
35.4,3,.0000110473699806,5.49181049792e-06,3,.0000110473699806,5.49181049792e-06,0,0,0
35.5,2,5.95763890487e-06,2.96163045732e-06,2,5.95763890487e-06,2.96163045732e-06,0,0,0
35.9,5,.0000193755820419,9.63188813330e-06,5,.0000193755820419,9.63188813330e-06,0,0,0
36,2,7.59009526519e-06,3.77314859179e-06,2,7.59009526519e-06,3.77314859179e-06,0,0,0
36.1,5,.0000121715381383,7.53467134018e-06,4,.000012156173625,6.04301374096e-06,1,1.53645132173e-08,1.49165759922e-06
36.2,3,8.62653541844e-06,4.28837802247e-06,3,8.62653541844e-06,4.28837802247e-06,0,0,0
36.4,2,7.38939002076e-06,3.67337497664e-06,2,7.38939002076e-06,3.67337497664e-06,0,0,0
37.1,1,3.85317662221e-06,1.91547110262e-06,1,3.85317662221e-06,1.91547110262e-06,0,0,0
37.4,3,.0000121685829981,6.04918261615e-06,3,.0000121685829981,6.04918261615e-06,0,0,0
37.6,2,8.05407171356e-06,4.00379803978e-06,2,8.05407171356e-06,4.00379803978e-06,0,0,0
38.2,2,8.75400473888e-06,4.35174479207e-06,2,8.75400473888e-06,4.35174479207e-06,0,0,0
39,4,.0000114607494943,7.86328484992e-06,3,.0000114383244636,5.68615985230e-06,1,2.24250307213e-08,2.17712499762e-06
39.8,1,3.14084218189e-06,1.56135911311e-06,1,3.14084218189e-06,1.56135911311e-06,0,0,0
