temp,ref,yhat_comm,se_comm,lowerci_comm,upperci_comm,tmax_rcspl_3kn_t0,tmax_rcspl_3kn_t1,yhat_low,se_low,lowerci_low,upperci_low,yhat_high,se_high,lowerci_high,upperci_high,yhat_marg,se_marg,lowerci_marg,upperci_marg
45,27,-46.620449,14.203099,-74.458008,-18.782887,45,3840,-12.967247,9.194066,-30.987284,5.0527911,-71.326447,28.419119,-127.02689,-15.625998,-58.3592,30.390862,-117.92419,1.2057947
40,27,-23.390486,7.4826512,-38.056213,-8.7247591,40,2040,-6.6625128,4.7689161,-16.009417,2.6843917,-26.802084,16.305565,-58.760403,5.1562357,-20.139572,17.112396,-53.679253,13.40011
35,27,-3.9734092,2.1889691,-8.26371,.31689137,35,512,-1.3602424,1.568478,-4.4344025,1.7139179,8.5565729,9.8803301,-10.808518,27.921665,9.9168158,9.9360552,-9.5574951,29.391127
30,27,.8229351,.69773144,-.54459339,2.1904635,30,27,.098021351,.65165043,-1.17919,1.3752327,8.7687941,4.6057534,-.25831667,17.795904,8.6707726,4.6458135,-.43485507,17.7764
10,27,-6.8080468,4.1629944,-14.967365,1.3512719,10,0,-1.1193402,3.9233317,-8.8089294,6.5702491,-54.845539,27.167969,-108.09378,-1.5972991,-53.7262,27.447109,-107.52155,.069146909
5,27,-8.8104134,5.3874044,-19.369532,1.7487047,5,0,-1.448558,5.0772529,-11.399791,8.5026751,-70.976585,35.15855,-139.88608,-2.0670929,-69.528023,35.519791,-139.14554,.089484237
0,27,-10.81278,6.6118145,-23.771698,2.1461377,0,0,-1.7777756,6.231174,-13.990652,10.435102,-87.10762,43.149128,-171.67836,-2.5368867,-85.329849,43.592468,-170.76952,.10982157
-5,27,-12.815147,7.8362246,-28.173864,2.5435705,-5,0,-2.1069934,7.3850951,-16.581514,12.367527,-103.23866,51.139706,-203.47064,-3.0066805,-101.13167,51.66515,-202.39351,.13015889
-10,27,-14.817513,9.0606346,-32.576031,2.9410033,-10,0,-2.4362111,8.5390167,-19.172375,14.299953,-119.36971,59.130287,-235.26294,-3.4764745,-116.93349,59.737827,-234.01749,.15049621
