temp,ref,yhat_agri,se_agri,lowerci_agri,upperci_agri,yhat_high,se_high,lowerci_high,upperci_high
-20,27,-151.63179,75.111443,-298.8475,-4.4160619,-34.227909,33.303707,-99.501976,31.04616
-19.9,27,-151.30917,74.95163,-298.21167,-4.4066663,-34.155083,33.232849,-99.290268,30.980104
-19.8,27,-150.98654,74.791817,-297.57581,-4.3972702,-34.082256,33.161991,-99.078568,30.914049
-19.7,27,-150.66393,74.632011,-296.93997,-4.3878746,-34.009434,33.091133,-98.866859,30.847994
-19.6,27,-150.34131,74.472198,-296.30414,-4.3784785,-33.936607,33.020271,-98.655151,30.781939
-19.5,27,-150.01869,74.312386,-295.66827,-4.3690829,-33.863781,32.949413,-98.443443,30.715881
-19.4,27,-149.69606,74.152573,-295.03244,-4.3596869,-33.790955,32.878555,-98.231743,30.649826
-19.3,27,-149.37344,73.99276,-294.39658,-4.3502908,-33.718132,32.807693,-98.020035,30.583771
-19.2,27,-149.05083,73.832954,-293.76074,-4.3408952,-33.645306,32.736839,-97.808327,30.517715
-19.1,27,-148.7282,73.673141,-293.12491,-4.3314991,-33.572479,32.665977,-97.596619,30.45166
-19,27,-148.40558,73.513329,-292.48904,-4.3221035,-33.499657,32.595119,-97.384918,30.385603
-18.9,27,-148.08296,73.353516,-291.85321,-4.3127074,-33.42683,32.524261,-97.17321,30.319548
-18.8,27,-147.76033,73.193703,-291.21738,-4.3033113,-33.354004,32.4534,-96.961502,30.253492
-18.7,27,-147.43771,73.033897,-290.58151,-4.2939157,-33.281181,32.382542,-96.749794,30.187437
-18.6,27,-147.1151,72.874084,-289.94568,-4.2845197,-33.208355,32.311684,-96.538094,30.121382
-18.5,27,-146.79248,72.714272,-289.30981,-4.2751241,-33.135529,32.240826,-96.326385,30.055326
-18.4,27,-146.46985,72.554459,-288.67398,-4.265728,-33.062702,32.169964,-96.114677,29.989269
-18.3,27,-146.14723,72.394646,-288.03815,-4.2563319,-32.989876,32.099106,-95.902969,29.923214
-18.2,27,-145.82462,72.23484,-287.40228,-4.2469363,-32.917053,32.028248,-95.691269,29.857159
-18.1,27,-145.502,72.075027,-286.76645,-4.2375402,-32.844227,31.957388,-95.479561,29.791103
-18,27,-145.17937,71.915215,-286.13062,-4.2281446,-32.7714,31.88653,-95.267853,29.725048
-17.9,27,-144.85675,71.755402,-285.49475,-4.2187486,-32.698578,31.81567,-95.056145,29.658991
-17.8,27,-144.53413,71.595589,-284.85892,-4.209353,-32.625751,31.74481,-94.844437,29.592936
-17.7,27,-144.21152,71.435783,-284.22305,-4.1999569,-32.552925,31.673954,-94.632736,29.52688
-17.6,27,-143.88889,71.27597,-283.58722,-4.1905613,-32.480103,31.603094,-94.421028,29.460825
-17.5,27,-143.56627,71.116158,-282.95139,-4.1811652,-32.407276,31.532234,-94.20932,29.39477
-17.4,27,-143.24365,70.956345,-282.31552,-4.1717691,-32.33445,31.461376,-93.997612,29.328712
-17.3,27,-142.92102,70.796532,-281.67969,-4.1623735,-32.261623,31.390516,-93.785904,29.262657
-17.2,27,-142.5984,70.636719,-281.04385,-4.1529775,-32.188801,31.319658,-93.574203,29.196602
-17.1,27,-142.27579,70.476906,-280.40799,-4.1435819,-32.115974,31.248798,-93.362495,29.130547
-17,27,-141.95317,70.317101,-279.77216,-4.1341858,-32.043148,31.17794,-93.150787,29.064491
-16.9,27,-141.63054,70.157288,-279.13629,-4.1247897,-31.970324,31.10708,-92.939079,28.998434
-16.8,27,-141.30792,69.997475,-278.50046,-4.1153941,-31.897497,31.036221,-92.727371,28.932379
-16.7,27,-140.98531,69.837662,-277.86462,-4.105998,-31.824673,30.965364,-92.515671,28.866323
-16.6,27,-140.66269,69.677849,-277.22876,-4.0966024,-31.751848,30.894505,-92.303963,28.800268
-16.5,27,-140.34006,69.518036,-276.59293,-4.0872064,-31.679022,30.823645,-92.092255,28.734213
-16.4,27,-140.01744,69.358231,-275.95706,-4.0778103,-31.606195,30.752787,-91.880547,28.668156
-16.3,27,-139.69481,69.198418,-275.32123,-4.0684147,-31.533371,30.681927,-91.668839,28.6021
-16.2,27,-139.37219,69.038605,-274.68539,-4.0590191,-31.460546,30.611069,-91.457138,28.536045
-16.1,27,-139.04958,68.878792,-274.04953,-4.049623,-31.38772,30.540209,-91.24543,28.46999
-16,27,-138.72696,68.718979,-273.4137,-4.0402269,-31.314896,30.469351,-91.033722,28.403934
-15.9,27,-138.40433,68.559166,-272.77783,-4.0308313,-31.242069,30.398491,-90.822014,28.337877
-15.8,27,-138.08171,68.399361,-272.142,-4.0214353,-31.169245,30.327633,-90.610313,28.271822
-15.7,27,-137.75909,68.239548,-271.50613,-4.0120392,-31.096418,30.256773,-90.398605,28.205767
-15.6,27,-137.43648,68.079735,-270.8703,-4.0026436,-31.023594,30.185915,-90.186897,28.139711
-15.5,27,-137.11385,67.919922,-270.23447,-3.9932477,-30.950769,30.115055,-89.975189,28.073656
-15.4,27,-136.79123,67.760109,-269.5986,-3.9838517,-30.877943,30.044197,-89.763489,28.007599
-15.3,27,-136.46861,67.600304,-268.96277,-3.9744558,-30.805119,29.973337,-89.551781,27.941545
-15.2,27,-136.146,67.440491,-268.3269,-3.96506,-30.732292,29.902479,-89.340073,27.875488
-15.1,27,-135.82336,67.280678,-267.69107,-3.9556642,-30.659468,29.831619,-89.128372,27.809433
-15,27,-135.50075,67.120865,-267.05524,-3.9462683,-30.586641,29.760761,-88.916664,27.743378
-14.9,27,-135.17813,66.961052,-266.41937,-3.9368722,-30.513817,29.689901,-88.704956,27.677322
-14.8,27,-134.8555,66.801239,-265.78354,-3.9274766,-30.44099,29.619043,-88.493248,27.611267
-14.7,27,-134.53288,66.641434,-265.14767,-3.9180806,-30.368166,29.548183,-88.28154,27.54521
-14.6,27,-134.21027,66.481621,-264.51184,-3.9086847,-30.295341,29.477325,-88.069839,27.479155
-14.5,27,-133.88765,66.321808,-263.87601,-3.8992889,-30.222515,29.406466,-87.858131,27.413099
-14.4,27,-133.56502,66.161995,-263.24014,-3.8898931,-30.149689,29.335608,-87.646423,27.347044
-14.3,27,-133.2424,66.002182,-262.60431,-3.8804972,-30.076864,29.264748,-87.434715,27.280989
-14.2,27,-132.91978,65.842369,-261.96844,-3.8711011,-30.00404,29.19389,-87.223007,27.214931
-14.1,27,-132.59717,65.682564,-261.33261,-3.8617053,-29.931213,29.12303,-87.011307,27.148876
-14,27,-132.27454,65.522751,-260.69678,-3.8523095,-29.858389,29.052172,-86.799599,27.082821
-13.9,27,-131.95192,65.362938,-260.06091,-3.8429136,-29.785563,28.981312,-86.587891,27.016766
-13.8,27,-131.6293,65.203125,-259.42508,-3.8335178,-29.712738,28.910454,-86.376183,26.95071
-13.7,27,-131.30667,65.043312,-258.78925,-3.824122,-29.639912,28.839594,-86.164482,26.884653
-13.6,27,-130.98405,64.883507,-258.15338,-3.8147261,-29.567087,28.768736,-85.952774,26.818598
-13.5,27,-130.66144,64.723694,-257.51755,-3.80533,-29.494263,28.697876,-85.741066,26.752542
-13.4,27,-130.33881,64.563881,-256.88168,-3.7959342,-29.421436,28.627018,-85.529358,26.686487
-13.3,27,-130.01619,64.404068,-256.24585,-3.7865384,-29.348612,28.556158,-85.317657,26.620432
-13.2,27,-129.69357,64.244255,-255.61,-3.7771425,-29.275785,28.4853,-85.105949,26.554375
-13.1,27,-129.37096,64.08445,-254.97417,-3.7677467,-29.202961,28.41444,-84.894241,26.488319
-13,27,-129.04832,63.924633,-254.33832,-3.7583506,-29.130135,28.343582,-84.682533,26.422264
-12.9,27,-128.72571,63.76482,-253.70247,-3.7489548,-29.05731,28.272722,-84.470825,26.356209
-12.8,27,-128.40309,63.605011,-253.06662,-3.7395589,-28.984484,28.201864,-84.259125,26.290154
-12.7,27,-128.08047,63.445198,-252.43077,-3.7301631,-28.911659,28.131004,-84.047417,26.224096
-12.6,27,-127.75785,63.285389,-251.79494,-3.7207673,-28.838835,28.060146,-83.835709,26.158041
-12.5,27,-127.43523,63.125576,-251.15909,-3.7113714,-28.766008,27.989286,-83.624001,26.091986
-12.4,27,-127.1126,62.965763,-250.52324,-3.7019753,-28.693182,27.918428,-83.412292,26.02593
-12.3,27,-126.78999,62.805954,-249.88739,-3.6925795,-28.620358,27.847569,-83.200592,25.959875
-12.2,27,-126.46736,62.646141,-249.25154,-3.6831837,-28.547533,27.776711,-82.988884,25.893818
-12.1,27,-126.14474,62.486332,-248.61571,-3.6737878,-28.474707,27.705851,-82.777176,25.827763
-12,27,-125.82212,62.326519,-247.97986,-3.664392,-28.401882,27.634993,-82.565468,25.761707
-11.9,27,-125.4995,62.166706,-247.34401,-3.6549962,-28.329056,27.564133,-82.353767,25.695652
-11.8,27,-125.17688,62.006897,-246.70816,-3.6456003,-28.256231,27.493275,-82.142059,25.629597
-11.7,27,-124.85426,61.847084,-246.07231,-3.6362042,-28.183405,27.422415,-81.930351,25.563541
-11.6,27,-124.53164,61.687271,-245.43648,-3.6268084,-28.11058,27.351557,-81.718643,25.497486
-11.5,27,-124.20901,61.527462,-244.80063,-3.6174126,-28.037756,27.280697,-81.506943,25.431429
-11.4,27,-123.8864,61.367649,-244.16478,-3.6080167,-27.96493,27.209839,-81.295235,25.365374
-11.3,27,-123.56377,61.207836,-243.52893,-3.5986209,-27.892105,27.138979,-81.083527,25.299318
-11.2,27,-123.24116,61.048023,-242.89308,-3.5892248,-27.819279,27.068121,-80.871819,25.233263
-11.1,27,-122.91853,60.888214,-242.25725,-3.5798292,-27.746454,26.997261,-80.660118,25.167208
-11,27,-122.59592,60.728401,-241.6214,-3.5704331,-27.673628,26.926403,-80.44841,25.101151
-10.9,27,-122.27329,60.568588,-240.98555,-3.5610373,-27.600803,26.855543,-80.236702,25.035095
-10.8,27,-121.95068,60.408779,-240.3497,-3.5516415,-27.527977,26.784685,-80.024994,24.96904
-10.7,27,-121.62805,60.248966,-239.71385,-3.5422456,-27.455153,26.713825,-79.813286,24.902985
-10.6,27,-121.30544,60.089157,-239.07802,-3.5328498,-27.382328,26.642967,-79.601585,24.836929
-10.5,27,-120.98281,59.929344,-238.44217,-3.5234537,-27.309502,26.572107,-79.389877,24.770872
-10.4,27,-120.66019,59.769531,-237.80632,-3.5140579,-27.236675,26.501249,-79.178169,24.704817
-10.3,27,-120.33757,59.609722,-237.17047,-3.504662,-27.163851,26.430389,-78.966461,24.638762
-10.2,27,-120.01495,59.449909,-236.53462,-3.4952662,-27.091026,26.359531,-78.754753,24.572706
-10.1,27,-119.69233,59.2901,-235.89879,-3.4858704,-27.0182,26.288671,-78.543053,24.506651
-10,27,-119.36971,59.130287,-235.26294,-3.4764745,-26.945375,26.217813,-78.331345,24.440594
-9.9,27,-119.04708,58.970474,-234.62709,-3.4670784,-26.872549,26.146954,-78.119637,24.374538
-9.8,27,-118.72446,58.810665,-233.99124,-3.4576826,-26.799725,26.076096,-77.907928,24.308483
-9.7,27,-118.40184,58.650852,-233.35539,-3.4482868,-26.726898,26.005236,-77.696228,24.242428
-9.6,27,-118.07922,58.491039,-232.71956,-3.4388909,-26.654074,25.934378,-77.48452,24.176373
-9.5,27,-117.7566,58.33123,-232.08371,-3.4294951,-26.581249,25.863518,-77.272812,24.110315
-9.4,27,-117.43398,58.171417,-231.44786,-3.420099,-26.508423,25.79266,-77.061104,24.04426
-9.3,27,-117.11136,58.011604,-230.81201,-3.4107034,-26.435598,25.7218,-76.849403,23.978205
-9.2,27,-116.78874,57.851795,-230.17618,-3.4013073,-26.362772,25.650942,-76.637695,23.912149
-9.1,27,-116.46612,57.691982,-229.54033,-3.3919115,-26.289948,25.580082,-76.425987,23.846094
-9,27,-116.1435,57.532169,-228.90448,-3.3825157,-26.217121,25.509224,-76.214279,23.780037
-8.9,27,-115.82088,57.37236,-228.26863,-3.3731198,-26.144297,25.438364,-76.002571,23.713982
-8.8,27,-115.49826,57.212547,-227.6328,-3.363724,-26.07147,25.367506,-75.790871,23.647926
-8.7,27,-115.17564,57.052734,-226.99695,-3.3543279,-25.998646,25.296646,-75.579163,23.581871
-8.6,27,-114.85301,56.892925,-226.3611,-3.3449321,-25.925821,25.225788,-75.367455,23.515816
-8.5,27,-114.5304,56.733112,-225.72525,-3.3355362,-25.852995,25.154928,-75.155746,23.44976
-8.4,27,-114.20777,56.573299,-225.0894,-3.3261404,-25.780169,25.08407,-74.944046,23.383703
-8.3,27,-113.88515,56.41349,-224.45357,-3.3167446,-25.707344,25.01321,-74.732338,23.317648
-8.2,27,-113.56253,56.253677,-223.81772,-3.3073487,-25.63452,24.942352,-74.52063,23.251593
-8.1,27,-113.23991,56.093868,-223.18187,-3.2979529,-25.561693,24.871492,-74.308922,23.185537
-8,27,-112.91729,55.934055,-222.54602,-3.2885568,-25.488869,24.800634,-74.097221,23.119482
-7.9,27,-112.59467,55.774242,-221.91017,-3.279161,-25.416042,24.729774,-73.885513,23.053425
-7.8,27,-112.27205,55.614433,-221.27434,-3.2697651,-25.343218,24.658916,-73.673805,22.98737
-7.7,27,-111.94942,55.45462,-220.63849,-3.2603693,-25.270391,24.588057,-73.462097,22.921314
-7.6,27,-111.62681,55.294807,-220.00264,-3.2509735,-25.197567,24.517199,-73.250389,22.855259
-7.5,27,-111.30418,55.134998,-219.36679,-3.2415774,-25.124743,24.446339,-73.038689,22.789204
-7.4,27,-110.98157,54.975185,-218.73094,-3.2321815,-25.051916,24.375481,-72.826981,22.723146
-7.3,27,-110.65894,54.815372,-218.09511,-3.2227857,-24.979092,24.304621,-72.615273,22.657091
-7.2,27,-110.33632,54.655563,-217.45926,-3.2133899,-24.906265,24.233763,-72.403564,22.591036
-7.1,27,-110.0137,54.49575,-216.82341,-3.203994,-24.833441,24.162903,-72.191864,22.524981
-7,27,-109.69108,54.335938,-216.18756,-3.1945982,-24.760614,24.092045,-71.980156,22.458925
-6.9,27,-109.36846,54.176128,-215.55171,-3.1852024,-24.68779,24.021185,-71.768448,22.392868
-6.8,27,-109.04584,54.016315,-214.91588,-3.1758063,-24.614964,23.950327,-71.55674,22.326813
-6.7,27,-108.72322,53.856503,-214.28003,-3.1664104,-24.542139,23.879467,-71.345032,22.260757
-6.6,27,-108.4006,53.696693,-213.64418,-3.1570146,-24.469313,23.808609,-71.133331,22.194702
-6.5,27,-108.07798,53.53688,-213.00833,-3.1476188,-24.396488,23.737749,-70.921623,22.128647
-6.4,27,-107.75536,53.377071,-212.3725,-3.1382229,-24.323664,23.666891,-70.709915,22.062592
-6.3,27,-107.43274,53.217258,-211.73665,-3.1288271,-24.250837,23.596031,-70.498207,21.996534
-6.2,27,-107.11012,53.057446,-211.1008,-3.119431,-24.178013,23.525173,-70.286507,21.930479
-6.1,27,-106.78749,52.897633,-210.46495,-3.1100352,-24.105186,23.454313,-70.074799,21.864424
-6,27,-106.46487,52.737823,-209.8291,-3.1006393,-24.032362,23.383455,-69.863091,21.798368
-5.9,27,-106.14225,52.578011,-209.19327,-3.0912435,-23.959536,23.312595,-69.651382,21.732313
-5.8,27,-105.81963,52.418201,-208.55742,-3.0818477,-23.886711,23.241737,-69.439682,21.666256
-5.7,27,-105.49701,52.258389,-207.92157,-3.0724516,-23.813885,23.170877,-69.227974,21.600201
-5.6,27,-105.17439,52.098576,-207.28572,-3.0630558,-23.74106,23.100019,-69.016266,21.534145
-5.5,27,-104.85177,51.938766,-206.64987,-3.0536599,-23.668234,23.02916,-68.804558,21.46809
-5.4,27,-104.52915,51.778954,-206.01404,-3.0442641,-23.595409,22.958302,-68.59285,21.402035
-5.3,27,-104.20653,51.619141,-205.37819,-3.0348682,-23.522585,22.887442,-68.381149,21.335978
-5.2,27,-103.8839,51.459332,-204.74234,-3.0254724,-23.449759,22.816584,-68.169441,21.269922
-5.1,27,-103.56129,51.299519,-204.10649,-3.0160766,-23.376934,22.745724,-67.957733,21.203867
-5,27,-103.23866,51.139706,-203.47064,-3.0066805,-23.304108,22.674866,-67.746025,21.137812
-4.9,27,-102.91605,50.979897,-202.83481,-2.9972847,-23.231283,22.604006,-67.534325,21.071756
-4.8,27,-102.59342,50.820084,-202.19896,-2.9878888,-23.158457,22.533148,-67.322617,21.005701
-4.7,27,-102.27081,50.660271,-201.56311,-2.978493,-23.085632,22.462288,-67.110909,20.939644
-4.6,27,-101.94818,50.500462,-200.92726,-2.9690971,-23.012806,22.39143,-66.8992,20.873589
-4.5,27,-101.62556,50.340649,-200.29143,-2.9597013,-22.939981,22.32057,-66.687492,20.807533
-4.4,27,-101.30294,50.18084,-199.65558,-2.9503052,-22.867157,22.249712,-66.475792,20.741478
-4.3,27,-100.98032,50.021027,-199.01973,-2.9409094,-22.794331,22.178852,-66.264084,20.675423
-4.2,27,-100.6577,49.861214,-198.38388,-2.9315135,-22.721506,22.107994,-66.052376,20.609365
-4.1,27,-100.33508,49.701405,-197.74803,-2.9221177,-22.64868,22.037134,-65.840668,20.54331
-4,27,-100.01246,49.541592,-197.1122,-2.9127219,-22.575855,21.966276,-65.628967,20.477255
-3.9,27,-99.689835,49.381779,-196.47635,-2.903326,-22.503029,21.895416,-65.417259,20.4112
-3.8,27,-99.367218,49.22197,-195.8405,-2.89393,-22.430204,21.824558,-65.205551,20.345144
-3.7,27,-99.044594,49.062157,-195.20465,-2.8845341,-22.357378,21.753698,-64.993843,20.279087
-3.6,27,-98.72197,48.902344,-194.5688,-2.8751383,-22.284554,21.68284,-64.782135,20.213032
-3.5,27,-98.399353,48.742535,-193.93297,-2.8657424,-22.211727,21.61198,-64.570435,20.146976
-3.4,27,-98.076729,48.582722,-193.29712,-2.8563466,-22.138903,21.541122,-64.358727,20.080921
-3.3,27,-97.754112,48.422909,-192.66127,-2.8469508,-22.066078,21.470263,-64.147018,20.014866
-3.2,27,-97.431488,48.2631,-192.02542,-2.8375547,-21.993252,21.399405,-63.935314,19.948809
-3.1,27,-97.108871,48.103287,-191.38957,-2.8281589,-21.920427,21.328545,-63.723606,19.882753
-3,27,-96.786247,47.943474,-190.75374,-2.818763,-21.847601,21.257687,-63.511902,19.816698
-2.9,27,-96.463631,47.783665,-190.11789,-2.8093672,-21.774776,21.186827,-63.300194,19.750643
-2.8,27,-96.141006,47.623852,-189.48204,-2.7999713,-21.70195,21.115969,-63.08849,19.684587
-2.7,27,-95.818382,47.464043,-188.84619,-2.7905755,-21.629126,21.045109,-62.876781,19.61853
-2.6,27,-95.495766,47.30423,-188.21034,-2.7811794,-21.556299,20.974251,-62.665077,19.552475
-2.5,27,-95.173141,47.144417,-187.57451,-2.7717836,-21.483475,20.903391,-62.453369,19.48642
-2.4,27,-94.850525,46.984608,-186.93866,-2.7623878,-21.41065,20.832533,-62.241665,19.420364
-2.3,27,-94.527901,46.824795,-186.30281,-2.7529919,-21.337824,20.761673,-62.029957,19.354309
-2.2,27,-94.205284,46.664982,-185.66696,-2.7435961,-21.264999,20.690815,-61.818249,19.288254
-2.1,27,-93.88266,46.505173,-185.03113,-2.7342002,-21.192173,20.619955,-61.606544,19.222197
-2,27,-93.560043,46.34536,-184.39528,-2.7248042,-21.119349,20.549097,-61.394836,19.156141
-1.9,27,-93.237419,46.185547,-183.75943,-2.7154083,-21.046522,20.478237,-61.183132,19.090086
-1.8,27,-92.914795,46.025738,-183.12358,-2.7060125,-20.973698,20.407379,-60.971424,19.024031
-1.7,27,-92.592178,45.865925,-182.48773,-2.6966166,-20.900871,20.336519,-60.75972,18.957975
-1.6,27,-92.269554,45.706112,-181.8519,-2.6872208,-20.828047,20.265661,-60.548012,18.891918
-1.5,27,-91.946938,45.546303,-181.21605,-2.677825,-20.75522,20.194801,-60.336308,18.825863
-1.4,27,-91.624313,45.38649,-180.5802,-2.6684289,-20.682396,20.123943,-60.124599,18.759808
-1.3,27,-91.301697,45.226677,-179.94435,-2.6590331,-20.609571,20.053083,-59.912891,18.693752
-1.2,27,-90.979073,45.066868,-179.3085,-2.6496372,-20.536745,19.982225,-59.701187,18.627697
-1.1,27,-90.656456,44.907055,-178.67267,-2.6402414,-20.463921,19.911366,-59.489479,18.56164
-1,27,-90.333832,44.747242,-178.03682,-2.6308455,-20.391094,19.840508,-59.277775,18.495584
-0.9,27,-90.011208,44.587433,-177.40097,-2.6214497,-20.31827,19.769648,-59.066067,18.429529
-0.8,27,-89.688591,44.42762,-176.76512,-2.6120539,-20.245443,19.69879,-58.854362,18.363474
-0.7,27,-89.365967,44.267811,-176.12929,-2.6026578,-20.172619,19.62793,-58.642654,18.297419
-0.6,27,-89.04335,44.107998,-175.49344,-2.593262,-20.099792,19.557072,-58.43095,18.231361
-0.5,27,-88.720726,43.948185,-174.85759,-2.5838661,-20.026968,19.486212,-58.219242,18.165306
-0.4,27,-88.398109,43.788376,-174.22174,-2.5744703,-19.954144,19.415354,-58.007538,18.099251
-0.3,27,-88.075485,43.628563,-173.58589,-2.5650744,-19.881317,19.344494,-57.79583,18.033195
-0.2,27,-87.752869,43.46875,-172.95006,-2.5556786,-19.808493,19.273636,-57.584122,17.96714
-0.1,27,-87.430244,43.308941,-172.31421,-2.5462825,-19.735666,19.202776,-57.372417,17.901085
0,27,-87.10762,43.149128,-171.67836,-2.5368867,-19.662842,19.131918,-57.160709,17.835028
0.1,27,-86.785004,42.989315,-171.04251,-2.5274909,-19.590015,19.061058,-56.949005,17.768972
0.2,27,-86.462379,42.829506,-170.40666,-2.518095,-19.517191,18.9902,-56.737297,17.702917
0.3,27,-86.139763,42.669693,-169.77083,-2.5086992,-19.444365,18.91934,-56.525593,17.636862
0.4,27,-85.817139,42.50988,-169.13498,-2.4993033,-19.37154,18.848482,-56.313885,17.570807
0.5,27,-85.494522,42.350071,-168.49913,-2.4899073,-19.298714,18.777622,-56.10218,17.504749
0.6,27,-85.171898,42.190258,-167.86328,-2.4805114,-19.225889,18.706764,-55.890472,17.438694
0.7,27,-84.849281,42.030445,-167.22743,-2.4711156,-19.153065,18.635904,-55.678768,17.372639
0.8,27,-84.526657,41.870636,-166.5916,-2.4617198,-19.080238,18.565046,-55.46706,17.306583
0.9,27,-84.204033,41.710823,-165.95575,-2.4523239,-19.007414,18.494186,-55.255352,17.240528
1,27,-83.881416,41.551014,-165.3199,-2.4429281,-18.934587,18.423328,-55.043648,17.174471
1.1,27,-83.558792,41.391201,-164.68405,-2.433532,-18.861763,18.352468,-54.83194,17.108416
1.2,27,-83.236176,41.231388,-164.04822,-2.4241362,-18.788937,18.28161,-54.620235,17.04236
1.3,27,-82.913551,41.071579,-163.41237,-2.4147403,-18.716112,18.210751,-54.408527,16.976305
1.4,27,-82.590935,40.911766,-162.77652,-2.4053445,-18.643286,18.139893,-54.196823,16.91025
1.5,27,-82.268311,40.751953,-162.14067,-2.3959486,-18.570461,18.069033,-53.985115,16.844193
1.6,27,-81.945686,40.592144,-161.50482,-2.3865528,-18.497635,17.998175,-53.773411,16.778137
1.7,27,-81.62307,40.432331,-160.86899,-2.3771567,-18.42481,17.927315,-53.561703,16.712082
1.8,27,-81.300446,40.272518,-160.23314,-2.3677609,-18.351986,17.856457,-53.349998,16.646027
1.9,27,-80.977829,40.112709,-159.59729,-2.3583651,-18.27916,17.785597,-53.13829,16.579971
2,27,-80.655205,39.952896,-158.96144,-2.3489692,-18.206335,17.714739,-52.926582,16.513916
2.1,27,-80.332588,39.793083,-158.32559,-2.3395734,-18.133509,17.643879,-52.714878,16.447859
2.2,27,-80.009964,39.633274,-157.68976,-2.3301775,-18.060684,17.573021,-52.50317,16.381804
2.3,27,-79.687347,39.473461,-157.05391,-2.3207815,-17.987858,17.502161,-52.291466,16.315748
2.4,27,-79.364723,39.313648,-156.41806,-2.3113856,-17.915033,17.431303,-52.079758,16.249693
2.5,27,-79.042099,39.153839,-155.78221,-2.3019898,-17.842207,17.360443,-51.868053,16.183638
2.6,27,-78.719482,38.994026,-155.14638,-2.292594,-17.769382,17.289585,-51.656345,16.11758
2.7,27,-78.396858,38.834213,-154.51053,-2.2831981,-17.696558,17.218725,-51.444641,16.051525
2.8,27,-78.074242,38.674404,-153.87468,-2.2738023,-17.623732,17.147867,-51.232933,15.98547
2.9,27,-77.751617,38.514591,-153.23883,-2.2644062,-17.550907,17.077007,-51.021225,15.919415
3,27,-77.429001,38.354782,-152.60298,-2.2550104,-17.478081,17.006149,-50.809521,15.853358
3.1,27,-77.106377,38.194969,-151.96715,-2.2456145,-17.405256,16.935289,-50.597816,15.787303
3.2,27,-76.78376,38.035156,-151.3313,-2.2362187,-17.33243,16.864431,-50.386108,15.721247
3.3,27,-76.461136,37.875347,-150.69545,-2.2268229,-17.259605,16.793571,-50.1744,15.655191
3.4,27,-76.138512,37.715534,-150.0596,-2.217427,-17.186779,16.722713,-49.962696,15.589136
3.5,27,-75.815895,37.555721,-149.42375,-2.2080309,-17.113955,16.651854,-49.750988,15.52308
3.6,27,-75.493271,37.395912,-148.78792,-2.1986351,-17.04113,16.580996,-49.539284,15.457025
3.7,27,-75.170654,37.236099,-148.15207,-2.1892393,-16.968304,16.510136,-49.327576,15.390969
3.8,27,-74.84803,37.076286,-147.51622,-2.1798434,-16.895479,16.439278,-49.115871,15.324913
3.9,27,-74.525414,36.916477,-146.88037,-2.1704476,-16.822653,16.368418,-48.904163,15.258858
4,27,-74.202789,36.756664,-146.24452,-2.1610518,-16.749828,16.29756,-48.692459,15.192801
4.1,27,-73.880173,36.596851,-145.60869,-2.1516559,-16.677002,16.2267,-48.480751,15.126746
4.2,27,-73.557549,36.437042,-144.97284,-2.1422598,-16.604177,16.155842,-48.269047,15.060691
4.3,27,-73.234924,36.277229,-144.33699,-2.132864,-16.531351,16.084982,-48.057339,14.994635
4.4,27,-72.912308,36.117416,-143.70114,-2.1234682,-16.458527,16.014124,-47.845631,14.928579
4.5,27,-72.589684,35.957607,-143.06531,-2.1140723,-16.3857,15.943265,-47.633926,14.862524
4.6,27,-72.267067,35.797794,-142.42946,-2.1046765,-16.312876,15.872406,-47.422218,14.796468
4.7,27,-71.944443,35.637985,-141.79361,-2.0952806,-16.240051,15.801547,-47.210514,14.730412
4.8,27,-71.621826,35.478172,-141.15776,-2.0858846,-16.167225,15.730688,-46.998806,14.664356
4.9,27,-71.299202,35.318359,-140.52191,-2.0764887,-16.0944,15.659829,-46.787102,14.598301
5,27,-70.976585,35.15855,-139.88608,-2.0670929,-16.021574,15.58897,-46.575394,14.532246
5.1,27,-70.653961,34.998737,-139.25023,-2.0576971,-15.948749,15.518111,-46.363689,14.466189
5.2,27,-70.331345,34.838924,-138.61438,-2.0483012,-15.875924,15.447252,-46.151981,14.400134
5.3,27,-70.00872,34.679115,-137.97853,-2.0389051,-15.803098,15.376393,-45.940273,14.334078
5.4,27,-69.686096,34.519302,-137.34268,-2.0295093,-15.730273,15.305534,-45.728569,14.268023
5.5,27,-69.36348,34.359489,-136.70685,-2.0201135,-15.657448,15.234675,-45.516861,14.201967
5.6,27,-69.040855,34.19968,-136.071,-2.0107176,-15.584622,15.163816,-45.305157,14.135911
5.7,27,-68.718239,34.039867,-135.43515,-2.0013218,-15.511797,15.092957,-45.093449,14.069856
5.8,27,-68.395615,33.880054,-134.7993,-1.9919258,-15.438972,15.022099,-44.881744,14.003799
5.9,27,-68.072998,33.720245,-134.16345,-1.98253,-15.366146,14.95124,-44.670036,13.937744
6,27,-67.750374,33.560432,-133.52762,-1.9731342,-15.293321,14.880381,-44.458332,13.871689
6.1,27,-67.42775,33.40062,-132.89177,-1.9637383,-15.220495,14.809522,-44.246624,13.805634
6.2,27,-67.105133,33.24081,-132.25592,-1.9543424,-15.147671,14.738663,-44.03492,13.739577
6.3,27,-66.782509,33.080997,-131.62007,-1.9449465,-15.074844,14.667804,-43.823212,13.673522
6.4,27,-66.459892,32.921185,-130.98422,-1.9355506,-15.00202,14.596945,-43.611504,13.607466
6.5,27,-66.137268,32.761375,-130.34839,-1.9261547,-14.929194,14.526086,-43.399799,13.54141
6.6,27,-65.814651,32.601563,-129.71254,-1.9167589,-14.856369,14.455227,-43.188091,13.475355
6.7,27,-65.492027,32.441753,-129.07669,-1.9073631,-14.783544,14.384368,-42.976387,13.409299
6.8,27,-65.169403,32.28194,-128.44084,-1.8979671,-14.710718,14.313509,-42.764679,13.343244
6.9,27,-64.846786,32.122128,-127.805,-1.8885713,-14.637893,14.24265,-42.552975,13.277187
7,27,-64.524162,31.962317,-127.16916,-1.8791753,-14.565067,14.171791,-42.341267,13.211132
7.1,27,-64.201546,31.802505,-126.53331,-1.8697795,-14.492242,14.100932,-42.129562,13.145077
7.2,27,-63.878925,31.642694,-125.89747,-1.8603836,-14.419417,14.030073,-41.917854,13.079021
7.3,27,-63.556301,31.482882,-125.26162,-1.8509877,-14.346591,13.959214,-41.706146,13.012965
7.4,27,-63.233681,31.323071,-124.62577,-1.8415918,-14.273767,13.888355,-41.494442,12.946909
7.5,27,-62.91106,31.16326,-123.98993,-1.832196,-14.200941,13.817496,-41.282734,12.880854
7.6,27,-62.58844,31.003448,-123.35408,-1.8228002,-14.128116,13.746637,-41.07103,12.814798
7.7,27,-62.26582,30.843636,-122.71824,-1.8134042,-14.05529,13.675778,-40.859322,12.748743
7.8,27,-61.943199,30.683825,-122.08239,-1.8040084,-13.982465,13.604919,-40.647617,12.682687
7.9,27,-61.620579,30.524012,-121.44654,-1.7946124,-13.909639,13.53406,-40.435909,12.616632
8,27,-61.297958,30.364201,-120.8107,-1.7852166,-13.836814,13.463202,-40.224205,12.550575
8.1,27,-60.975334,30.20439,-120.17485,-1.7758207,-13.763988,13.392343,-40.012497,12.48452
8.199999999999999,27,-60.652718,30.044579,-119.53901,-1.7664249,-13.691164,13.321484,-39.800793,12.418465
8.300000000000001,27,-60.330093,29.884766,-118.90316,-1.7570289,-13.618338,13.250625,-39.589085,12.352408
8.4,27,-60.007477,29.724955,-118.26732,-1.7476331,-13.545513,13.179766,-39.37738,12.286353
8.5,27,-59.684853,29.565144,-117.63147,-1.7382373,-13.472688,13.108907,-39.165672,12.220297
8.6,27,-59.362232,29.405331,-116.99562,-1.7288413,-13.399862,13.038048,-38.953964,12.154242
8.699999999999999,27,-59.039612,29.24552,-116.35978,-1.7194455,-13.327037,12.967189,-38.74226,12.088186
8.800000000000001,27,-58.716991,29.085709,-115.72393,-1.7100495,-13.254211,12.89633,-38.530552,12.02213
8.9,27,-58.394371,28.925898,-115.08809,-1.7006538,-13.181386,12.825471,-38.318848,11.956075
9,27,-58.071751,28.766085,-114.45224,-1.6912578,-13.108561,12.754612,-38.10714,11.890018
9.1,27,-57.749126,28.606274,-113.81639,-1.6818619,-13.035735,12.683753,-37.895432,11.823963
9.199999999999999,27,-57.426506,28.446463,-113.18055,-1.672466,-12.962911,12.612894,-37.683727,11.757908
9.300000000000001,27,-57.103886,28.28665,-112.5447,-1.6630702,-12.890084,12.542035,-37.472023,11.691852
9.4,27,-56.781265,28.126839,-111.90886,-1.6536744,-12.81726,12.471176,-37.260315,11.625796
9.5,27,-56.458645,27.967028,-111.27301,-1.6442784,-12.744434,12.400317,-37.048611,11.559741
9.6,27,-56.136024,27.807215,-110.63716,-1.6348826,-12.671609,12.329458,-36.836903,11.493685
9.699999999999999,27,-55.813404,27.647404,-110.00132,-1.6254867,-12.598783,12.258599,-36.625198,11.427629
9.800000000000001,27,-55.49078,27.487593,-109.36547,-1.6160908,-12.525958,12.18774,-36.41349,11.361573
9.9,27,-55.168163,27.327782,-108.72963,-1.6066949,-12.453133,12.116881,-36.201786,11.295518
10,27,-54.845539,27.167969,-108.09378,-1.5972991,-12.380307,12.046022,-35.990078,11.229463
10.1,27,-54.522919,27.008158,-107.45793,-1.5879031,-12.307482,11.975163,-35.77837,11.163406
10.2,27,-54.200298,26.848347,-106.82209,-1.5785073,-12.234657,11.904305,-35.566666,11.097351
10.3,27,-53.877678,26.688534,-106.18624,-1.5691115,-12.161831,11.833446,-35.354958,11.031295
10.4,27,-53.555058,26.528723,-105.5504,-1.5597156,-12.089006,11.762587,-35.143253,10.96524
10.5,27,-53.232437,26.368912,-104.91455,-1.5503197,-12.016181,11.691728,-34.931545,10.899184
10.6,27,-52.909813,26.209099,-104.2787,-1.5409237,-11.943356,11.620869,-34.719837,10.833128
10.7,27,-52.587196,26.049288,-103.64286,-1.531528,-11.87053,11.55001,-34.508133,10.767073
10.8,27,-52.264572,25.889477,-103.00701,-1.522132,-11.797705,11.479151,-34.296425,10.701016
10.9,27,-51.941956,25.729666,-102.37117,-1.5127362,-11.724879,11.408292,-34.084721,10.634961
11,27,-51.619331,25.569853,-101.73532,-1.5033402,-11.652054,11.337433,-33.873013,10.568906
11.1,27,-51.296711,25.410042,-101.09948,-1.4939444,-11.579228,11.266574,-33.661308,10.50285
11.2,27,-50.974091,25.250231,-100.46363,-1.4845486,-11.506404,11.195715,-33.4496,10.436794
11.3,27,-50.65147,25.090418,-99.827789,-1.4751526,-11.433578,11.124856,-33.237896,10.370739
11.4,27,-50.32885,24.930609,-99.19194,-1.4657568,-11.360753,11.053997,-33.026188,10.304684
11.5,27,-50.006229,24.770796,-98.556099,-1.4563609,-11.287928,10.983138,-32.814484,10.238627
11.6,27,-49.683605,24.610983,-97.92025,-1.446965,-11.215102,10.912279,-32.602776,10.172571
11.7,27,-49.360989,24.451172,-97.284409,-1.4375691,-11.142277,10.84142,-32.391071,10.106516
11.8,27,-49.038364,24.291361,-96.64856,-1.4281733,-11.069451,10.770561,-32.179363,10.040461
11.9,27,-48.715748,24.13155,-96.012718,-1.4187775,-10.996626,10.699702,-31.967657,9.9744053
12,27,-48.393124,23.971737,-95.376869,-1.4093815,-10.9238,10.628843,-31.755951,9.908349
12.1,27,-48.070503,23.811926,-94.74102,-1.3999856,-10.850975,10.557984,-31.544243,9.8422928
12.2,27,-47.747883,23.652115,-94.105179,-1.3905898,-10.778151,10.487125,-31.332539,9.7762375
12.3,27,-47.425262,23.492302,-93.46933,-1.3811939,-10.705324,10.416266,-31.120831,9.7101822
12.4,27,-47.102642,23.332493,-92.833488,-1.371798,-10.6325,10.345407,-30.909126,9.6441269
12.5,27,-46.780022,23.17268,-92.197639,-1.3624021,-10.559674,10.274549,-30.697418,9.5780706
12.6,27,-46.457397,23.012867,-91.56179,-1.3530062,-10.486849,10.20369,-30.485712,9.5120153
12.7,27,-46.134777,22.853058,-90.925949,-1.3436104,-10.414023,10.132831,-30.274006,9.44596
12.8,27,-45.812157,22.693245,-90.2901,-1.3342144,-10.341198,10.061972,-30.0623,9.3799038
12.9,27,-45.489536,22.533434,-89.654259,-1.3248186,-10.268373,9.9911127,-29.850594,9.3138485
13,27,-45.166916,22.373621,-89.01841,-1.3154228,-10.195547,9.9202538,-29.638887,9.2477922
13.1,27,-44.844296,22.21381,-88.382561,-1.3060268,-10.122722,9.8493948,-29.427179,9.1817369
13.2,27,-44.521675,22.053999,-87.746719,-1.296631,-10.049897,9.7785358,-29.215475,9.1156816
13.3,27,-44.199051,21.894186,-87.11087,-1.2872351,-9.9770708,9.7076769,-29.003767,9.0496254
13.4,27,-43.876434,21.734377,-86.475029,-1.2778393,-9.9042463,9.6368179,-28.792063,8.9835701
13.5,27,-43.55381,21.574564,-85.83918,-1.2684433,-9.8314209,9.565959,-28.580355,8.9175138
13.6,27,-43.23119,21.414751,-85.203331,-1.2590475,-9.7585955,9.4951,-28.368649,8.8514585
13.7,27,-42.908569,21.254942,-84.56749,-1.2496517,-9.68577,9.4242411,-28.156942,8.7854033
13.8,27,-42.585949,21.095129,-83.931641,-1.2402557,-9.6129446,9.3533821,-27.945236,8.719347
13.9,27,-42.263329,20.935318,-83.295799,-1.2308599,-9.5401192,9.2825232,-27.73353,8.6532917
14,27,-41.940708,20.775507,-82.65995,-1.221464,-9.4672937,9.2116642,-27.521824,8.5872355
14.1,27,-41.618084,20.615694,-82.024101,-1.2120681,-9.3944683,9.1408052,-27.310116,8.5211802
14.2,27,-41.295467,20.455883,-81.38826,-1.2026722,-9.3216438,9.0699463,-27.098412,8.4551249
14.3,27,-40.972843,20.29607,-80.752411,-1.1932763,-9.2488174,8.9990873,-26.886703,8.3890686
14.4,27,-40.650227,20.136261,-80.11657,-1.1838806,-9.175993,8.9282284,-26.674999,8.3230133
14.5,27,-40.327602,19.976448,-79.480721,-1.1744846,-9.1031675,8.8573694,-26.463291,8.256958
14.6,27,-40.004982,19.816635,-78.844872,-1.1650887,-9.0303411,8.7865105,-26.251585,8.1909018
14.7,27,-39.682362,19.656826,-78.20903,-1.1556928,-8.9575167,8.7156515,-26.039879,8.1248465
14.8,27,-39.359741,19.497013,-77.573181,-1.146297,-8.8846912,8.6447926,-25.828173,8.0587902
14.9,27,-39.037121,19.337202,-76.93734,-1.1369011,-8.8118658,8.5739336,-25.616468,7.9927354
15,27,-38.7145,19.177391,-76.301491,-1.1275052,-8.7390404,8.5030746,-25.40476,7.9266791
15.1,27,-38.391876,19.017578,-75.665642,-1.1181093,-8.6662149,8.4322157,-25.193052,7.8606234
15.2,27,-38.06926,18.857767,-75.0298,-1.1087135,-8.5933905,8.3613567,-24.981348,7.7945681
15.3,27,-37.746635,18.697954,-74.393951,-1.0993176,-8.5205641,8.2904978,-24.769642,7.7285123
15.4,27,-37.424019,18.538145,-73.75811,-1.0899217,-8.4477396,8.2196388,-24.557936,7.662457
15.5,27,-37.101395,18.378332,-73.122261,-1.0805259,-8.3749142,8.1487799,-24.34623,7.5964007
15.6,27,-36.778774,18.218519,-72.48642,-1.0711299,-8.3020878,8.0779209,-24.134521,7.530345
15.7,27,-36.456154,18.05871,-71.850571,-1.0617341,-8.2292633,8.007062,-23.922817,7.4642897
15.8,27,-36.133533,17.898897,-71.214729,-1.0523382,-8.1564379,7.9362025,-23.711109,7.3982339
15.9,27,-35.810913,17.739086,-70.57888,-1.0429424,-8.0836124,7.865344,-23.499405,7.3321786
16,27,-35.488293,17.579275,-69.943039,-1.0335464,-8.010787,7.7944851,-23.287697,7.2661228
16.1,27,-35.165668,17.419462,-69.30719,-1.0241505,-7.9379616,7.7236257,-23.075991,7.2000666
16.2,27,-34.843048,17.259649,-68.671341,-1.0147547,-7.8651361,7.6527667,-22.864283,7.1340108
16.3,27,-34.520432,17.09984,-68.0355,-1.0053589,-7.7923117,7.5819087,-22.65258,7.067956
16.4,27,-34.197807,16.940029,-67.399658,-0.99596298,-7.7194862,7.5110493,-22.440872,7.0019002
16.5,27,-33.875187,16.780216,-66.763809,-0.98656708,-7.6466603,7.4401903,-22.229166,6.9358444
16.6,27,-33.552567,16.620403,-66.12796,-0.97717118,-7.5738349,7.3693309,-22.017458,6.8697886
16.7,27,-33.229942,16.460592,-65.492111,-0.96777523,-7.5010095,7.2984719,-21.805752,6.8037324
16.8,27,-32.907326,16.300783,-64.856277,-0.95837951,-7.428185,7.2276139,-21.594048,6.7376781
16.9,27,-32.584705,16.14097,-64.220428,-0.94898361,-7.3553596,7.1567545,-21.382341,6.6716218
17,27,-32.262081,15.981158,-63.584579,-0.93958765,-7.2825336,7.0858955,-21.170633,6.605566
17.1,27,-31.939461,15.821346,-62.94873,-0.93019176,-7.2097082,7.0150361,-20.958927,6.5395103
17.2,27,-31.616838,15.661534,-62.312881,-0.92079586,-7.1368828,6.9441772,-20.747219,6.473454
17.3,27,-31.294222,15.501725,-61.677044,-0.91140014,-7.0640583,6.8733191,-20.535517,6.4073997
17.4,27,-30.971601,15.341913,-61.041199,-0.90200418,-6.9912329,6.8024597,-20.323809,6.3413439
17.5,27,-30.648979,15.1821,-60.40535,-0.89260828,-6.918407,6.7316008,-20.112103,6.2752876
17.6,27,-30.326357,15.022288,-59.769501,-0.88321239,-6.8455815,6.6607413,-19.900394,6.2092319
17.7,27,-30.003735,14.862476,-59.133652,-0.87381649,-6.7727561,6.5898824,-19.688688,6.1431761
17.8,27,-29.681118,14.702667,-58.497818,-0.86442071,-6.6999316,6.5190244,-19.476984,6.0771213
17.9,27,-29.358496,14.542855,-57.861969,-0.85502481,-6.6271062,6.4481649,-19.265278,6.0110655
18,27,-29.035875,14.383042,-57.22612,-0.84562892,-6.5542803,6.377306,-19.05357,5.9450092
18.1,27,-28.713253,14.22323,-56.590271,-0.83623302,-6.4814548,6.3064466,-18.841864,5.8789535
18.2,27,-28.390631,14.063418,-55.954422,-0.82683706,-6.4086289,6.2355876,-18.630156,5.8128977
18.3,27,-28.068014,13.903609,-55.318588,-0.81744134,-6.3358049,6.1647296,-18.418453,5.7468429
18.4,27,-27.745392,13.743797,-54.682739,-0.80804545,-6.2629795,6.0938702,-18.206745,5.6807871
18.5,27,-27.42277,13.583984,-54.04689,-0.79864955,-6.1901536,6.0230112,-17.995039,5.6147313
18.6,27,-27.100149,13.424172,-53.411041,-0.78925359,-6.1173282,5.9521518,-17.783331,5.5486751
18.7,27,-26.777527,13.26436,-52.775196,-0.7798577,-6.0445023,5.8812928,-17.571625,5.4826193
18.8,27,-26.45491,13.104551,-52.139359,-0.77046198,-5.9716783,5.8104348,-17.359921,5.4165645
18.9,27,-26.132288,12.944739,-51.50351,-0.76106608,-5.8988528,5.7395754,-17.148214,5.3505087
19,27,-25.809666,12.784926,-50.867661,-0.75167012,-5.8260269,5.6687164,-16.936506,5.2844529
19.1,27,-25.487043,12.625114,-50.231815,-0.74227422,-5.7532015,5.597857,-16.7248,5.2183971
19.2,27,-25.164423,12.465302,-49.595966,-0.73287833,-5.6803756,5.526998,-16.513092,5.1523409
19.3,27,-24.841806,12.305493,-48.960129,-0.72348261,-5.6075516,5.45614,-16.30139,5.0862865
19.4,27,-24.519184,12.145681,-48.32428,-0.71408665,-5.5347261,5.3852806,-16.089682,5.0202303
19.5,27,-24.196562,11.985868,-47.688435,-0.70469075,-5.4619002,5.3144217,-15.877975,4.9541745
19.6,27,-23.87394,11.826056,-47.052586,-0.69529486,-5.3890748,5.2435622,-15.666268,4.8881187
19.7,27,-23.551317,11.666245,-46.416737,-0.68589896,-5.3162489,5.1727033,-15.454561,4.8220625
19.8,27,-23.228703,11.506435,-45.780899,-0.67650318,-5.2434249,5.1018453,-15.242858,4.7560081
19.9,27,-22.90608,11.346623,-45.145054,-0.66710728,-5.1705995,5.0309858,-15.031151,4.6899524
20,27,-22.583458,11.18681,-44.509205,-0.65771139,-5.0977736,4.9601269,-14.819444,4.6238961
20.1,27,-22.260836,11.026999,-43.873356,-0.64831549,-5.0249481,4.8892674,-14.607737,4.5578403
20.2,27,-21.938213,10.867187,-43.237507,-0.63891953,-4.9521222,4.8184085,-14.396029,4.4917846
20.3,27,-21.615599,10.707377,-42.601673,-0.62952381,-4.8792982,4.7475505,-14.184326,4.4257298
20.4,27,-21.292976,10.547565,-41.965824,-0.62012792,-4.8064728,4.6766911,-13.972619,4.359674
20.5,27,-20.970354,10.387753,-41.329975,-0.61073202,-4.7336469,4.6058321,-13.760912,4.2936177
20.6,27,-20.647732,10.227941,-40.694126,-0.60133606,-4.6608214,4.5349727,-13.549205,4.227562
20.7,27,-20.325109,10.068129,-40.058281,-0.59194016,-4.5879955,4.4641137,-13.337498,4.1615062
20.8,27,-20.002493,9.9083195,-39.422443,-0.58254445,-4.5151715,4.3932557,-13.125794,4.0954514
20.9,27,-19.679873,9.7485075,-38.786594,-0.57314855,-4.4423461,4.3223963,-12.914087,4.0293956
21,27,-19.35725,9.5886955,-38.150745,-0.56375259,-4.3695202,4.2515373,-12.70238,3.9633396
21.1,27,-19.034628,9.4288826,-37.5149,-0.55435669,-4.2966948,4.1806779,-12.490673,3.8972838
21.2,27,-18.712006,9.2690706,-36.879051,-0.5449608,-4.2238688,4.1098189,-12.278966,3.8312278
21.3,27,-18.389389,9.1092615,-36.243214,-0.53556508,-4.1510448,4.0389609,-12.067263,3.7651732
21.4,27,-18.066767,8.9494495,-35.607365,-0.52616912,-4.0782194,3.9681017,-11.855556,3.6991172
21.5,27,-17.744146,8.7896376,-34.971519,-0.51677322,-4.0053935,3.8972425,-11.643848,3.6330614
21.6,27,-17.421524,8.6298246,-34.33567,-0.50737733,-3.9325681,3.8263834,-11.432141,3.5670054
21.7,27,-17.098902,8.4700127,-33.699821,-0.4979814,-3.8597424,3.7555239,-11.220434,3.5009496
21.8,27,-16.776285,8.3102036,-33.063984,-0.48858568,-3.7869182,3.6846662,-11.008731,3.4348948
21.9,27,-16.453663,8.1503916,-32.428139,-0.47918975,-3.7140925,3.613807,-10.797024,3.368839
22,27,-16.131041,7.9905791,-31.79229,-0.46979383,-3.6412668,3.5429478,-10.585317,3.302783
22.1,27,-15.808419,7.8307672,-31.156441,-0.46039793,-3.5684414,3.4720886,-10.37361,3.236727
22.2,27,-15.485797,7.6709547,-30.520592,-0.451002,-3.4956157,3.4012294,-10.161902,3.1706712
22.3,27,-15.163181,7.5111456,-29.884756,-0.44160628,-3.4227915,3.3303714,-9.9501991,3.1046166
22.4,27,-14.840559,7.3513336,-29.248909,-0.43221036,-3.3499658,3.2595122,-9.738492,3.0385606
22.5,27,-14.517938,7.1915212,-28.61306,-0.42281446,-3.2771401,3.188653,-9.5267849,2.9725046
22.6,27,-14.195315,7.0317092,-27.977211,-0.41341853,-3.2043145,3.1177938,-9.3150778,2.9064488
22.7,27,-13.872693,6.8718967,-27.341364,-0.40402263,-3.131489,3.0469346,-9.1033707,2.8403928
22.8,27,-13.550077,6.7120876,-26.705528,-0.39462689,-3.0586648,2.9760766,-8.8916674,2.7743382
22.9,27,-13.227455,6.5522757,-26.069679,-0.38523099,-2.9858391,2.9052174,-8.6799603,2.7082822
23,27,-12.904833,6.3924632,-25.43383,-0.37583506,-2.9130135,2.8343582,-8.4682531,2.6422265
23.1,27,-12.582211,6.2326512,-24.797983,-0.36643916,-2.8401878,2.763499,-8.256546,2.5761704
23.2,27,-12.259589,6.0728388,-24.162134,-0.35704324,-2.7673624,2.6926398,-8.0448389,2.5101147
23.3,27,-11.936973,5.9130297,-23.526299,-0.34764752,-2.6945381,2.6217818,-7.8331361,2.4440598
23.4,27,-11.614351,5.7532177,-22.89045,-0.33825159,-2.6217124,2.5509226,-7.621429,2.3780041
23.5,27,-11.291729,5.5934052,-22.254602,-0.32885569,-2.5488868,2.4800634,-7.4097219,2.3119481
23.6,27,-10.969107,5.4335933,-21.618753,-0.31945977,-2.4760611,2.4092042,-7.1980147,2.2458923
23.7,27,-10.646484,5.2737813,-20.982906,-0.31006387,-2.4032357,2.3383451,-6.9863076,2.1798363
23.8,27,-10.323869,5.1139717,-20.347071,-0.30066812,-2.3304114,2.267487,-6.7746043,2.1137817
23.9,27,-10.001246,4.9541597,-19.711222,-0.29127222,-2.2575858,2.1966279,-6.5628972,2.0477257
24,27,-9.6786251,4.7943478,-19.075373,-0.2818763,-2.1847601,2.1257687,-6.3511901,1.9816698
24.1,27,-9.3560028,4.6345353,-18.439526,-0.2724804,-2.1119344,2.0549095,-6.139483,1.9156139
24.2,27,-9.0333805,4.4747233,-17.803677,-0.26308447,-2.039109,1.9840502,-5.9277759,1.849558
24.3,27,-8.7107649,4.3149142,-17.167841,-0.25368875,-1.9662846,1.9131923,-5.7160726,1.7835033
24.4,27,-8.3881426,4.1551018,-16.531992,-0.24429284,-1.8934591,1.8423331,-5.5043654,1.7174474
24.5,27,-8.0655203,3.9952896,-15.896145,-0.23489691,-1.8206334,1.7714739,-5.2926583,1.6513915
24.6,27,-7.7428985,3.8354774,-15.260296,-0.225501,-1.7478079,1.7006147,-5.0809512,1.5853356
24.7,27,-7.4202766,3.6756651,-14.624448,-0.21610509,-1.6749822,1.6297554,-4.8692441,1.5192797
24.8,27,-7.0976605,3.515856,-13.988612,-0.20670936,-1.602158,1.5588975,-4.6575408,1.453225
24.9,27,-6.7750387,3.3560438,-13.352764,-0.19731344,-1.5293324,1.4880383,-4.4458337,1.3871691
25,27,-6.4524164,3.1962316,-12.716915,-0.18791753,-1.4565067,1.4171791,-4.2341266,1.3211132
25.1,27,-6.1297946,3.0364194,-12.081067,-0.17852162,-1.3836812,1.3463199,-4.0224195,1.2550573
25.2,27,-5.8071723,2.8766074,-11.445219,-0.16912571,-1.3108555,1.2754606,-3.8107123,1.1890014
25.3,27,-5.4845567,2.7167981,-10.809383,-0.15972997,-1.2380313,1.2046027,-3.5990093,1.1229467
25.4,27,-5.1619344,2.5569859,-10.173535,-0.15033406,-1.1652057,1.1337435,-3.3873022,1.0568908
25.5,27,-4.8393126,2.3971739,-9.5376863,-0.14093815,-1.09238,1.0628843,-3.175595,0.99083489
25.6,27,-4.5166903,2.2373617,-8.9018383,-0.13154224,-1.0195545,0.99202508,-2.9638879,0.924779
25.7,27,-4.1940684,2.0775495,-8.2659903,-0.12214632,-0.94672883,0.92116588,-2.7521808,0.8587231
25.8,27,-3.8714523,1.9177402,-7.6301541,-0.11275059,-0.87390459,0.850308,-2.5404778,0.7926684
25.9,27,-3.5488303,1.757928,-6.9943061,-0.10335468,-0.80107898,0.77944875,-2.3287704,0.72661251
26,27,-3.2262082,1.5981158,-6.3584576,-0.093958765,-0.72825336,0.70858955,-2.1170633,0.66055661
26.1,27,-2.9035861,1.4383037,-5.7226095,-0.084562853,-0.65542775,0.6377303,-1.9053562,0.59450072
26.2,27,-2.5809641,1.2784915,-5.0867615,-0.075166941,-0.58260214,0.56687111,-1.6936491,0.52844477
26.3,27,-2.2583482,1.1186823,-4.4509254,-0.065771207,-0.5097779,0.49601322,-1.481946,0.46239012
26.4,27,-1.9357262,0.95887011,-3.8150771,-0.056375295,-0.43695229,0.425154,-1.2702389,0.3963342
26.5,27,-1.6131041,0.7990579,-3.1792288,-0.046979383,-0.36412668,0.35429478,-1.0585316,0.33027831
26.6,27,-1.290482,0.63924575,-2.5433807,-0.03758347,-0.29130107,0.28343555,-0.84682453,0.26422238
26.7,27,-0.96786004,0.47943354,-1.9075325,-0.028187558,-0.21847546,0.21257633,-0.63511741,0.19816647
26.8,27,-0.64524412,0.31962439,-1.2716964,-0.018791825,-0.14565124,0.14171845,-0.42341429,0.13211183
26.9,27,-0.32262206,0.1598122,-0.63584822,-0.009395912,-0.072825618,0.070859224,-0.21170714,0.066055916
27,27,0,0,0,0,0,0,0,0
27.1,27,0.32258835,0.15980504,0.00937622,0.63580048,0.072806932,0.070855819,-0.066067919,0.21168178
27.2,27,0.64497453,0.31956723,0.018634271,1.2713149,0.14550176,0.14169121,-0.1322079,0.42321143
27.3,27,0.96695018,0.47924066,0.027655765,1.9062446,0.21797101,0.21248442,-0.1984908,0.63443285
27.4,27,1.2883254,0.63878858,0.036322773,2.540328,0.29010534,0.28321782,-0.26499137,0.84520209
27.5,27,1.608892,0.79816532,0.044516709,3.1732671,0.36179128,0.3538698,-0.33178073,1.0553633
27.6,27,1.9284476,0.95732808,0.052118991,3.8047762,0.43291673,0.42442018,-0.39893156,1.264765
27.7,27,2.2467899,1.1162344,0.059010856,4.4345694,0.50336957,0.49484903,-0.4665167,1.4732559
27.8,27,2.5637112,1.2748387,0.065073103,5.0623488,0.57303637,0.56513518,-0.53460819,1.680681
27.9,27,2.8790207,1.4331049,0.070186779,5.6878548,0.64180773,0.63526165,-0.60328215,1.8868977
28,27,3.1925108,1.5909878,0.074232079,6.3107896,0.70957017,0.70520771,-0.67261153,2.0917518
28.1,27,3.503979,1.7484454,0.077088989,6.9308691,0.77621168,0.77495432,-0.74267089,2.2950943
28.2,27,3.8132231,1.905436,0.078637108,7.5478091,0.84162003,0.8444826,-0.81353545,2.4967754
28.3,27,4.1200352,2.0619152,0.078755371,8.161315,0.90568197,0.91377276,-0.88527972,2.6966436
28.4,27,4.4242244,2.2178478,0.077322736,8.7711267,0.96828783,0.98280931,-0.95798302,2.8945587
28.5,27,4.7255836,2.3731897,0.074217111,9.3769503,1.0293243,1.0515732,-1.0317212,3.0903699
28.6,27,5.0239096,2.5279005,0.069315948,9.9785032,1.0886793,1.1200471,-1.1065726,3.2839313
28.7,27,5.3190007,2.6819396,0.062496074,10.575506,1.1462407,1.1882142,-1.1826164,3.4750977
28.8,27,5.6106491,2.835264,0.053633459,11.167665,1.2018954,1.2560569,-1.2599308,3.6637216
28.9,27,5.8986635,2.9878407,0.042603776,11.754724,1.2555333,1.3235619,-1.3386003,3.8496668
29,27,6.182837,3.1396267,0.029281454,12.336392,1.3070413,1.3907127,-1.4187055,4.0327883
29.1,27,6.4629664,3.2905841,0.013540264,12.912393,1.3563074,1.4574947,-1.5003297,4.2129445
29.2,27,6.7388501,3.4406741,-0.00474714,13.482448,1.4032192,1.523894,-1.583558,4.3899965
29.3,27,7.0102797,3.5898561,-0.025708895,14.046268,1.4476641,1.5898958,-1.6684744,4.5638027
29.4,27,7.2770653,3.7380989,-0.049474008,14.603604,1.4895316,1.6554905,-1.75517,4.7342334
29.5,27,7.5389981,3.8853626,-0.076172769,15.154169,1.5287088,1.7206647,-1.8437322,4.9011497
29.6,27,7.7958765,4.0316114,-0.10593668,15.69769,1.5650834,1.7854078,-1.9342515,5.0644183
29.7,27,8.0474977,4.1768098,-0.13889845,16.233894,1.5985433,1.8497095,-2.0268207,5.2239075
29.8,27,8.2936544,4.3209195,-0.17519206,16.762501,1.6289761,1.9135596,-2.1215317,5.3794837
29.9,27,8.5341558,4.463913,-0.21495254,17.283264,1.6562706,1.9769522,-2.2184844,5.5310259
30,27,8.7687941,4.6057534,-0.25831667,17.795904,1.6803143,2.0398791,-2.317775,5.6784039
30.1,27,8.997366,4.746408,-0.30542266,18.300156,1.700995,2.102334,-2.4195039,5.8214941
30.2,27,9.2196712,4.8858457,-0.35641056,18.795752,1.7182004,2.1643124,-2.5237737,5.9601746
30.3,27,9.4355001,5.0240316,-0.41142163,19.282421,1.7318187,2.2258089,-2.6306863,6.0943236
30.4,27,9.6446619,5.1609426,-0.4705992,19.759924,1.7417377,2.2868233,-2.7403536,6.2238293
30.5,27,9.8469505,5.2965455,-0.53408796,20.227989,1.7478455,2.3473537,-2.8528831,6.3485742
30.6,27,10.042163,5.4308133,-0.60203516,20.686361,1.7500298,2.4073997,-2.9683869,6.4684463
30.7,27,10.230096,5.5637178,-0.67459011,21.134783,1.7481784,2.4669631,-3.0869806,6.5833373
30.8,27,10.410542,5.6952305,-0.75190359,21.572989,1.7421795,2.526046,-3.2087796,6.6931386
30.9,27,10.583312,5.8253322,-0.83412904,22.000753,1.7319206,2.5846548,-3.3339097,6.7977509
31,27,10.748197,5.9539962,-0.921422,22.417814,1.71729,2.6427951,-3.4624932,6.8970733
31.1,27,10.904993,6.0812006,-1.0139409,22.823929,1.6981753,2.7004743,-3.5946572,6.9910078
31.2,27,11.053501,6.206924,-1.1118461,23.218849,1.6744647,2.7577026,-3.7305329,7.0794625
31.3,27,11.19351,6.3311429,-1.2153025,23.602322,1.6460462,2.8144898,-3.8702526,7.1623449
31.4,27,11.324832,6.453846,-1.3244742,23.974138,1.6128069,2.870852,-4.0139599,7.2395735
31.5,27,11.447257,6.5750132,-1.4395314,24.334045,1.5746355,2.9268034,-4.1617937,7.3110647
31.6,27,11.560585,6.6946287,-1.5606464,24.681816,1.5314193,2.9823611,-4.3139009,7.3767395
31.7,27,11.664612,6.8126793,-1.6879948,25.017218,1.4830467,3.037545,-4.4704318,7.4365253
31.8,27,11.759129,6.9291501,-1.8217562,25.340014,1.4294064,3.0923755,-4.6315379,7.4903507
31.9,27,11.843948,7.0440373,-1.9621117,25.650007,1.3703843,3.146879,-4.7973847,7.5381536
32,27,11.91886,7.1573296,-2.1092479,25.946968,1.3058695,3.2010803,-4.968133,7.5798717
32.1,27,11.983657,7.2690177,-2.2633555,26.230669,1.2357509,3.255008,-5.1439476,7.615449
32.2,27,12.038156,7.3791065,-2.4246275,26.500938,1.1599125,3.3086958,-5.3250117,7.6448369
32.3,27,12.082126,7.4875817,-2.5932641,26.757517,1.0782478,3.3621736,-5.5114913,7.6679869
32.4,27,12.115395,7.5944562,-2.7694659,27.000256,0.99063849,3.4154818,-5.7035828,7.6848598
32.5,27,12.137733,7.6997204,-2.9534416,27.228907,0.89697957,3.4686558,-5.9014606,7.6954198
32.6,27,12.148951,7.8033853,-3.1454034,27.443304,0.79715514,3.5217392,-6.1053271,7.6996374
32.7,27,12.148859,7.9054646,-3.3455675,27.643286,0.6910491,3.5747793,-6.3153896,7.6974878
32.8,27,12.137229,8.0059566,-3.5541587,27.828617,0.57855791,3.6278191,-6.531837,7.6889524
32.9,27,12.113886,8.104888,-3.7714021,27.999174,0.45956045,3.6809134,-6.7548971,7.6740179
33,27,12.078601,8.20226,-3.9975338,28.154736,0.33395344,3.7341115,-6.9847703,7.6526775
33.1,27,12.031186,8.2981005,-4.2327924,28.295164,0.20162076,3.787472,-7.2216878,7.6249294
33.2,27,11.97145,8.392436,-4.4774237,28.420322,0.06244516,3.8410563,-7.4658866,7.5907769
33.3,27,11.899163,8.485281,-4.7316823,28.530008,-0.083675556,3.8949227,-7.7175841,7.5502329
33.4,27,11.814154,8.5766773,-4.9958239,28.624132,-0.23686439,3.9491413,-7.9770393,7.5033102
33.5,27,11.716192,8.6666441,-5.2701168,28.702501,-0.39722127,4.0037761,-8.2444782,7.450036
33.6,27,11.605089,8.7552242,-5.5548344,28.765013,-0.56486434,4.0589013,-8.5201645,7.3904357
33.7,27,11.480653,8.8424635,-5.8502574,28.811563,-0.73991275,4.114593,-8.8043671,7.3245416
33.8,27,11.342657,8.9283953,-6.1566768,28.84199,-0.92246556,4.1709251,-9.0973282,7.2523975
33.9,27,11.190927,9.0130796,-6.4743853,28.856237,-1.1126473,4.227982,-9.3993397,7.1740456
34,27,11.025233,9.0965576,-6.8036919,28.854158,-1.310557,4.2858434,-9.7106552,7.0895414
34.1,27,10.845387,9.1788921,-7.1449099,28.835686,-1.5163133,4.3445969,-10.031567,6.99894
34.2,27,10.651199,9.2601509,-7.4983625,28.80076,-1.7300366,4.4043341,-10.362372,6.9022989
34.3,27,10.442437,9.3403883,-7.8643866,28.749262,-1.9518231,4.4651413,-10.70334,6.7996931
34.4,27,10.218931,9.4196882,-8.2433186,28.681181,-2.1818013,4.5271177,-11.05479,6.6911869
34.5,27,9.9804516,9.4981165,-8.6355133,28.596416,-2.4200661,4.5903549,-11.416996,6.5768642
34.6,27,9.7268085,9.5757599,-9.0413351,28.494951,-2.666738,4.654953,-11.790278,6.4568024
34.7,27,9.4578114,9.6527109,-9.4611559,28.376778,-2.9219387,4.7210159,-12.174959,6.3310823
34.8,27,9.1732302,9.7290525,-9.8953629,28.241823,-3.1857622,4.78864,-12.571324,6.1997995
34.9,27,8.8728943,9.8048954,-10.344346,28.090136,-3.4583385,4.857935,-12.979716,6.0630388
35,27,8.5565729,9.8803301,-10.808518,27.921665,-3.7397611,4.9290009,-13.400425,5.9209027
35.1,27,8.2240763,9.9554749,-11.288296,27.736448,-4.0301504,5.0019464,-13.833785,5.7734847
35.2,27,7.875217,10.030451,-11.784105,27.534538,-4.3296323,5.0768833,-14.280141,5.6208758
35.3,27,7.5097623,10.10537,-12.296397,27.315922,-4.6382942,5.1539135,-14.739779,5.4631906
35.4,27,7.1275477,10.180371,-12.825614,27.080709,-4.9562712,5.2331524,-15.213061,5.3005195
35.5,27,6.7283258,10.25558,-13.372241,26.828892,-5.2836542,5.3147035,-15.700282,5.1329737
35.6,27,6.3119197,10.331142,-13.936747,26.560587,-5.6205645,5.3986797,-16.201782,4.9606533
35.7,27,5.8781471,10.407213,-14.519616,26.275909,-5.9671283,5.4851933,-16.717909,4.7836528
35.8,27,5.4267621,10.483935,-15.121373,25.974897,-6.323432,5.574347,-17.248951,4.602087
35.9,27,4.9576054,10.561481,-15.742517,25.657726,-6.6896129,5.6662564,-17.795271,4.4160452
36,27,4.4704356,10.640006,-16.383593,25.324463,-7.0657578,5.7610226,-18.357155,4.2256393
36.1,27,3.9650681,10.719689,-17.045137,24.975273,-7.451992,5.8587556,-18.934942,4.0309587
36.2,27,3.4413235,10.800718,-17.727695,24.610342,-7.8484406,5.9595656,-19.528975,3.8320932
36.3,27,2.8989553,10.883266,-18.431856,24.229765,-8.255187,6.0635486,-20.139524,3.6291497
36.4,27,2.337805,10.967538,-19.158175,23.833784,-8.6723747,6.1708155,-20.766951,3.4222014
36.5,27,1.75763,11.053719,-19.907261,23.42252,-9.1000843,6.2814598,-21.411518,3.2113507
36.6,27,1.1582472,11.142018,-20.679707,22.996202,-9.5384426,6.3955841,-22.073557,2.9966719
36.7,27,0.53947568,11.232651,-21.476116,22.555067,-9.9875793,6.5132909,-22.753395,2.7782362
36.8,27,-0.098931469,11.32582,-22.297131,22.099268,-10.447573,6.634666,-23.451279,2.556134
36.9,27,-0.75712848,11.421754,-23.143354,21.629099,-10.91857,6.7598119,-24.167557,2.3304188
37,27,-1.4353642,11.520666,-24.015455,21.144728,-11.400646,6.8888102,-24.902466,2.1011736
37.1,27,-2.1336181,11.622792,-24.913872,20.646635,-11.893821,7.0217342,-25.656166,1.8685257
37.2,27,-2.851053,11.728374,-25.838242,20.136137,-12.397663,7.1585746,-26.428211,1.6328852
37.3,27,-3.5867105,11.837621,-26.788021,19.614599,-12.911575,7.2992716,-27.217884,1.3947333
37.4,27,-4.3395295,11.950737,-27.762545,19.083485,-13.435035,7.4437695,-28.024553,1.1544852
37.5,27,-5.1085472,12.067883,-28.761162,18.544067,-13.967443,7.5919776,-28.847445,0.91255915
37.6,27,-5.8927312,12.189202,-29.783129,17.997667,-14.508258,7.7438059,-29.685839,0.66932261
37.7,27,-6.6910405,12.314816,-30.827637,17.445557,-15.056941,7.8991532,-30.538998,0.42511496
37.8,27,-7.5025172,12.444803,-31.893885,16.888849,-15.612888,8.0578871,-31.406057,0.18028054
37.9,27,-8.3261003,12.579232,-32.980942,16.328741,-16.175587,8.2198896,-32.286274,-0.064898446
38,27,-9.1608257,12.718128,-34.087898,15.766247,-16.744427,8.385005,-33.178734,-0.31011742
38.1,27,-10.005663,12.861503,-35.213745,15.202418,-17.318872,8.5530901,-34.082623,-0.55512238
38.2,27,-10.859571,13.009339,-36.357407,14.638267,-17.898382,8.7239914,-34.997093,-0.79967254
38.3,27,-11.721593,13.16159,-37.517834,14.074648,-18.482355,8.8975296,-35.921192,-1.0435163
38.4,27,-12.590671,13.318191,-38.693844,13.512503,-19.070274,9.0735455,-36.854095,-1.2864523
38.5,27,-13.465837,13.479045,-39.884277,12.952607,-19.661533,9.2518444,-37.794815,-1.5282518
38.6,27,-14.346057,13.644044,-41.087891,12.395778,-20.255594,9.4322491,-38.742462,-1.7687258
38.7,27,-15.230292,13.813056,-42.303383,11.842799,-20.851921,9.6145782,-39.696148,-2.0076926
38.8,27,-16.117594,13.985923,-43.529499,11.294312,-21.449907,9.7986259,-40.654861,-2.2449534
38.9,27,-17.006884,14.162479,-44.764832,10.751064,-22.049034,9.9842072,-41.617722,-2.4803467
39,27,-17.897211,14.342531,-46.008057,10.213634,-22.648701,10.171112,-42.583714,-2.7136884
39.1,27,-18.787712,14.525896,-47.257946,9.6825209,-23.248463,10.359168,-43.552059,-2.9448669
39.2,27,-19.678179,14.712436,-48.514023,9.1576633,-23.848246,10.548299,-44.52253,-3.1739609
39.3,27,-20.568676,14.902029,-49.776115,8.6387634,-24.448006,10.738433,-45.494946,-3.401063
39.4,27,-21.459148,15.094563,-51.043949,8.1256533,-25.047789,10.929534,-46.46928,-3.6262956
39.5,27,-22.349648,15.289927,-52.317352,7.6180568,-25.647547,11.121536,-47.445358,-3.8497367
39.6,27,-23.240149,15.48801,-53.596092,7.1157951,-26.247309,11.314403,-48.42313,-4.0714874
39.7,27,-24.130615,15.688715,-54.879932,6.6187,-26.847092,11.508095,-49.402542,-4.2916403
39.8,27,-25.021112,15.891937,-56.168736,6.1265125,-27.44685,11.702559,-50.383446,-4.5102568
39.9,27,-25.911583,16.097586,-57.462273,5.6391034,-28.046635,11.897771,-51.365837,-4.7274313
40,27,-26.802084,16.305565,-58.760403,5.1562357,-28.646393,12.09368,-52.349571,-4.9432149
40.1,27,-27.692585,16.515789,-60.062935,4.6777673,-29.246155,12.290261,-53.334621,-5.1576843
40.2,27,-28.583055,16.728172,-61.369675,4.2035608,-29.845936,12.487489,-54.320961,-5.3709078
40.3,27,-29.473549,16.942635,-62.680504,3.7334051,-30.445696,12.685318,-55.308464,-5.5829291
40.4,27,-30.364019,17.159098,-63.995232,3.2671931,-31.045477,12.883737,-56.297138,-5.7938175
40.5,27,-31.25452,17.377487,-65.313766,2.8047268,-31.645239,13.082704,-57.286865,-6.0036116
40.6,27,-32.14502,17.597729,-66.635933,2.3458948,-32.244999,13.2822,-58.277634,-6.2123666
40.7,27,-33.035492,17.819757,-67.961578,1.8905901,-32.84478,13.48221,-59.269428,-6.420135
40.8,27,-33.925995,18.043505,-69.290611,1.4386274,-33.444538,13.682696,-60.262127,-6.6269455
40.9,27,-34.816448,18.268906,-70.622849,0.9899503,-34.044323,13.883656,-61.255787,-6.832859
41,27,-35.706955,18.495907,-71.958267,0.54435569,-34.644085,14.08505,-62.250275,-7.0378938
41.1,27,-36.597458,18.724445,-73.296692,0.10178082,-35.243839,14.286868,-63.245586,-7.2420945
41.2,27,-37.48793,18.954464,-74.637993,-0.33786219,-35.843628,14.489102,-64.241745,-7.445508
41.3,27,-38.378429,19.185913,-75.982124,-0.77473181,-36.443382,14.691717,-65.238617,-7.6481462
41.4,27,-39.268883,19.418736,-77.328903,-1.2088633,-37.043167,14.894716,-66.236275,-7.8500609
41.5,27,-40.159393,19.652891,-78.678352,-1.6404341,-37.642929,15.098066,-67.234596,-8.0512629
41.6,27,-41.049892,19.888329,-80.030296,-2.0694871,-38.242687,15.30176,-68.233582,-8.2517872
41.7,27,-41.940365,20.125,-81.384644,-2.4960897,-38.842472,15.505795,-69.233269,-8.4516726
41.8,27,-42.830856,20.362865,-82.741341,-2.9203732,-39.44223,15.710138,-70.233536,-8.6509237
41.9,27,-43.721321,20.601883,-84.100266,-3.3423724,-40.042015,15.914797,-71.234444,-8.8495855
42,27,-44.611828,20.842016,-85.461433,-3.7622278,-40.641777,16.119741,-72.235893,-9.0476618
42.1,27,-45.502331,21.083223,-86.824692,-4.1799712,-41.241531,16.32497,-73.237885,-9.2451801
42.2,27,-46.392803,21.325466,-88.189949,-4.5956545,-41.841316,16.530479,-74.240463,-9.442174
42.3,27,-47.283295,21.568714,-89.557198,-5.0093913,-42.441074,16.736242,-75.243507,-9.6386433
42.4,27,-48.173756,21.812929,-90.926315,-5.4212022,-43.040859,16.942268,-76.247093,-9.8346262
42.5,27,-49.064266,22.058086,-92.297318,-5.831212,-43.640621,17.148529,-77.251122,-10.030122
42.6,27,-49.954765,22.304148,-93.67009,-6.2394395,-44.240379,17.355024,-78.2556,-10.225155
42.7,27,-50.845238,22.551085,-95.044556,-6.6459236,-44.840164,17.561756,-79.260574,-10.419753
42.8,27,-51.735729,22.79887,-96.420692,-7.0507646,-45.439919,17.768698,-80.26593,-10.613912
42.9,27,-52.626194,23.047476,-97.798416,-7.4539719,-46.039707,17.975861,-81.271744,-10.807665
43,27,-53.516701,23.296881,-99.17775,-7.8556561,-46.639465,18.18322,-82.277924,-11.001011
43.1,27,-54.407211,23.547054,-100.55859,-8.2558327,-47.239223,18.390776,-83.284477,-11.193967
43.2,27,-55.297699,23.797974,-101.94087,-8.6545286,-47.839008,18.59853,-84.291458,-11.386559
43.3,27,-56.188141,24.049603,-103.32449,-9.0517883,-48.438766,18.806461,-85.298752,-11.57878
43.4,27,-57.078629,24.301941,-104.70956,-9.4476995,-49.038551,19.01458,-86.306442,-11.770661
43.5,27,-57.969139,24.55496,-106.09598,-9.8423004,-49.638313,19.222862,-87.31443,-11.962195
43.6,27,-58.859646,24.808636,-107.48368,-10.235614,-50.238068,19.431311,-88.322739,-12.1534
43.7,27,-59.750134,25.062948,-108.87261,-10.627659,-50.837856,19.639931,-89.331413,-12.344298
43.8,27,-60.640579,25.317867,-110.26269,-11.018472,-51.437611,19.848698,-90.34034,-12.53488
43.9,27,-61.531067,25.573397,-111.654,-11.408131,-52.037395,20.057625,-91.349617,-12.725173
44,27,-62.421574,25.829508,-113.04648,-11.796669,-52.637157,20.266693,-92.359146,-12.915171
44.1,27,-63.312084,26.086185,-114.44006,-12.184099,-53.236916,20.475901,-93.368942,-13.104886
44.2,27,-64.202568,26.343409,-115.8347,-12.570438,-53.8367,20.685257,-94.379059,-13.294341
44.3,27,-65.093002,26.601152,-117.23031,-12.955707,-54.436459,20.894737,-95.389389,-13.483523
44.4,27,-65.983505,26.859426,-118.62701,-13.339994,-55.036243,21.104359,-96.400024,-13.67246
44.5,27,-66.874008,27.118202,-120.02471,-13.72331,-55.636005,21.314096,-97.410866,-13.861141
44.6,27,-67.764519,27.377466,-121.42337,-14.105671,-56.23576,21.523956,-98.421936,-14.049581
44.7,27,-68.655006,27.637203,-122.82293,-14.487083,-56.835545,21.733946,-99.433296,-14.237797
44.8,27,-69.545441,27.897388,-124.22332,-14.867567,-57.435303,21.944038,-100.44483,-14.425776
44.9,27,-70.435936,28.158035,-125.62467,-15.247204,-58.035088,22.154255,-101.45663,-14.613545
45,27,-71.326447,28.419119,-127.02689,-15.625998,-58.63485,22.364573,-102.46861,-14.801092
45.1,27,-72.216942,28.680622,-128.42993,-16.003954,-59.234608,22.574995,-103.48078,-14.98843
45.2,27,-73.107452,28.942545,-129.8338,-16.381105,-59.834393,22.78553,-104.49321,-15.175575
45.3,27,-73.997879,29.204849,-131.23833,-16.757427,-60.434147,22.996155,-105.50578,-15.362514
45.4,27,-74.888397,29.467566,-132.64377,-17.133032,-61.033936,23.206888,-106.5186,-15.549271
45.5,27,-75.778885,29.730652,-134.0499,-17.507877,-61.633694,23.417707,-107.53156,-15.735834
45.6,27,-76.669373,29.99411,-135.45676,-17.882,-62.233452,23.628616,-108.54469,-15.922214
45.7,27,-77.559891,30.257936,-136.86435,-18.255423,-62.833237,23.839626,-109.55804,-16.108427
45.8,27,-78.450317,30.522093,-138.27252,-18.628113,-63.432995,24.050714,-110.57153,-16.29446
45.9,27,-79.340828,30.786612,-139.68147,-19.000177,-64.032776,24.261898,-111.58523,-16.480333
46,27,-80.231323,31.051456,-141.09106,-19.371582,-64.632538,24.473156,-112.59904,-16.666039
46.1,27,-81.121811,31.316628,-142.50128,-19.74235,-65.2323,24.684494,-113.61302,-16.851583
46.2,27,-82.012321,31.582123,-143.91216,-20.112503,-65.832077,24.895918,-114.62718,-17.036978
46.3,27,-82.902748,31.847904,-145.3235,-20.482006,-66.431839,25.107412,-115.64146,-17.222218
46.4,27,-83.793266,32.11401,-146.73557,-20.850964,-67.031624,25.318989,-116.65593,-17.407318
46.5,27,-84.683754,32.380402,-148.14818,-21.219337,-67.631386,25.530632,-117.67051,-17.592268
46.6,27,-85.574234,32.647076,-149.56133,-21.587143,-68.231148,25.742346,-118.68522,-17.777077
46.7,27,-86.46476,32.914043,-150.9751,-21.954424,-68.830925,25.954134,-119.7001,-17.961754
46.8,27,-87.355186,33.181259,-152.38925,-22.321117,-69.430687,26.165987,-120.71507,-18.146296
46.9,27,-88.245697,33.448761,-153.80406,-22.687332,-70.030472,26.377913,-121.73023,-18.330713
47,27,-89.136192,33.716518,-155.21936,-23.05303,-70.630234,26.589895,-122.74547,-18.514996