region,year,main_histclim,main_fulladapt,main_diff,clipped_histclim,clipped_fulladapt,clipped_diff,unclipped_histclim,unclipped_fulladapt,unclipped_diff
USA.14.608,2048,11.321707,12.324762,1.0030549999999998,-4.14027,-4.6549287,-0.5146587,-6.0393167000000005,-6.553975599999999,-0.5146588999999988
USA.14.608,2049,10.64558,11.983089,1.337508999999999,-3.7309623,-4.49286,-0.7618977000000005,-5.683871,-6.4457684,-0.7618974000000005
USA.14.608,2050,10.622337,12.563687,1.94135,-3.7153735,-4.816118,-1.1007445000000002,-5.719537,-6.820281,-1.1007439999999997
USA.14.608,2051,11.157291,12.342118,1.1848269999999985,-4.010924,-4.696895,-0.6859709999999994,-6.064624,-6.750595599999999,-0.6859715999999985
USA.14.608,2052,10.754649,12.448596,1.6939469999999996,-3.7937830000000003,-4.7863026,-0.9925195999999996,-5.895303,-6.8878226,-0.9925195999999996
USA.14.608,2053,10.824367,11.620797,0.7964299999999991,-3.8417027000000004,-4.5137634,-0.6720606999999998,-5.9893246,-6.661385000000001,-0.6720604000000012
USA.14.608,2054,10.754649,12.947749,2.1930999999999994,-3.804265,-5.133335,-1.3290699999999998,-5.996271,-7.325341000000001,-1.3290700000000006
USA.14.608,2055,11.157291,11.92742,0.770128999999999,-4.0397015,-4.521649,-0.4819475000000004,-6.2743745,-6.756322,-0.48194749999999953
USA.14.608,2056,10.622337,12.216192,1.5938549999999996,-3.7435472,-4.8002,-1.0566528000000002,-6.0197296,-7.0763826000000005,-1.0566530000000007
USA.14.608,2057,10.64558,11.130460000000001,0.4848800000000004,-3.7706356,-4.3445253,-0.5738897000000001,-6.087169,-6.661059,-0.5738899999999996
USA.14.608,2058,11.321707,12.554517,1.2328100000000006,-4.232166,-5.0585985,-0.8264325000000001,-6.587892999999999,-7.4143257,-0.8264327000000007
USA.14.608,2059,11.101632,12.4330225,1.3313904999999995,-4.036067,-4.9171,-0.8810329999999995,-6.42983,-7.310863,-0.8810330000000004
USA.14.608,2060,11.186911,12.339132000000001,1.1522210000000008,-4.0834413,-4.9404335,-0.8569922000000005,-6.5140824,-7.3710747,-0.8569922999999999
USA.14.608,2061,10.774067,11.509196000000001,0.7351290000000006,-3.8495398,-4.501222599999999,-0.6516827999999992,-6.3162684,-6.967951299999999,-0.6516828999999991
USA.14.608,2062,11.77934,11.8389635,0.05962350000000072,-4.471671,-4.6477633,-0.17609230000000053,-6.9736970000000005,-7.149789299999999,-0.17609229999999876
USA.14.608,2063,11.801827000000001,11.999857,0.19802999999999926,-4.4994629999999995,-4.724286599999999,-0.22482359999999968,-7.0359955,-7.2608194,-0.22482389999999963
USA.14.608,2064,11.002751,11.838078999999999,0.8353279999999987,-4.039443,-4.7236376,-0.6841945999999997,-6.6096916,-7.293886,-0.6841944
USA.14.608,2065,10.1780405,12.661688999999999,2.4836484999999993,-3.4994445,-5.148162999999999,-1.6487184999999993,-6.102619,-7.7513369999999995,-1.6487179999999997
USA.14.608,2066,9.552402,12.677746,3.125344,-3.1235144,-5.1536503,-2.0301359,-5.758811,-7.788947,-2.0301360000000006
USA.14.608,2067,11.054727999999999,11.0922,0.03747200000000106,-4.0409265,-4.558577,-0.5176504999999993,-6.707541,-7.225192,-0.5176509999999999
USA.14.608,2068,10.059778,11.480654,1.4208759999999998,-3.4528034,-4.6734805,-1.2206771,-6.1499324,-7.3706097999999995,-1.2206773999999996
USA.14.608,2069,10.503514,11.105638,0.6021240000000017,-3.7815363,-4.57294,-0.7914037,-6.508376,-7.29978,-0.791404
USA.14.608,2070,10.344852000000001,11.566086,1.221233999999999,-3.6254003,-4.740163,-1.1147627,-6.381147,-7.495909700000001,-1.1147627000000009
USA.14.608,2071,10.363091,11.478228,1.115136999999999,-3.6360574,-4.702547,-1.0664896000000001,-6.419864,-7.4863539999999995,-1.06649
USA.14.608,2072,11.139412,12.444175,1.3047629999999995,-4.1104975,-5.206341,-1.0958435,-6.921517999999999,-8.017362,-1.0958440000000014
USA.14.608,2073,10.20283,12.390835000000001,2.1880050000000004,-3.5287178,-5.1285940000000005,-1.5998762000000006,-6.3661056,-7.965982,-1.5998764000000003
USA.14.608,2074,10.118307000000001,11.590575999999999,1.4722689999999972,-3.4793741999999996,-4.8031697,-1.3237955000000001,-6.342283,-7.666078,-1.3237949999999996
USA.14.608,2075,9.786313999999999,11.213339999999999,1.4270259999999997,-3.2692165,-4.717975599999999,-1.4487590999999989,-6.156799299999999,-7.6055584000000005,-1.448759100000001
USA.14.608,2076,10.826078,11.132475,0.3063969999999987,-3.9391294,-4.5914364,-0.652307,-6.8507940000000005,-7.503101299999999,-0.6523072999999986
USA.14.608,2077,11.011214,11.38397,0.372755999999999,-4.0963182,-4.6604915,-0.5641733000000002,-7.0314727,-7.595646400000001,-0.5641737000000004
USA.14.608,2078,10.826078,11.737565,0.9114869999999993,-3.9449263,-4.861344,-0.9164176999999998,-6.902978999999999,-7.8193965,-0.9164175000000006
USA.14.608,2079,9.786313999999999,12.824603,3.0382890000000007,-3.2704945,-5.5622907,-2.2917962000000003,-6.2508526,-8.542648,-2.2917954
USA.14.608,2080,10.118307000000001,11.968886999999999,1.8505799999999972,-3.4861722,-5.115108,-1.6289358000000003,-6.4882436,-8.117179,-1.6289354000000005
USA.14.608,2081,10.20283,11.669677,1.4668469999999996,-3.5393147000000003,-4.961086,-1.4217712999999996,-6.562577,-7.984348,-1.4217709999999997
USA.14.608,2082,11.139412,13.145366000000001,2.005954000000001,-4.14647,-5.7161599999999995,-1.5696899999999996,-7.190400599999999,-8.760091000000001,-1.5696904000000016
USA.14.608,2083,10.363091,12.185699000000001,1.8226080000000007,-3.6575782,-5.1887550000000005,-1.5311768000000003,-6.7216554,-8.252832000000001,-1.531176600000001
USA.14.608,2084,10.344852000000001,12.150944,1.8060919999999996,-3.6502159,-5.1306987,-1.4804827999999999,-6.7339168,-8.214399,-1.4804822
USA.14.608,2085,10.503514,13.028116,2.5246020000000016,-3.8227277,-5.5641985,-1.7414707999999997,-6.92553,-8.667000999999999,-1.7414709999999989
USA.14.608,2086,10.059778,11.703932,1.6441540000000003,-3.4730594,-4.9431915,-1.4701321000000003,-6.594506,-8.064638,-1.4701320000000004
USA.14.608,2087,11.054727999999999,11.884294,0.8295660000000016,-4.1103926,-5.067436,-0.9570433999999999,-7.2500257,-8.207069,-0.9570433000000005
USA.14.608,2088,9.552402,12.645425999999999,3.093023999999998,-3.1178756,-5.3744097,-2.2565341,-6.2752376,-8.531772,-2.2565344000000005
USA.14.608,2089,10.1780405,12.955442999999999,2.777402499999999,-3.5303786,-5.6473346,-2.1169559999999996,-6.705013,-8.821969000000001,-2.116956000000001
USA.14.608,2090,11.002751,12.904666,1.9019150000000007,-4.135432,-5.772259,-1.6368270000000003,-7.326881,-8.963708,-1.6368270000000003
USA.14.608,2091,11.801827000000001,12.206612,0.4047849999999986,-4.657068700000001,-5.3542557,-0.6971869999999996,-7.864964,-8.562151,-0.6971870000000004
USA.14.608,2092,11.77934,11.227844000000001,-0.5514959999999984,-4.638051,-4.7516065,-0.11355550000000036,-7.8620253,-7.9755807,-0.11355540000000008
USA.14.608,2093,10.774067,11.5338545,0.7597874999999998,-3.9411302000000004,-5.0428357,-1.1017055,-7.1808147,-8.28252,-1.1017052999999999
USA.14.608,2094,11.186911,9.585536,-1.6013750000000009,-4.2158656,-4.0428596,0.173006,-7.470892999999999,-7.297886999999999,0.173006
USA.14.608,2095,11.101632,10.220101,-0.8815310000000007,-4.1712465,-4.5240808,-0.3528343000000005,-7.441248,-7.794082,-0.35283400000000054
USA.14.608,2096,11.321707,10.347455,-0.9742519999999999,-4.419121700000001,-4.4373345,-0.018212799999999696,-7.703935,-7.722148,-0.01821299999999937
USA.14.608,2097,10.64558,13.28946,2.6438799999999993,-3.8778782,-5.933065,-2.0551868,-7.177341499999999,-9.232529,-2.0551875000000006
USA.14.608,2098,10.622337,11.421725,0.7993880000000004,-3.851032,-4.9277368,-1.0767048,-7.1649823,-8.241686999999999,-1.0767046999999987
USA.14.608,2099,11.157291,13.255275,2.0979839999999985,-4.213603,-5.995410400000001,-1.7818074000000008,-7.541877700000001,-9.323686,-1.7818082999999998
USA.14.608,2100,10.754649,12.235272,1.4806229999999996,-3.9375312000000005,-5.182351000000001,-1.2448198000000001,-7.2799687,-8.524789,-1.2448202999999998
USA.14.608,1981,11.011214,11.011214,0.0,-3.6846544999999997,-3.6846544999999997,0.0,-3.9481335,-3.9481335,0.0
USA.14.608,1982,10.826078,10.826078,0.0,-3.6081836000000003,-3.6081836000000003,0.0,-3.8716626000000005,-3.8716626000000005,0.0
USA.14.608,1983,9.786313999999999,9.786313999999999,0.0,-3.2330666,-3.2330666,0.0,-3.4965453,-3.4965453,0.0
USA.14.608,1984,10.118307000000001,10.118307000000001,0.0,-3.3523927000000002,-3.3523927000000002,0.0,-3.6158717000000005,-3.6158717000000005,0.0
USA.14.608,1985,10.20283,10.20283,0.0,-3.381975,-3.381975,0.0,-3.6454537000000005,-3.6454537000000005,0.0
USA.14.608,1986,11.139412,11.139412,0.0,-3.7170360000000002,-3.7170360000000002,0.0,-3.9805148,-3.9805148,0.0
USA.14.608,1987,10.363091,10.363091,0.0,-3.4425312999999993,-3.4425312999999993,0.0,-3.70601,-3.70601,0.0
USA.14.608,1988,10.344852000000001,10.344852000000001,0.0,-3.4368160000000003,-3.4368160000000003,0.0,-3.7002949999999997,-3.7002949999999997,0.0
USA.14.608,1989,10.503514,10.503514,0.0,-3.5116453,-3.5116453,0.0,-3.775124,-3.775124,0.0
USA.14.608,1990,10.059778,10.059778,0.0,-3.3366260000000003,-3.3366260000000003,0.0,-3.6001047999999995,-3.6001047999999995,0.0
USA.14.608,1991,11.054727999999999,11.054727999999999,0.0,-3.6880078000000003,-3.6880078000000003,0.0,-3.9514867999999996,-3.9514867999999996,0.0
USA.14.608,1992,9.552402,9.552402,0.0,-3.1491325,-3.1491325,0.0,-3.4126114999999997,-3.4126114999999997,0.0
USA.14.608,1993,10.1780405,10.1780405,0.0,-3.3727934,-3.3727934,0.0,-3.6362722,-3.6362722,0.0
USA.14.608,1994,11.002751,11.002751,0.0,-3.6829962999999997,-3.6829962999999997,0.0,-3.946475,-3.946475,0.0
USA.14.608,1995,11.801827000000001,11.801827000000001,0.0,-3.9658535,-3.9658535,0.0,-4.2293324,-4.2293324,0.0
USA.14.608,1996,11.77934,11.77934,0.0,-3.9557765,-3.9557765,0.0,-4.219255400000001,-4.219255400000001,0.0
USA.14.608,1997,10.774067,10.774067,0.0,-3.5884687999999993,-3.5884687999999993,0.0,-3.8519474999999996,-3.8519474999999996,0.0
USA.14.608,1998,11.186911,11.186911,0.0,-3.735322,-3.735322,0.0,-3.9988010000000003,-3.9988010000000003,0.0
USA.14.608,1999,11.101632,11.101632,0.0,-3.7074225,-3.7074225,0.0,-3.9709015,-3.9709015,0.0
USA.14.608,2000,11.321707,11.321707,0.0,-3.8111525,-3.8111525,0.0,-4.074631,-4.074631,0.0
USA.14.608,2001,10.64558,10.64558,0.0,-3.5466367999999995,-3.5466367999999995,0.0,-3.8101156,-3.8101156,0.0
USA.14.608,2002,10.622337,10.622337,0.0,-3.5350857,-3.5350857,0.0,-3.7985647000000005,-3.7985647000000005,0.0
USA.14.608,2003,11.157291,11.157291,0.0,-3.7262477999999994,-3.7262477999999994,0.0,-3.9897267999999997,-3.9897267999999997,0.0
USA.14.608,2004,10.754649,10.754649,0.0,-3.580864,-3.580864,0.0,-3.844343,-3.844343,0.0
USA.14.608,2005,10.824367,10.824367,0.0,-3.6072172999999994,-3.6072172999999994,0.0,-3.8706959999999997,-3.8706959999999997,0.0
USA.14.608,2006,10.754649,10.956919000000001,0.2022700000000004,-3.580864,-3.6541156999999997,-0.0732516999999997,-3.844343,-3.9175943999999996,-0.07325139999999974
USA.14.608,2007,11.157291,11.793952,0.6366610000000001,-3.7262477999999994,-3.95485,-0.22860220000000053,-3.9897267999999997,-4.218329,-0.2286022000000001
USA.14.608,2008,10.622337,12.309785,1.6874479999999998,-3.5350857,-4.1360445,-0.6009587999999995,-3.7985647000000005,-4.3995233,-0.6009585999999998
USA.14.608,2009,10.64558,11.517301,0.8717209999999991,-3.5466367999999995,-3.8561160000000005,-0.30947920000000106,-3.8101156,-4.1195949999999995,-0.3094793999999994
USA.14.608,2010,11.321707,10.886297,-0.4354099999999992,-3.8111525,-3.6350392999999994,0.17611320000000052,-4.074631,-3.898518,0.17611299999999996
USA.14.608,2011,11.101632,11.181369,0.07973699999999972,-3.7074225,-3.7608042,-0.05338170000000009,-3.9709015,-4.0242830000000005,-0.053381500000000415
USA.14.608,2012,11.186911,12.261231,1.0743200000000002,-3.735322,-4.1328864,-0.39756440000000026,-3.9988010000000003,-4.396365,-0.39756400000000003
USA.14.608,2013,10.774067,11.724477,0.9504099999999998,-3.5884687999999993,-3.9607434,-0.3722746000000008,-3.8519474999999996,-4.224222,-0.3722745000000005
USA.14.608,2014,11.77934,11.425682,-0.35365799999999936,-3.9557765,-3.822394,0.13338249999999974,-4.219255400000001,-4.0858726999999995,0.1333827000000012
USA.14.608,2015,11.801827000000001,11.520904,-0.28092300000000137,-3.9658535,-3.8666732,0.0991803,-4.2293324,-4.130152,0.09918039999999984
USA.14.608,2016,11.002751,12.085192999999999,1.0824419999999986,-3.6925932999999995,-4.0906625,-0.3980692000000001,-4.018180999999999,-4.4162498,-0.3980688000000008
USA.14.608,2017,10.1780405,11.631513,1.4534725000000002,-3.3794127,-3.953475,-0.5740623,-3.7651730000000003,-4.3392352999999995,-0.5740622999999991
USA.14.608,2018,9.552402,10.973125999999999,1.420723999999998,-3.1471748,-3.7288108,-0.581636,-3.5918987,-4.173534399999999,-0.5816356999999992
USA.14.608,2019,11.054727999999999,11.614954,0.5602260000000001,-3.7231657999999994,-3.9583519,-0.2351861000000004,-4.226046599999999,-4.4612327,-0.23518610000000084
USA.14.608,2020,10.059778,11.899753,1.8399750000000008,-3.3508039,-4.0997567,-0.7489528000000005,-3.9112769999999997,-4.66023,-0.7489530000000006
USA.14.608,2021,10.503514,11.693944,1.190430000000001,-3.5501489999999998,-4.050001600000001,-0.499852600000001,-4.1650599999999995,-4.6649127,-0.4998527000000008
USA.14.608,2022,10.344852000000001,10.930275,0.5854229999999987,-3.4673483,-3.7222612,-0.25491290000000033,-4.1343309999999995,-4.389244000000001,-0.25491300000000106
USA.14.608,2023,10.363091,10.828949,0.465857999999999,-3.4773734,-3.6765199,-0.19914650000000034,-4.194608000000001,-4.3937545,-0.19914649999999945
USA.14.608,2024,11.139412,10.934457,-0.204955,-3.794658,-3.8128495000000004,-0.01819150000000036,-4.5607142,-4.578906,-0.018191800000000313
USA.14.608,2025,10.20283,11.696421,1.4935910000000003,-3.4133457999999997,-4.04929,-0.6359442000000004,-4.2270803,-4.8630247,-0.6359444000000005
USA.14.608,2026,10.118307000000001,11.1739645,1.0556574999999988,-3.3814998,-3.8438168,-0.4623170000000001,-4.2408285,-4.7031455,-0.46231699999999964
USA.14.608,2027,9.786313999999999,11.848671000000001,2.062357000000002,-3.2418795,-4.1649923,-0.9231127999999997,-4.1450863,-5.068199,-0.9231126999999999
USA.14.608,2028,10.826078,11.135661,0.30958299999999994,-3.6934357,-3.8566275,-0.1631917999999999,-4.6390910000000005,-4.802283,-0.16319199999999956
USA.14.608,2029,11.011214,10.724684,-0.28653000000000084,-3.7961223,-3.6777952000000003,0.11832709999999969,-4.783021499999999,-4.6646943,0.11832719999999952
USA.14.608,2030,10.826078,12.310089999999999,1.484011999999998,-3.7036163999999996,-4.377955,-0.6743386000000005,-4.730736299999999,-5.405075,-0.6743387000000007
USA.14.608,2031,9.786313999999999,12.006713000000001,2.2203990000000022,-3.2441204,-4.235328,-0.9912076000000001,-4.3099957,-5.3012037,-0.9912080000000003
USA.14.608,2032,10.118307000000001,11.858358,1.7400509999999993,-3.393421,-4.18385,-0.7904289999999996,-4.496786,-5.287215,-0.7904289999999996
USA.14.608,2033,10.20283,11.9492855,1.7464554999999997,-3.4319330000000003,-4.2339764,-0.8020434000000001,-4.571688,-5.3737316,-0.8020436000000002
USA.14.608,2034,11.139412,11.192012,0.05259999999999998,-3.8578462999999994,-3.9373763,-0.07953000000000054,-5.033028599999999,-5.112559,-0.07953040000000122
USA.14.608,2035,10.363091,11.564461999999999,1.2013709999999982,-3.5151927000000005,-4.136721,-0.6215282999999991,-4.7249550000000005,-5.3464837,-0.6215286999999998
USA.14.608,2036,10.344852000000001,12.007579,1.6627269999999985,-3.510961,-4.311195400000001,-0.8002344000000008,-4.754316,-5.55455,-0.8002339999999997
USA.14.608,2037,10.503514,11.375085,0.8715710000000012,-3.6225870000000002,-4.059428700000001,-0.43684170000000044,-4.898657,-5.3354989999999995,-0.4368419999999995
USA.14.608,2038,10.059778,12.262737,2.202959,-3.3864894,-4.424229,-1.0377396000000005,-4.694491,-5.7322307,-1.0377396999999995
USA.14.608,2039,11.054727999999999,12.739499,1.6847710000000014,-3.8459902,-4.6758370000000005,-0.8298468000000003,-5.185221,-6.015068,-0.829847
USA.14.608,2040,9.552402,11.963511,2.4111089999999997,-3.1371827000000003,-4.3393239999999995,-1.2021412999999992,-4.507010500000001,-5.7091517,-1.202141199999999
USA.14.608,2041,10.1780405,12.467029,2.2889885000000003,-3.4366653,-4.6293073,-1.1926419999999998,-4.880084,-6.072726,-1.1926420000000002
USA.14.608,2042,11.002751,11.498267,0.4955160000000003,-3.8764477,-4.204803500000001,-0.32835580000000064,-5.3918605,-5.7202163,-0.32835579999999975
USA.14.608,2043,11.801827000000001,11.963849,0.16202199999999856,-4.276276599999999,-4.4549866,-0.1787100000000006,-5.8620872,-6.0407968,-0.17870959999999947
USA.14.608,2044,11.77934,11.613703,-0.16563700000000026,-4.2763762000000005,-4.227435,0.048941200000000684,-5.930987,-5.8820457,0.048941300000000076
USA.14.608,2045,10.774067,11.24705,0.47298299999999927,-3.7612722,-4.1153374,-0.3540651999999995,-5.483086599999999,-5.8371515,-0.3540649000000009
USA.14.608,2046,11.186911,11.956756,0.7698450000000001,-3.9794886,-4.4651510000000005,-0.4856624000000007,-5.762988,-6.24865,-0.4856619999999996
USA.14.608,2047,11.101632,11.776416000000001,0.6747840000000007,-3.9510339999999995,-4.3966265,-0.4455925000000005,-5.7936106,-6.239203,-0.4455923999999998
SDN.6.16.75.230,2048,-4.8509116,-12.4242525,-7.5733409,-12.667459,-16.581705,-3.9142460000000003,13.672694,9.758449,-3.9142449999999993
SDN.6.16.75.230,2049,-8.628938,-16.078203,-7.449264999999999,-14.453915,-18.305567,-3.8516519999999996,11.626207,7.774556,-3.8516510000000013
SDN.6.16.75.230,2050,-9.018538000000001,-15.307246,-6.288707999999998,-14.41254,-17.705842999999998,-3.293302999999998,11.420534,8.127232000000001,-3.293301999999999
SDN.6.16.75.230,2051,-5.280755999999999,-16.607073,-11.326317,-12.460992999999998,-18.166595,-5.7056020000000025,13.129102,7.4234995999999995,-5.7056024
SDN.6.16.75.230,2052,-8.330695,-15.755851000000002,-7.425156000000001,-13.813204999999998,-17.467505,-3.654300000000001,11.537979,7.8836803,-3.6542987
SDN.6.16.75.230,2053,-10.179191000000001,-10.88379,-0.7045989999999982,-14.591346,-14.894430999999999,-0.3030849999999994,10.524997,10.221911,-0.3030860000000004
SDN.6.16.75.230,2054,-8.330695,-10.66813,-2.3374349999999993,-13.492164,-14.624023000000001,-1.1318590000000004,11.393406,10.261546000000001,-1.1318599999999996
SDN.6.16.75.230,2055,-5.280755999999999,-13.600663,-8.319907,-11.88802,-15.895836,-4.007816,12.770845,8.763029,-4.007816
SDN.6.16.75.230,2056,-9.018538000000001,-18.401154000000002,-9.382616,-13.428464000000002,-18.012358,-4.583893999999997,11.00614,6.422246,-4.583894
SDN.6.16.75.230,2057,-8.628938,-13.836723999999998,-5.207785999999999,-13.153661999999999,-15.575191,-2.4215290000000014,11.059125,8.637596,-2.4215289999999996
SDN.6.16.75.230,2058,-4.8509116,-15.551480999999999,-10.7005694,-11.250577999999999,-16.292582,-5.042004,12.742835000000001,7.7008314,-5.042003600000001
SDN.6.16.75.230,2059,-3.1092169999999997,-16.338688,-13.229471000000002,-10.407996,-16.40953,-6.0015339999999995,13.368488000000001,7.366954,-6.001534000000001
SDN.6.16.75.230,2060,-5.500788,-15.634867999999999,-10.134079999999999,-11.445947,-15.896194,-4.450246999999999,12.116052,7.665804,-4.450248
SDN.6.16.75.230,2061,-4.392807,-18.324305,-13.931497999999998,-10.778921,-17.01697,-6.238049,12.569332000000001,6.331283,-6.238049000000001
SDN.6.16.75.230,2062,-1.198966,-18.589243,-17.390277,-9.200155,-16.908848000000003,-7.708693000000002,13.935095,6.2264023,-7.7086927
SDN.6.16.75.230,2063,0.6371566999999999,-22.604666,-23.2418227,-8.258361,-18.519073000000002,-10.260712000000002,14.664625,4.403912999999999,-10.260712
SDN.6.16.75.230,2064,0.12279947,-13.837257999999999,-13.960057469999999,-8.524063,-14.368556,-5.844493,14.187401000000001,8.342907,-5.844494000000001
SDN.6.16.75.230,2065,-5.192354,-15.617325,-10.424971,-10.603589999999999,-15.001211999999999,-4.397622,11.897091,7.4994693,-4.397621699999999
SDN.6.16.75.230,2066,-3.4307506,-19.894472,-16.4637214,-9.711758999999999,-16.553993,-6.8422339999999995,12.578561,5.736326,-6.8422350000000005
SDN.6.16.75.230,2067,-6.701723599999999,-18.230238,-11.5285144,-11.031539,-15.763653,-4.732113999999999,11.048836999999999,6.3167233,-4.732113699999999
SDN.6.16.75.230,2068,-8.093019,-19.275248,-11.182229000000001,-11.377842,-15.942514000000001,-4.564672000000002,10.493011,5.928339,-4.564671999999999
SDN.6.16.75.230,2069,-3.9465093999999996,-21.225498,-17.2789886,-9.571506,-16.523972,-6.952466000000001,12.090245,5.137779,-6.952465999999999
SDN.6.16.75.230,2070,-1.5752455,-21.252214000000002,-19.6769685,-8.452771,-16.31935,-7.866579,13.000296,5.1337185,-7.866577500000001
SDN.6.16.75.230,2071,-3.3662492999999993,-23.465158,-20.0989087,-9.080149,-17.007437,-7.927287999999999,12.164193,4.236905999999999,-7.927287
SDN.6.16.75.230,2072,-7.2640324000000005,-10.90977,-3.6457375999999995,-10.409775999999999,-11.755755,-1.3459790000000016,10.625799,9.2798195,-1.3459795000000003
SDN.6.16.75.230,2073,-6.635637299999999,-16.192514000000003,-9.556876700000004,-10.15907,-13.720322,-3.5612519999999996,10.667695,7.106443400000001,-3.5612515999999994
SDN.6.16.75.230,2074,-3.3672663999999997,-22.550745000000003,-19.183478600000004,-8.704884,-16.039658,-7.3347739999999995,11.913031,4.5782557,-7.3347753
SDN.6.16.75.230,2075,-3.6396660000000005,-24.83059,-21.190924,-8.685139999999999,-16.715393,-8.030253,11.72388,3.6936257000000006,-8.0302543
SDN.6.16.75.230,2076,-3.0103698,-17.246384,-14.2360142,-8.392986,-13.574020999999998,-5.181034999999998,11.806867,6.625832000000001,-5.181035
SDN.6.16.75.230,2077,-2.9120220000000003,-22.470728,-19.558706,-8.100117,-15.331686999999999,-7.23157,11.890298,4.658727,-7.231571
SDN.6.16.75.230,2078,-3.0103698,-21.219337,-18.2089672,-8.15692,-14.653751000000002,-6.496831000000002,11.623783,5.1269517,-6.496831299999999
SDN.6.16.75.230,2079,-3.6396660000000005,-27.19513,-23.555463999999997,-8.202119,-16.64087,-8.438751,11.3686,2.9298506,-8.4387494
SDN.6.16.75.230,2080,-3.3672663999999997,-13.551614,-10.1843476,-7.9885936,-11.451702000000001,-3.463108400000001,11.371869,7.908761,-3.463108
SDN.6.16.75.230,2081,-6.635637299999999,-23.959235999999997,-17.323598699999998,-9.064759,-14.976026999999998,-5.911267999999998,10.0850935,4.1738257,-5.911267799999999
SDN.6.16.75.230,2082,-7.2640324000000005,-27.595001,-20.3309686,-9.019774,-16.037229999999997,-7.0174559999999975,9.919115,2.9016595,-7.0174555
SDN.6.16.75.230,2083,-3.3662492999999993,-19.535292000000002,-16.169042700000002,-7.644769,-12.9699745,-5.325205499999999,11.082803,5.757598000000001,-5.3252049999999995
SDN.6.16.75.230,2084,-1.5752455,-20.648954,-19.0737085,-6.9096020000000005,-13.193613000000001,-6.2840110000000005,11.606299,5.3222879999999995,-6.2840110000000005
SDN.6.16.75.230,2085,-3.9465093999999996,-21.318268,-17.3717586,-7.6064835,-13.239896,-5.6334124999999995,10.697394000000001,5.063982,-5.633412000000001
SDN.6.16.75.230,2086,-8.093019,-25.56361,-17.470591,-8.785524,-14.347379,-5.5618549999999995,9.306319,3.7444646,-5.5618544
SDN.6.16.75.230,2087,-6.701723599999999,-22.249567000000003,-15.547843400000003,-8.279397,-13.040964,-4.761567000000001,9.600402,4.8388352,-4.761566800000001
SDN.6.16.75.230,2088,-3.4307506,-21.533185999999997,-18.102435399999997,-7.066752,-12.600444,-5.533691999999999,10.600992,5.0673010000000005,-5.533690999999999
SDN.6.16.75.230,2089,-5.192354,-22.043960000000002,-16.851606000000004,-7.495557300000001,-12.609976,-5.114418699999999,9.960122,4.845703599999999,-5.114418400000001
SDN.6.16.75.230,2090,0.12279947,-24.668692,-24.79149147,-5.850523,-13.181232999999999,-7.330709999999999,11.393083,4.062372,-7.330711000000001
SDN.6.16.75.230,2091,0.6371566999999999,-24.998205,-25.635361699999997,-5.4824514,-12.98126,-7.4988086,11.54948,4.0506716,-7.498808400000001
SDN.6.16.75.230,2092,-1.198966,-27.157839000000003,-25.958873000000004,-5.934007,-13.438799,-7.504791999999999,10.886652999999999,3.3818610000000002,-7.504791999999998
SDN.6.16.75.230,2093,-4.392807,-28.431633,-24.038826,-6.756995699999999,-13.525841,-6.768845300000001,9.852794,3.083948,-6.768846
SDN.6.16.75.230,2094,-5.500788,-25.899483,-20.398695,-6.9669633,-12.583089,-5.6161256999999996,9.432357000000001,3.8162312999999997,-5.616125700000001
SDN.6.16.75.230,2095,-3.1092169999999997,-28.511087,-25.40187,-6.1282,-13.077596,-6.949396,10.061052,3.111656,-6.949396
SDN.6.16.75.230,2096,-4.8509116,-24.629496,-19.7785844,-6.4123144,-11.765556,-5.3532416000000005,9.567617,4.214375,-5.353242
SDN.6.16.75.230,2097,-8.628938,-24.285246,-15.656308000000001,-7.2757726,-11.425519,-4.1497464,8.495586,4.345839499999999,-4.1497465
SDN.6.16.75.230,2098,-9.018538000000001,-27.963451,-18.944913,-7.1860685,-12.163869,-4.9778005,8.377464,3.3996644,-4.9777996
SDN.6.16.75.230,2099,-5.280755999999999,-28.68572,-23.404964,-6.1643705,-12.116735,-5.9523645,9.192085,3.2397196,-5.952365400000001
SDN.6.16.75.230,2100,-8.330695,-29.089347999999998,-20.758652999999995,-6.779578999999999,-11.97953,-5.199951000000001,8.370546000000001,3.1705947,-5.1999513
SDN.6.16.75.230,1981,-2.9120220000000003,-2.9120220000000003,0.0,-15.276406,-15.276406,0.0,17.63831,17.63831,0.0
SDN.6.16.75.230,1982,-3.0103698,-3.0103698,0.0,-15.554025,-15.554025,0.0,17.360691,17.360691,0.0
SDN.6.16.75.230,1983,-3.6396660000000005,-3.6396660000000005,0.0,-15.890804000000001,-15.890804000000001,0.0,17.023912,17.023912,0.0
SDN.6.16.75.230,1984,-3.3672663999999997,-3.3672663999999997,0.0,-15.709591,-15.709591,0.0,17.205126,17.205126,0.0
SDN.6.16.75.230,1985,-6.635637299999999,-6.635637299999999,0.0,-18.047361,-18.047361,0.0,14.867356,14.867356,0.0
SDN.6.16.75.230,1986,-7.2640324000000005,-7.2640324000000005,0.0,-18.285073999999998,-18.285073999999998,0.0,14.629642,14.629642,0.0
SDN.6.16.75.230,1987,-3.3662492999999993,-3.3662492999999993,0.0,-15.736068,-15.736068,0.0,17.178648000000003,17.178648000000003,0.0
SDN.6.16.75.230,1988,-1.5752455,-1.5752455,0.0,-14.474654000000001,-14.474654000000001,0.0,18.440063000000002,18.440063000000002,0.0
SDN.6.16.75.230,1989,-3.9465093999999996,-3.9465093999999996,0.0,-16.156723,-16.156723,0.0,16.757994,16.757994,0.0
SDN.6.16.75.230,1990,-8.093019,-8.093019,0.0,-18.953691,-18.953691,0.0,13.961025,13.961025,0.0
SDN.6.16.75.230,1991,-6.701723599999999,-6.701723599999999,0.0,-18.130003,-18.130003,0.0,14.784714000000001,14.784714000000001,0.0
SDN.6.16.75.230,1992,-3.4307506,-3.4307506,0.0,-15.790969,-15.790969,0.0,17.123749,17.123749,0.0
SDN.6.16.75.230,1993,-5.192354,-5.192354,0.0,-17.019281,-17.019281,0.0,15.895435,15.895435,0.0
SDN.6.16.75.230,1994,0.12279947,0.12279947,0.0,-13.5130005,-13.5130005,0.0,19.401716,19.401716,0.0
SDN.6.16.75.230,1995,0.6371566999999999,0.6371566999999999,0.0,-12.966538,-12.966538,0.0,19.948176999999998,19.948176999999998,0.0
SDN.6.16.75.230,1996,-1.198966,-1.198966,0.0,-14.25847,-14.25847,0.0,18.656246,18.656246,0.0
SDN.6.16.75.230,1997,-4.392807,-4.392807,0.0,-16.488768,-16.488768,0.0,16.42595,16.42595,0.0
SDN.6.16.75.230,1998,-5.500788,-5.500788,0.0,-17.29441,-17.29441,0.0,15.620306,15.620306,0.0
SDN.6.16.75.230,1999,-3.1092169999999997,-3.1092169999999997,0.0,-15.562678,-15.562678,0.0,17.35204,17.35204,0.0
SDN.6.16.75.230,2000,-4.8509116,-4.8509116,0.0,-16.636953,-16.636953,0.0,16.277763,16.277763,0.0
SDN.6.16.75.230,2001,-8.628938,-8.628938,0.0,-19.212942,-19.212942,0.0,13.701773999999999,13.701773999999999,0.0
SDN.6.16.75.230,2002,-9.018538000000001,-9.018538000000001,0.0,-19.39575,-19.39575,0.0,13.518966,13.518966,0.0
SDN.6.16.75.230,2003,-5.280755999999999,-5.280755999999999,0.0,-16.967735,-16.967735,0.0,15.946981,15.946981,0.0
SDN.6.16.75.230,2004,-8.330695,-8.330695,0.0,-19.028257,-19.028257,0.0,13.886459,13.886459,0.0
SDN.6.16.75.230,2005,-10.179191000000001,-10.179191000000001,0.0,-20.329916,-20.329916,0.0,12.584802,12.584802,0.0
SDN.6.16.75.230,2006,-8.330695,-11.3540745,-3.023379499999999,-19.028257,-21.083267000000003,-2.055010000000003,13.886459,11.83145,-2.055009
SDN.6.16.75.230,2007,-5.280755999999999,-5.644209,-0.3634530000000007,-16.967735,-17.201802999999998,-0.23406799999999706,15.946981,15.7129135,-0.23406749999999832
SDN.6.16.75.230,2008,-9.018538000000001,-10.435919,-1.417380999999999,-19.39575,-20.517418,-1.1216679999999997,13.518966,12.397299,-1.1216670000000004
SDN.6.16.75.230,2009,-8.628938,-7.1263065,1.5026314999999997,-19.212942,-18.19975,1.013192,13.701773999999999,14.714966,1.0131920000000019
SDN.6.16.75.230,2010,-4.8509116,-9.545562,-4.6946504000000004,-16.636953,-19.81328,-3.1763270000000006,16.277763,13.101436,-3.1763270000000006
SDN.6.16.75.230,2011,-3.1092169999999997,-9.577486,-6.468269000000001,-15.562678,-19.843485,-4.280807000000001,17.35204,13.071231,-4.280809
SDN.6.16.75.230,2012,-5.500788,-7.3486156000000005,-1.8478276000000005,-17.29441,-18.408667,-1.114257000000002,15.620306,14.50605,-1.1142559999999992
SDN.6.16.75.230,2013,-4.392807,-10.069891,-5.677084,-16.488768,-20.324842,-3.836074,16.42595,12.589874,-3.8360760000000003
SDN.6.16.75.230,2014,-1.198966,-8.37987,-7.180904,-14.25847,-19.029125,-4.770655,18.656246,13.8855915,-4.770654499999999
SDN.6.16.75.230,2015,0.6371566999999999,-6.942878,-7.580034700000001,-12.966538,-18.075594,-5.109055999999999,19.948176999999998,14.839123,-5.109053999999997
SDN.6.16.75.230,2016,0.12279947,-3.9270597,-4.04985917,-13.468348,-16.006076999999998,-2.537728999999997,19.355045,16.817316,-2.537728999999999
SDN.6.16.75.230,2017,-5.192354,-4.681351,0.5110029999999997,-16.870693,-16.369244000000002,0.5014489999999974,15.8028345,16.304285,0.5014505000000007
SDN.6.16.75.230,2018,-3.4307506,-9.92278,-6.4920294,-15.546273999999999,-19.751158,-4.204884000000002,16.9408,12.735916,-4.204884
SDN.6.16.75.230,2019,-6.701723599999999,-7.361037700000001,-0.6593141000000013,-17.711676,-17.972182999999998,-0.26050699999999694,14.564551000000002,14.304044000000001,-0.2605070000000005
SDN.6.16.75.230,2020,-8.093019,-0.9597543,7.1332647,-18.359351999999998,-13.60563,4.753721999999998,13.688953,18.442677,4.753724
SDN.6.16.75.230,2021,-3.9465093999999996,-9.272561999999999,-5.326052599999999,-15.523428,-18.92071,-3.3972820000000006,16.3091,12.911817999999998,-3.3972820000000024
SDN.6.16.75.230,2022,-1.5752455,-9.3932495,-7.818003999999999,-13.797494,-18.728317,-4.930823,17.828362,12.897539,-4.930822999999998
SDN.6.16.75.230,2023,-3.3662492999999993,-12.730567,-9.3643177,-14.887122,-20.918067999999998,-6.030945999999998,16.539068,10.5081215,-6.030946500000001
SDN.6.16.75.230,2024,-7.2640324000000005,-9.514149,-2.2501165999999992,-17.169532999999998,-18.655403,-1.485870000000002,14.062494000000001,12.576626,-1.4858680000000017
SDN.6.16.75.230,2025,-6.635637299999999,-14.768873000000001,-8.133235700000002,-16.825449,-21.925253,-5.0998040000000024,14.216821,9.117016,-5.099805
SDN.6.16.75.230,2026,-3.3672663999999997,-5.4279485,-2.0606821000000006,-14.53841,-15.736237,-1.1978269999999984,16.320292000000002,15.122465,-1.197827000000002
SDN.6.16.75.230,2027,-3.6396660000000005,-9.713846,-6.07418,-14.603316,-18.373735,-3.7704190000000004,16.076918,12.306499,-3.7704189999999986
SDN.6.16.75.230,2028,-3.0103698,-8.811131,-5.8007612,-14.197438,-17.748398,-3.5509600000000017,16.308575,12.757616,-3.5509590000000006
SDN.6.16.75.230,2029,-2.9120220000000003,-12.366437,-9.454415,-13.844211999999999,-19.813406,-5.969194000000002,16.491160999999998,10.521967,-5.969193999999998
SDN.6.16.75.230,2030,-3.0103698,-8.684619999999999,-5.6742501999999995,-14.00694,-17.428295000000002,-3.421355000000002,16.160833,12.739478,-3.421355
SDN.6.16.75.230,2031,-3.6396660000000005,-14.131148999999999,-10.491482999999999,-14.214220999999998,-20.63853,-6.424309000000001,15.790723000000002,9.366413,-6.424310000000002
SDN.6.16.75.230,2032,-3.3672663999999997,-17.527582000000002,-14.160315600000002,-13.961673000000001,-22.54458,-8.582906999999999,15.884563,7.301656200000001,-8.5829068
SDN.6.16.75.230,2033,-6.635637299999999,-11.608286999999999,-4.9726497,-15.943717999999999,-18.794022000000002,-2.850304000000003,13.747394,10.897091,-2.8503030000000003
SDN.6.16.75.230,2034,-7.2640324000000005,-11.047494,-3.7834616,-16.047218,-18.336879999999997,-2.2896619999999963,13.491903,11.202243,-2.2896600000000014
SDN.6.16.75.230,2035,-3.3662492999999993,-11.845335,-8.4790857,-13.725767999999999,-18.753756,-5.027988000000001,15.664124,10.636135000000001,-5.027988999999998
SDN.6.16.75.230,2036,-1.5752455,-10.991558,-9.4163125,-12.545760000000001,-18.08587,-5.5401099999999985,16.697627999999998,11.157518,-5.5401099999999985
SDN.6.16.75.230,2037,-3.9465093999999996,-13.25022,-9.3037106,-13.923953,-19.370804,-5.4468510000000006,15.175357,9.728506,-5.4468510000000006
SDN.6.16.75.230,2038,-8.093019,-13.916561999999999,-5.823542999999999,-16.239056,-19.555412,-3.316355999999999,12.718341,9.401983999999999,-3.3163570000000018
SDN.6.16.75.230,2039,-6.701723599999999,-6.875234599999999,-0.17351099999999953,-15.445530999999999,-15.400938,0.044592999999998995,13.371893,13.416485,0.04459199999999974
SDN.6.16.75.230,2040,-3.4307506,-15.303151000000002,-11.872400400000002,-13.367432999999998,-20.162937,-6.795504000000001,15.311765,8.516261,-6.795503999999999
SDN.6.16.75.230,2041,-5.192354,-14.952316,-9.759962,-14.236856,-19.69087,-5.454014000000001,14.161391,8.707378,-5.454013
SDN.6.16.75.230,2042,0.12279947,-11.914344999999999,-12.03714447,-11.163546,-17.681906,-6.518360000000001,16.946123,10.427763,-6.5183599999999995
SDN.6.16.75.230,2043,0.6371566999999999,-12.807407000000001,-13.444563700000002,-10.562787,-18.114265,-7.5514779999999995,17.250671,9.699192,-7.5514790000000005
SDN.6.16.75.230,2044,-1.198966,-11.690598,-10.491632,-11.462746000000001,-17.151373,-5.6886269999999985,16.046871,10.358245,-5.688625999999999
SDN.6.16.75.230,2045,-4.392807,-13.535207999999999,-9.142401,-13.076772,-17.885202,-4.8084299999999995,14.121375,9.312945,-4.808430000000001
SDN.6.16.75.230,2046,-5.500788,-11.518772,-6.017984,-13.532751999999999,-16.576113,-3.043361000000001,13.366414,10.323053,-3.043361000000001
SDN.6.16.75.230,2047,-3.1092169999999997,-9.118975,-6.0097580000000015,-12.008109,-15.165181,-3.157072000000001,14.60506,11.447987,-3.1570730000000005
