temp,no_wgt_comm,risk_adj_sample_wgt_sector_comm,pop_adj_sample_wgt_comm,no_wgt_low,risk_adj_sample_wgt_sector_low,pop_adj_sample_wgt_low,no_wgt_ag,risk_adj_sample_wgt_sector_ag,pop_adj_sample_wgt_ag,no_wgt_nonag,risk_adj_sample_wgt_sector_nonag,pop_adj_sample_wgt_nonag
-19.2,2,.0000108563281174,5.06608330397e-06,0,0,0,0,0,0,2,.0000108563281174,5.06608330397e-06
-17.3,3,.0000291145706797,.0000145542744576,3,.0000291145706797,.0000145542744576,0,0,0,0,0,0
-17.1,1,5.25400946572e-06,2.62646153715e-06,1,5.25400946572e-06,2.62646153715e-06,0,0,0,0,0,0
-15.8,1,3.13425584864e-06,1.46259401390e-06,0,0,0,0,0,0,1,3.13425584864e-06,1.46259401390e-06
-15.3,1,1.34834465371e-06,6.74032946790e-07,1,1.34834465371e-06,6.74032946790e-07,0,0,0,0,0,0
-15,2,.0000142778753798,7.13746203473e-06,2,.0000142778753798,7.13746203473e-06,0,0,0,0,0,0
-14.3,2,.0000110957289507,5.54671760256e-06,2,.0000110957289507,5.54671760256e-06,0,0,0,0,0,0
-14,2,6.64049139232e-06,3.31955902766e-06,2,6.64049139232e-06,3.31955902766e-06,0,0,0,0,0,0
-13.9,2,5.57683961233e-06,2.60242086370e-06,0,0,0,0,0,0,2,5.57683961233e-06,2.60242086370e-06
-13.7,1,5.14149996889e-06,2.57021861216e-06,1,5.14149996889e-06,2.57021861216e-06,0,0,0,0,0,0
-13,1,7.17379236903e-07,3.58615466212e-07,1,7.17379236903e-07,3.58615466212e-07,0,0,0,0,0,0
-12.6,3,5.06711455728e-06,2.53303358022e-06,3,5.06711455728e-06,2.53303358022e-06,0,0,0,0,0,0
-12.5,1,1.28270835376e-06,5.98573251409e-07,0,0,0,0,0,0,1,1.28270835376e-06,5.98573251409e-07
-12.4,1,6.41955125502e-07,3.20911226481e-07,1,6.41955125502e-07,3.20911226481e-07,0,0,0,0,0,0
-12.3,2,2.59964963334e-06,1.29955606099e-06,2,2.59964963334e-06,1.29955606099e-06,0,0,0,0,0,0
-11.9,1,9.63326669989e-07,4.49534383051e-07,0,0,0,0,0,0,1,9.63326669989e-07,4.49534383051e-07
-11.7,1,.0000127155153677,6.35644300928e-06,1,.0000127155153677,6.35644300928e-06,0,0,0,0,0,0
-11.6,4,.0000180966389962,8.73079397934e-06,2,8.60287218529e-06,4.30054706158e-06,0,0,0,2,9.49376681092e-06,4.43024691776e-06
-11.5,4,.0000219123576244,.0000106937284272,2,.0000140869206007,7.04200419932e-06,0,0,0,2,7.82543702371e-06,3.65172422789e-06
-11.4,3,6.99133772741e-06,3.49494595753e-06,3,6.99133772741e-06,3.49494595753e-06,0,0,0,0,0,0
-11.2,3,8.33751755636e-06,3.89068566164e-06,0,0,0,0,0,0,3,8.33751755636e-06,3.89068566164e-06
-10.8,3,5.52117603547e-06,2.76001719612e-06,3,5.52117603547e-06,2.76001719612e-06,0,0,0,0,0,0
-10.7,9,.0000499534462506,.0000249715599239,9,.0000499534462506,.0000249715599239,0,0,0,0,0,0
-10.3,9,.0000152110487932,.0000103445465811,6,.000015205966065,7.60141102774e-06,3,5.08272823829e-09,2.74313555337e-06,0,0,0
-10.1,2,8.74314719113e-06,4.37067001258e-06,2,8.74314719113e-06,4.37067001258e-06,0,0,0,0,0,0
-10,3,.0000166078712027,8.30221847536e-06,3,.0000166078712027,8.30221847536e-06,0,0,0,0,0,0
-9.9,4,.0000170840862666,8.54027712194e-06,4,.0000170840862666,8.54027712194e-06,0,0,0,0,0,0
-9.699999999999999,2,.0000136113058034,6.80424591337e-06,2,.0000136113058034,6.80424591337e-06,0,0,0,0,0,0
-9.6,2,9.85295991995e-06,4.92546178066e-06,2,9.85295991995e-06,4.92546178066e-06,0,0,0,0,0,0
-9.300000000000001,1,5.11844018547e-06,2.38850952883e-06,0,0,0,0,0,0,1,5.11844018547e-06,2.38850952883e-06
-9.1,6,.0000469406622869,.0000234654789892,6,.0000469406622869,.0000234654789892,0,0,0,0,0,0
-8.9,10,.0000335351135163,.0000167640901054,10,.0000335351135163,.0000167640901054,0,0,0,0,0,0
-8.800000000000001,4,8.44384430820e-06,4.22104903919e-06,4,8.44384430820e-06,4.22104903919e-06,0,0,0,0,0,0
-8.699999999999999,4,9.98748600978e-06,4.86991558546e-06,3,6.29425085208e-06,3.14647496680e-06,0,0,0,1,3.69323515770e-06,1.72344061866e-06
-8.6,9,.0000600627608947,.000028921516332,6,.0000268687817879,.0000134316132971,0,0,0,3,.0000331939791067,.0000154899030349
-8.5,4,.0000292552392693,.0000143372100183,3,.0000206117272228,.0000103037328927,0,0,0,1,8.64351204655e-06,4.03347712563e-06
-8.300000000000001,9,.0000786063610576,.0000392950569221,9,.0000786063610576,.0000392950569221,0,0,0,0,0,0
-8.199999999999999,5,9.48209321905e-06,4.61566452259e-06,3,5.74052955926e-06,2.86967139118e-06,0,0,0,2,3.74156365979e-06,1.74599313141e-06
-8.1,5,.0000290649991257,.0000138840341606,3,9.65189474300e-06,4.82494942844e-06,0,0,0,2,.0000194131043827,9.05908473214e-06
-8,4,.0000345080661646,.0000172504660441,4,.0000345080661646,.0000172504660441,0,0,0,0,0,0
-7.9,2,7.15161831977e-06,3.57506974069e-06,2,7.15161831977e-06,3.57506974069e-06,0,0,0,0,0,0
-7.8,6,.0000261608342953,.0000130777127652,6,.0000261608342953,.0000130777127652,0,0,0,0,0,0
-7.7,2,.0000143122033478,7.15462192602e-06,2,.0000143122033478,7.15462192602e-06,0,0,0,0,0,0
-7.6,7,.0000409686520015,.0000200723995931,6,.0000287067789486,.0000143504219068,0,0,0,1,.0000122618730529,5.72197768633e-06
-7.5,11,.0000635266155768,.0000317567407819,11,.0000635266155768,.0000317567407819,0,0,0,0,0,0
-7.4,3,.0000110011669676,5.49944650174e-06,3,.0000110011669676,5.49944650174e-06,0,0,0,0,0,0
-7.3,5,.0000532574322278,.0000248524729614,0,0,0,0,0,0,5,.0000532574322278,.0000248524729614
-7.2,3,7.99059921519e-06,3.99447344535e-06,3,7.99059921519e-06,3.99447344535e-06,0,0,0,0,0,0
-7.1,7,.0000249349641308,.0000123328611608,5,.0000209635827559,.0000104796242795,0,0,0,2,3.97138137487e-06,1.85323688129e-06
-7,4,.0000203661101068,.0000101809495732,4,.0000203661101068,.0000101809495732,0,0,0,0,0,0
-6.9,5,.0000220292538415,.0000107636975599,3,.0000145506871831,7.27383974208e-06,0,0,0,2,7.47856665839e-06,3.48985781784e-06
-6.8,3,.0000140387655847,6.81515439283e-06,2,7.93995695858e-06,3.96915766032e-06,0,0,0,1,6.09880862612e-06,2.84599673250e-06
-6.7,7,.0000532772246515,.000026502761898,6,.0000493569609716,.0000246733789027,0,0,0,1,3.92026367990e-06,1.82938299531e-06
-6.6,6,.000028130850751,.0000140625171525,6,.000028130850751,.0000140625171525,0,0,0,0,0,0
-6.5,8,.0000421142299274,.0000210527616673,8,.0000421142299274,.0000210527616673,0,0,0,0,0,0
-6.4,8,.0000169749959014,8.48574330803e-06,8,.0000169749959014,8.48574330803e-06,0,0,0,0,0,0
-6.3,10,.0000463587250579,.0000228194988949,8,.0000356794555501,.0000178360395466,0,0,0,2,.0000106792695078,4.98345934830e-06
-6.2,9,.0000695108192303,.000034748222788,9,.0000695108192303,.000034748222788,0,0,0,0,0,0
-6.1,7,.0000164942262018,8.24540791200e-06,7,.0000164942262018,8.24540791200e-06,0,0,0,0,0,0
-6,21,.0002413152298004,.0001197150681946,15,.0002137170282595,.0001068364240382,0,0,0,6,.000027598201541,.0000128786441564
-5.9,5,.000026821771371,.0000133278911107,4,.000024409006528,.0000122019791888,0,0,0,1,2.41276484303e-06,1.12591192192e-06
-5.8,8,.0000274301457921,.0000133706500947,5,.0000171564324773,8.57644261032e-06,0,0,0,3,.0000102737133147,4.79420748434e-06
-5.7,14,.000112463285177,.000054457043916,10,.0000594393820847,.0000297135475193,0,0,0,4,.0000530239030923,.0000247434963967
-5.6,14,.0001201562999995,.0000598848523623,13,.0001147162265625,.0000573462532429,0,0,0,1,5.44007343706e-06,2.53859911936e-06
-5.5,19,.000063733918978,.0000314116226718,16,.0000502371899529,.0000251134014206,0,0,0,3,.0000134967290251,6.29822125120e-06
-5.4,12,.0000617397499809,.0000302351605797,6,.0000428418043157,.0000214164729186,0,0,0,6,.0000188979456652,8.81868766101e-06
-5.3,10,.0000426351340366,.0000210030720496,9,.0000333088042908,.0000166509593669,0,0,0,1,9.32632974582e-06,4.35211268268e-06
-5.2,13,.0000691301115694,.0000326022018839,4,.0000103094878341,5.15367833032e-06,0,0,0,9,.0000588206237353,.0000274485235536
-5.1,13,.0000842523423898,.0000421174623284,13,.0000842523423898,.0000421174623284,0,0,0,0,0,0
-5,16,.0000749658393033,.000036318973514,10,.0000401916183819,.0000200916546191,0,0,0,6,.0000347742209215,.0000162273188948
-4.9,17,.0001194399430915,.0000586724061691,13,.0000883042314399,.0000441429886564,0,0,0,4,.0000311357116516,.0000145294175127
-4.8,20,.000083578046997,.0000414850843526,18,.0000746965083636,.0000373405324581,0,0,0,2,8.88153863343e-06,4.14455189457e-06
-4.7,12,.0000692888997946,.0000343288565432,10,.0000600124367338,.0000300000137372,0,0,0,2,9.27646306081e-06,4.32884280599e-06
-4.6,14,.0000727587500933,.0000349238551394,8,.0000292081692805,.000014601065061,0,0,0,6,.0000435505808127,.0000203227900784
-4.5,16,.000066818310188,.0000326851629779,10,.0000452509736988,.0000226208094318,0,0,0,6,.0000215673364892,.0000100643535461
-4.4,14,.0000524276745182,.000025460175948,7,.0000299232533507,.0000149585334839,0,0,0,7,.0000225044211675,.0000105016424641
-4.3,17,.0001012608938709,.0000499911639054,14,.0000823483721888,.0000411656744745,0,0,0,3,.0000189125216821,8.82548943082e-06
-4.2,25,.0001061989764821,.0000528031843032,22,.0000976173928393,.0000487986058033,0,0,0,3,8.58158364281e-06,4.00457849992e-06
-4.1,24,.0001608307548242,.0000882969342229,18,.0001472185467719,.000073594054129,2,1.54864512325e-08,8.35799801280e-06,4,.0000135967216011,6.34488208107e-06
-4,21,.0001346617228251,.0000665526516741,16,.0001116746992125,.0000558258038836,0,0,0,5,.0000229870236126,.0000107268477905
-3.9,15,.0000614387004134,.000030713000001,15,.0000614387004134,.000030713000001,0,0,0,0,0,0
-3.8,10,.0000434587893778,.0000217249030356,10,.0000434587893778,.0000217249030356,0,0,0,0,0,0
-3.7,23,.0001710281604801,.0000836059494702,18,.0001141702342693,.0000570733146503,0,0,0,5,.0000568579262108,.0000265326348199
-3.6,27,.0001675077678556,.0000800852869816,14,.0000576903889851,.0000288392313337,0,0,0,13,.0001098173788705,.0000512460556479
-3.5,14,.0001137463149234,.0000561425998455,11,.0000921274689745,.000046054209264,0,0,0,3,.000021618845949,.0000100883905816
-3.4,24,.0000903902075606,.0000447187997565,21,.000076345725347,.0000381649709311,0,0,0,3,.0000140444822136,6.55382882542e-06
-3.3,16,.0001171025996882,.0000563156622206,13,.0000502267612319,.0000251081887086,0,0,0,3,.0000668758384563,.000031207473512
-3.2,11,.0000700128439348,.0000348389463056,9,.0000651934692542,.0000325899948734,0,0,0,2,4.81937468066e-06,2.24895143219e-06
-3.1,32,.0001544404508422,.0000743637237974,18,.0000690073577516,.0000344965450267,0,0,0,14,.0000854330930906,.0000398671787707
-3,15,.0000907887193762,.0000441589738216,10,.0000539150443046,.0000269519485414,0,0,0,5,.0000368736750715,.0000172070252802
-2.9,25,.0001150321980958,.0000568382979509,22,.0000950040513317,.0000474922042031,0,0,0,3,.0000200281467642,9.34609374781e-06
-2.8,25,.000080235357359,.0000393589444343,17,.0000576648282049,.0000288264531605,0,0,0,8,.0000225705291541,.0000105324912738
-2.7,23,.0001853595861121,.0000906482557923,13,.0001195543766244,.0000624131421603,0,0,0,10,.0000658052094877,.000028235113632
-2.6,20,.0000929645686938,.0000462453717773,18,.0000861281298512,.0000430551615409,0,0,0,2,6.83643884258e-06,3.19021023643e-06
-2.5,36,.0003551873791139,.0001721365733829,28,.0001921614338016,.0000960608500691,0,0,0,8,.0001630259453123,.0000760757233138
-2.4,35,.0001588138602528,.0000787341917885,31,.0001390741231262,.0000695226838161,0,0,0,4,.0000197397371267,9.21150797240e-06
-2.3,51,.0003039108067924,.0001516513110573,49,.000295709722991,.0001478242919575,0,0,0,2,8.20108380140e-06,3.82701909984e-06
-2.2,30,.0001713633054123,.0000848724761227,25,.0001475590843256,.0000737642848208,0,0,0,5,.0000238042210867,.0000111081913019
-2.1,39,.0002457335144199,.0001230708257367,28,.0001984213420201,.0000991901605971,1,3.34279226522e-09,1.80409631412e-06,10,.0000473088296076,.0000220765688255
-2,40,.0001733234376404,.0000917607724773,23,.0001206098819466,.0000602924715736,4,1.27396804217e-08,6.87557303536e-06,13,.0000527008160134,.0000245927278684
-1.9,48,.0002227953908118,.0001104270992869,38,.0001942960743122,.0000971279513919,0,0,0,10,.0000284993164996,.0000132991478949
-1.8,33,.0001762621524222,.000089060590085,29,.0001631924948242,.0000829616614055,0,0,0,4,.000013069657598,6.09892867942e-06
-1.7,35,.0001625130043976,.0000793566620132,30,.0001058779403138,.0000529280247292,0,0,0,5,.0000566350640838,.000026428637284
-1.6,22,.0000860926639916,.0000430374321638,22,.0000860926639916,.0000430374321638,0,0,0,0,0,0
-1.5,37,.0001689694393008,.0000824779306186,22,.0001091378123874,.0000545576234572,0,0,0,15,.0000598316269134,.0000279203071614
-1.4,36,.0001868983710267,.0001059382246922,30,.0001392755864345,.0000717254096116,2,1.29773894741e-07,.0000120502986647,4,.0000474930106975,.0000221625164158
-1.3,44,.000195610227149,.0000980447703114,33,.0001390891534356,.0000695301985161,2,3.96699961769e-09,2.14097963180e-06,9,.0000565171067137,.0000263735921635
-1.2,26,.000123826553363,.0000597978882411,16,.0000605882811442,.0000302878772231,0,0,0,10,.0000632382722188,.0000295100110179
-1.1,32,.0001153536483685,.0000576163505457,31,.0001138934206324,.0000569349382431,0,0,0,1,1.46022773606e-06,6.81412302583e-07
-1,29,.0001853386036146,.00009028498323,20,.0001142030671417,.0000570897301486,0,0,0,9,.0000711355364729,.0000331952530814
-.9,27,.0001111245925358,.0000555508090656,27,.0001111245925358,.0000555508090656,0,0,0,0,0,0
-.8,31,.0001936555521524,.0000954828990132,25,.0001538085715538,.0000768883864168,0,0,0,6,.0000398469805987,.0000185945125963
-.7,41,.0002371967077579,.0001172648685497,37,.0001978277473427,.0000988934233419,0,0,0,4,.0000393689604152,.0000183714452078
-.6,34,.000197399852822,.0001015099600181,26,.0001742271000467,.0000870955396408,2,6.67785027275e-09,3.60401872967e-06,6,.000023166074925,.0000108104016476
-.5,49,.0002776435100031,.0001325404839463,30,.0001268668507919,.0000651040559774,0,0,0,19,.0001507766592113,.0000674364279689
-.4,49,.0003071521256643,.0001706615178705,34,.0002558332156468,.0001278901654018,4,3.49080337969e-08,.0000188397771126,11,.0000512840019837,.0000239315753561
-.3,51,.0002197715921284,.0001081965226604,40,.0001696476601865,.0000848062920795,0,0,0,11,.0000501239319419,.0000233902305808
-.2,40,.000174863913287,.0000865076709999,33,.0001476083962189,.0000737889396021,0,0,0,7,.0000272555170682,.0000127187313979
-.1,44,.0001722024182982,.0000844720597115,35,.0001237388644313,.0000618566410822,0,0,0,9,.0000484635538669,.0000226154186294
0,70,.000410496235645,.0002043765176154,45,.0002662896931724,.0001390903299239,0,0,0,25,.0001442065424726,.0000652861876915
.1,48,.0002657838131199,.000125423503107,32,.0001372069507397,.0000692103645292,0,0,0,16,.0001285768623802,.0000562131385777
.2,64,.0003626509069363,.0001818922496,53,.0002968304980868,.0001511772901495,0,0,0,11,.0000658204088495,.0000307149594505
.3,47,.0003156544145213,.0001565751549606,37,.0002789785135064,.0001394604203711,0,0,0,10,.0000366759010149,.0000171147345895
.4,41,.0001972783617554,.000122725613096,25,.0001035752098915,.0000517768970667,6,2.18343105818e-07,.0000273242203548,10,.0000934848087581,.0000436244956745
.5,81,.0004061188456923,.0002082743857272,52,.000298938335618,.0001489798239049,4,1.88054833927e-08,8.79026276834e-06,25,.0001071617045909,.000050504299054
.6,50,.0003278030803813,.000165212795153,37,.000268848173846,.0001384375585332,0,0,0,13,.0000589549065353,.0000267752366199
.7,89,.0004785121829649,.0002365314661574,68,.0003511542587376,.0001757912726816,1,2.24163376750e-09,8.21927756078e-07,20,.0001273556825936,.0000599182657197
.8,70,.0003522127159385,.0001797438682729,58,.0003136417600444,.0001594176516164,1,3.96460109187e-09,1.45367891946e-06,11,.000038566991293,.000018872537737
.9,64,.0004509942627269,.0002260231709101,47,.0003513864730849,.0001782057892683,1,2.26548624305e-09,8.30673684504e-07,16,.0000996055241558,.0000469867079573
1,58,.0003778339798828,.0001819691681817,41,.0001700434283975,.0000850041366789,0,0,0,17,.0002077905514852,.0000969650315028
1.1,42,.0001919243088553,.0000959337981499,24,.0001259140542516,.0000628654584602,2,4.20003676282e-09,2.26674910664e-06,16,.000066006054567,.000030801590583
1.2,72,.0004243110668471,.000209587155382,48,.0002626939186712,.0001320754906828,2,6.06534511505e-09,3.27345128426e-06,22,.0001616110828309,.0000742382134149
1.3,66,.0003384465108285,.0001785239694527,51,.0002991509953745,.0001511557023264,5,1.74058287783e-08,9.03921767303e-06,10,.0000392781096252,.0000183290494533
1.4,43,.0001560447604185,.0000810291876974,24,.0000922420604184,.0000472748478728,2,7.38262651012e-09,3.98438487537e-06,17,.0000637953173737,.0000297699549492
1.5,79,.0003719398094734,.0001857852572016,69,.0003389917784489,.0001694390838338,1,7.10064118614e-10,3.83219799005e-07,9,.0000329473209604,.0000159629535688
1.6,79,.0006108634892499,.0003154079119554,65,.0005646593320989,.0002830192658507,2,1.27805186878e-07,.0000118674925034,12,.0000460763519641,.0000205211536013
1.7,49,.0004060681360121,.0002085181096732,36,.0002883850746684,.0001451088701856,2,9.31853170183e-08,9.90958017155e-06,11,.0001175898760266,.000053499659316
1.8,59,.0003628976921224,.000177726836057,48,.0001908720847723,.000097469950731,1,2.11940154315e-09,7.77109562478e-07,10,.0001720234879485,.0000794797757635
1.9,56,.0002814926730572,.0001433897724041,43,.0002159463381304,.0001076577127037,2,9.19024856216e-09,4.95995391248e-06,11,.0000655371446783,.0000307721057879
2,74,.0005661520204794,.000283140734922,58,.0004651767870882,.000235106009967,1,2.52132936751e-09,1.36075493629e-06,15,.0001009727120618,.0000466739700187
2.1,54,.0003343773798692,.000171604565196,37,.0001835808446913,.0000926181804175,3,1.89751121482e-08,.0000102408193925,14,.0001507775600658,.0000687455653861
2.2,99,.0005009444893371,.0002501291275792,68,.000336584567151,.0001687095084151,4,2.74552203194e-08,8.20035234028e-06,27,.0001643324669658,.0000732192668238
2.3,101,.0003596924052256,.000178738174327,88,.0003043596836392,.0001508487575279,1,7.36159178061e-09,2.69923498308e-06,12,.0000553253599946,.000025190181816
2.4,99,.0004258550337768,.0002242236363372,76,.0003218450997338,.0001611155531123,4,1.37060291783e-07,.0000153039651423,19,.0001038728737512,.0000478041180827
2.5,54,.0002707558203383,.0001333410729956,44,.0002239292872446,.0001125762718459,0,0,0,10,.0000468265330937,.0000207648011497
2.6,64,.000370562240164,.0001806216966429,47,.0002440132312813,.0001215678603899,0,0,0,17,.0001265490088826,.000059053836253
2.7,83,.000438000578356,.0002174801678052,66,.0003725146877969,.0001881134410269,0,0,0,17,.0000654858905591,.0000293667267783
2.8,112,.0006901119139116,.0003467047572485,94,.0006054850682062,.0003032392522755,0,0,0,18,.0000846268457053,.000043465504973
2.9,57,.0003696306386018,.0001814443930357,42,.0002551302524125,.0001285894779244,0,0,0,15,.0001145003861893,.0000528549151113
3,77,.0004248910265119,.0002086354698179,58,.0003212422984689,.0001634802634101,0,0,0,19,.000103648728043,.0000451552064078
3.1,130,.0006813312404681,.0003423076415174,106,.0005554343856602,.0002832539958035,1,2.25749019478e-09,8.27741814646e-07,23,.0001258945973177,.0000582259038993
3.2,163,.0009812282441595,.0004795855780628,130,.0006704092588166,.0003346054355404,1,7.20685244815e-09,2.64249797510e-06,32,.0003108117784905,.0001423376445473
3.3,105,.0006486921323752,.0003316679895704,80,.0005048012287716,.0002544926195753,3,1.38076241551e-08,6.93852268796e-06,22,.0001438770959794,.0000702368473071
3.4,113,.0006598782936758,.000328745279262,71,.0003908547322453,.0001970877201529,2,1.01326245172e-08,5.46855153516e-06,40,.0002690134288059,.0001261890075739
3.5,85,.0003711904983272,.0001816703442614,67,.0002895752051018,.0001422699270393,1,4.48144943377e-09,1.64318896623e-06,17,.000081610811776,.0000377572282559
3.6,121,.0007688343556538,.0003760817478451,83,.0004974146711447,.0002544059175307,0,0,0,38,.0002714196845091,.0001216758303144
3.7,91,.00059749340934,.0002926627674356,78,.00048480181988,.000240465856848,1,1.30998056846e-09,7.06993205313e-07,12,.0001126902794795,.0000514899173822
3.8,76,.0004600241841217,.0002295389624578,67,.0004142806087657,.0002079455737203,0,0,0,9,.000045743575356,.0000215933887375
3.9,85,.0005409798611988,.0002716858986105,59,.0003706452831693,.0001922158671164,2,5.09899633627e-09,1.86962154203e-06,24,.0001703294790332,.0000776004099521
4,116,.0006029848025211,.0003176959801579,81,.0003523792667011,.0001782166572752,5,9.64185407071e-08,.0000220123424697,30,.0002505091172793,.0001174669804129
4.1,104,.0007493744197404,.0003595757804646,77,.0005227391711742,.0002615914603439,0,0,0,27,.0002266352485663,.0000979843201208
4.2,125,.0008495083254234,.0004208631028746,100,.0006679179839466,.0003316396766309,4,1.16666074579e-08,5.12311396506e-06,21,.0001815786748693,.0000841003122787
4.3,102,.0006824508116234,.0003345935191419,71,.0004847290136922,.0002439531849632,2,6.01131899813e-09,3.24429356624e-06,29,.0001977157866122,.0000873960406125
4.4,115,.0007046170123264,.0003519190798045,96,.0005831050032157,.0002895615745615,1,1.94852933788e-08,7.14456746209e-06,18,.0001214925238173,.0000552129377809
4.5,148,.0008165715129953,.0004083843220428,113,.0005905085221229,.0002984547306255,2,6.78546618893e-09,2.48799034352e-06,33,.0002260562054062,.0001074416010738
4.6,104,.0006593884501314,.0003308792170174,94,.0005472645248119,.0002750695318809,1,9.73997345000e-08,9.04416083358e-06,9,.000112026525585,.0000467655243028
4.7,129,.0008702930204016,.0004521832782132,94,.0006495558344568,.0003289606908368,4,3.64715369017e-08,.000019683595383,31,.0002207007144079,.0001035389919934
4.8,102,.0008661667092156,.0004290323397527,88,.0007501244714376,.0003751998740995,0,0,0,14,.0001160422377779,.0000538324656532
4.9,155,.0010928425626133,.0005477853827642,118,.0008148285953666,.0004090487020676,1,7.76815767267e-08,7.21320884622e-06,36,.00027793628567,.0001315234718504
5,134,.0008659623974978,.0004287915064651,105,.0006284667103955,.0003114715136121,1,7.70327375221e-08,7.15296027920e-06,28,.0002374186543648,.0001101670325738
5.1,163,.0008251442018281,.0004181069350579,134,.0006299338289182,.0003199042876076,1,2.32607835216e-08,8.52890661918e-06,28,.0001951871121264,.0000896737408311
5.2,161,.0009284087503608,.000473880559241,134,.000729483241912,.0003642972578177,5,2.96837249225e-08,6.09561340070e-06,22,.0001988958247239,.0001034876880226
5.3,136,.000945053822349,.0004758733158212,92,.0006255904021941,.0003092248776113,1,2.02971790486e-08,7.44225735616e-06,43,.0003194431229758,.0001592061808537
5.4,151,.0010225898956342,.0005009689995177,114,.0007431458749352,.0003752146490115,2,2.97638602653e-09,1.60634783697e-06,35,.000279441044313,.0001241480026692
5.5,156,.001239102302387,.0006420002640937,115,.0009968660448862,.00050528358733,5,2.51070256141e-07,.000023492681521,36,.0002419851872446,.0001132239952426
5.6,136,.000953712106126,.0005075386856106,107,.0007034302350348,.0003498776060269,8,2.46566388640e-07,.0000348761864188,21,.0002500353047026,.0001227848931649
5.7,240,.0013798367436588,.0006976389406077,189,.0010362528448695,.0005147875981493,3,2.76800942167e-08,.0000143900711009,48,.0003435562186951,.0001684612713575
5.8,150,.0008739912540723,.0004280655946616,121,.0006956261497066,.0003423376308263,1,2.10649386823e-09,7.72376779423e-07,28,.0001783629978718,.0000849555870559
5.9,143,.0010291423212045,.00051000069152,115,.0008354622916613,.0004125378244453,1,5.73278846616e-08,5.32324474989e-06,27,.0001936227016586,.0000921396223248
6,122,.0008585374094991,.0004190590638018,103,.000700271213077,.0003469998024457,0,0,0,19,.0001582661964221,.0000720592613561
6.1,147,.0012377497712137,.000623073729912,113,.0009575453977391,.0004845538990708,2,1.27805186878e-07,.0000118674925034,32,.0002800765682878,.0001266523383379
6.2,212,.0013316852202867,.0006532131577899,166,.0010258927930522,.0005105226458397,2,5.46156586623e-09,2.00256295102e-06,44,.0003057869656686,.0001406879489991
6.3,203,.0013907498544878,.0007015584600367,151,.0009978068472947,.0004978163474902,4,3.27250628818e-08,7.91823845248e-06,48,.0003929102821303,.000195823874094
6.4,208,.0014225375783767,.0007379070915476,170,.0012016932518009,.000600420173555,8,2.33281865381e-07,.0000359435692872,30,.0002206110447105,.0001015433487055
6.5,177,.0012286562324562,.0006019854765213,146,.0009934833328771,.0004890384504392,0,0,0,31,.0002351728995791,.0001129470260821
6.6,150,.000728574036998,.0003626898708831,118,.0005850550857076,.0002928104150897,0,0,0,32,.0001435189512904,.0000698794557934
6.7,155,.0009034559501551,.0004589713820451,133,.0007858035403387,.0003932122220931,2,7.90402090445e-08,7.41728752018e-06,20,.0001175733696073,.0000583418724318
6.8,183,.0011250743420419,.0005614802556124,141,.0008605333652554,.0004347583708864,0,0,0,42,.0002645409767865,.0001267218847261
6.9,240,.0012227453825597,.0006273539972881,186,.0009403330087139,.000468874185799,5,1.37658499932e-07,.0000146122482647,49,.0002822747153459,.0001438675632244
7,208,.0011133837305584,.0005474995064105,155,.0007040393869602,.0003580737285915,2,4.30638968929e-09,1.57900075237e-06,51,.0004093400372085,.0001878467770666
7.1,98,.0006576723903891,.0003283315286353,88,.0005927902841449,.0002978002860345,0,0,0,10,.0000648821062441,.0000305312426008
7.2,140,.0010529321024819,.0005157213832092,111,.0008612970673312,.0004264733892114,0,0,0,29,.0001916350351507,.0000892479939978
7.3,176,.0010367099974857,.0005194185908408,140,.000727986762513,.0003616203345587,2,1.34569624777e-07,.0000124956109175,34,.000308588665348,.0001453026453646
7.4,235,.0013781854655468,.0006898093642747,182,.0010259615490895,.0005121689917473,2,5.64026603200e-09,2.06808601888e-06,51,.0003522182761913,.0001755722865084
7.5,138,.0009478168906298,.0004648169597772,103,.0007032285915329,.0003506035833425,0,0,0,35,.0002445882990969,.0001142133764347
7.6,262,.0014249655690932,.0007194619373934,213,.0010660942231766,.0005375455101273,3,2.18650129113e-08,.0000103996819689,46,.0003588494809037,.0001715167452971
7.7,183,.0014536455504568,.0007379791780551,138,.0010443522006653,.0005417233199552,2,6.53848664101e-09,3.52880442733e-06,43,.0004092868113048,.0001927270536726
7.8,286,.0016287629595448,.0008180368001547,221,.0012948928066407,.0006490807344619,6,1.93287272854e-08,8.46186281933e-06,59,.0003338508241768,.0001604942028735
7.9,163,.0011161782900579,.0005667791879773,136,.0009482316169738,.0004760971154383,6,5.56516646100e-08,.0000107782321379,21,.0001678910214196,.0000799038404011
8,183,.0009018020169944,.0004588982225187,121,.0005804805884964,.0002899014560285,5,1.55224722409e-07,.0000164085093957,57,.0003211662037756,.0001525882570945
8.1,229,.0015750439542284,.000781135423324,180,.0011393267872108,.0005762232672737,2,4.23454582510e-09,1.55265809099e-06,47,.0004357129324717,.0002033594979594
8.199999999999999,219,.0012552453621015,.0006434245764098,180,.0010408556029802,.0005181143936142,8,1.22903002220e-07,.0000159288173336,31,.0002142668561191,.000109381365462
8.300000000000001,350,.0016288542889704,.0008271399816522,259,.0012137201963469,.0006061250759899,6,9.87403616648e-08,.0000172528659732,85,.0004150353522618,.0002037620396891
8.4,226,.0012817809429233,.0006409981427282,178,.0010237600063761,.0005181680955957,3,6.57866472409e-09,2.41216355334e-06,45,.0002580143578825,.0001204178835792
8.5,134,.0010289234365075,.0005271502345181,105,.0008702669623517,.0004380984315162,2,1.29773894741e-07,.0000120502986647,27,.0001585267002611,.0000770015043372
8.6,220,.0015535221189966,.0007812059180452,179,.0012140626143662,.0006149464807805,4,6.83822920511e-08,8.16284529037e-06,37,.0003393911223384,.0001580965919743
8.699999999999999,218,.0013588877440782,.0006941913105152,177,.0011245584870494,.0005669503505032,5,1.53552906612e-07,.0000155150233923,36,.0002341757041222,.0001117259366197
8.800000000000001,230,.0014986510101611,.0007745111919348,178,.0011363573301537,.0005801526407367,7,3.43792715185e-07,.0000320520861123,45,.0003619498872922,.0001623064650857
8.9,184,.0012963780043473,.0006506891783715,139,.0010187718968382,.0005131964597922,6,7.10378098567e-08,.0000108966174821,39,.0002775350696993,.0001265961010972
9,269,.0015718173357673,.0008025493421542,190,.0010748022172038,.0005457373557647,7,2.23649900377e-07,.0000211712546161,72,.0004967914686631,.0002356407317734
9.1,206,.0015524339654167,.0007711604683607,148,.0009180684317016,.0004599156205529,5,1.88397466516e-07,.0000177092596232,53,.0006341771362486,.0002935355881846
9.199999999999999,272,.0018110980513519,.0009018473338753,212,.0012966320949221,.0006545198229242,4,4.14990353192e-08,.0000127089722355,56,.0005144244573945,.0002346185387156
9.300000000000001,242,.0015236146479674,.0007708579231576,196,.0012533549871705,.000629582132774,7,9.06238164511e-08,.0000173965996737,39,.0002701690369804,.0001238791907099
9.4,259,.0014305167344413,.0007002434634273,209,.0009500985102022,.000471882734189,2,5.99231619880e-09,2.19717037453e-06,48,.0004804122319229,.0002261635588638
9.5,235,.0013316997550099,.0006669093695564,192,.0009981920593418,.0005117348358681,3,8.52075707769e-08,8.76368562786e-06,40,.0003334224880973,.0001464108480604
9.6,217,.0017289381491352,.0008556457056557,166,.0013426639927729,.0006709012824899,1,9.03727865875e-08,8.39166477817e-06,50,.0003861837835757,.0001763527583876
9.699999999999999,195,.0012926540648763,.0006428411462025,142,.0008919806002723,.0004545384019252,2,1.30975671198e-07,.0000121618913909,51,.0004005424889328,.0001761408528864
9.800000000000001,210,.0013280854766116,.0006712041925994,164,.0010681376046477,.0005450169289816,1,1.45361944703e-08,1.41124053243e-06,45,.0002599333357693,.0001247760230854
9.9,199,.0010305308618688,.0005326417070819,160,.0008217201761909,.0004188134022343,6,1.84952142934e-07,.0000186142115126,33,.000208625733535,.000095214093335
10,203,.0014682759933748,.0007229771009065,154,.0010429674659918,.0005254076458527,0,0,0,49,.0004253085273831,.0001975694550538
10.1,211,.0016106581388744,.0008415392558447,167,.0013506382937862,.0006866362294033,7,3.29677165567e-07,.0000374592158323,37,.0002596901679226,.0001174438106091
10.2,205,.0014975957339347,.0007607526590618,155,.0011646067863467,.0005895264650917,4,8.38077029996e-08,.0000110726969069,46,.000332905139885,.0001601534970632
10.3,246,.0014480735065421,.0007235195169244,174,.0009961185716065,.0005150357004879,4,6.29743839298e-08,6.11384245985e-06,68,.0004518919605516,.0002023699739766
10.4,187,.0012593253548214,.000654987268689,133,.0008134718677866,.0004118110724676,8,2.30765548892e-07,.0000283985642682,46,.000445622721486,.0002147776319532
10.5,217,.0019189852716863,.0009514254114151,176,.0014721948328997,.0007505008825888,0,0,0,41,.0004467904387866,.0002009245288264
10.6,204,.0013041634691886,.0006487588115647,154,.0009938262827518,.0005059326272203,6,5.59008581646e-08,7.41020488704e-06,44,.0003102812855786,.0001354159794573
10.7,227,.001266348428655,.0006435012460884,184,.0009911457076441,.0005137408078326,5,1.67343157109e-07,.0000157428081593,38,.0002750353778538,.0001140176300964
10.8,238,.0014629698940816,.0007540228800167,180,.0010140906042011,.0005313157737703,5,2.81542899216e-07,.0000262061951162,53,.0004485977469812,.0001965009111302
10.9,252,.0015426883129093,.000798086844668,196,.0012364586402782,.0006270930860524,11,3.30257037495e-07,.0000426655584533,45,.0003058994155936,.0001283282001623
11,199,.0013395648353849,.0006891150309229,145,.0009955796507484,.0005059812114041,7,2.50075382180e-07,.000026554182682,47,.0003437351092543,.0001565796368368
11.1,233,.0016160477250082,.0008511470250312,185,.0012318880742441,.0006341155708185,6,4.37151982169e-07,.0000405922314712,42,.0003837224987819,.0001764392227415
11.2,257,.0014021765300782,.0007184026796381,185,.0010279055895808,.0005281229908292,8,2.57356091993e-07,.0000302744240344,64,.0003740135844055,.0001600052647746
11.3,196,.0012710538333724,.0006436347329668,152,.0009645822259472,.0005054410377738,2,9.10753872319e-08,8.54340328260e-06,42,.000306380532038,.0001296502919104
11.4,197,.0011716088496525,.0005930756086912,163,.0009391178993496,.0004771829710819,3,8.09622731079e-08,8.41766734538e-06,31,.0002324099880298,.0001074749702639
11.5,259,.0014455227107923,.0007784337102894,205,.0011247305118758,.0005963662660893,10,4.98571065322e-07,.0000466491978841,44,.0003202936278512,.000135418246316
11.6,264,.0018739283378579,.0009849279210812,195,.0013619312688888,.0007041565588679,9,2.85987852067e-07,.0000480740152398,60,.000511711081117,.0002326973469735
11.7,173,.000918471137668,.0004863104108495,142,.0007815195068588,.0004084674110345,4,1.06317331827e-07,.0000206577237805,27,.0001368453134774,.0000571852760345
11.8,219,.0012599261042074,.0006516201971127,150,.0008801812055435,.0004507763549508,7,3.17558322527e-07,.0000306417052087,62,.0003794273403415,.0001702021369532
11.9,190,.0010433884222668,.0005662035969003,126,.0007459010955184,.0003908935766352,21,5.11023359490e-07,.0000475853619237,43,.0002969763033889,.0001277246583413
12,212,.0014179554566915,.000733870407057,160,.0010331878409282,.0005309472566886,6,3.99879603208e-07,.0000371312626157,46,.0003843677361601,.0001657918877527
12.1,397,.0013644892114963,.0006898240562632,241,.0009193861127894,.0004831446016094,7,6.55733702892e-08,.0000141056075069,149,.0004450375253366,.0001925738471469
12.2,272,.0014368192624055,.0007117149638312,189,.0010499177873697,.0005410834397477,1,5.73278846616e-08,5.32324474989e-06,82,.0003868441471511,.0001653082793336
12.3,216,.0011390428021025,.0005864410844367,154,.0007723624541995,.0004041210526395,9,2.49097475979e-07,.0000236425150888,53,.000366431250427,.0001586775167084
12.4,206,.001386360795113,.0006955590564246,160,.0010852537653818,.0005542403737593,4,3.60848009251e-07,9.52025629886e-06,42,.0003007461817219,.0001317984263665
12.5,218,.0014300657902488,.0007083479447374,161,.0010112595726923,.0005167944900393,3,4.97816365908e-08,4.83302994780e-06,54,.0004187564359199,.0001867204247503
12.6,203,.0014057872081819,.0007053687391476,154,.0009814239664365,.0005067845469853,4,1.31828710170e-07,.0000136755672884,45,.0004242314130352,.000184908624874
12.7,287,.0010219990846878,.000513968002311,191,.0007069792656011,.0003689456464153,9,1.06430605828e-07,.0000102712385353,87,.0003149133884808,.0001347511173604
12.8,238,.0013915760962414,.0007276747718405,160,.0009752731722301,.0005069322037343,29,3.34100038885e-07,.0000424333785558,49,.0004159688239724,.0001783091895504
12.9,236,.0014141588980143,.0007102455157764,166,.0010242907795828,.0005210138845513,8,2.86068043032e-07,.0000269448598829,62,.0003895820503885,.0001622867713422
13,255,.001877209884503,.0009290655033425,189,.0013573062558621,.0006808164823369,3,5.98136136176e-08,5.80698019803e-06,63,.0005198438150273,.0002424420408076
13.1,243,.0011200065433396,.0005789616876557,178,.0008274368265848,.0004351216019383,10,2.18650623954e-07,.0000207111628345,55,.0002923510661308,.0001231289228829
13.2,195,.0012511900359087,.0006368121245828,163,.0009913214532844,.0005136533695236,1,6.12692829804e-08,5.68922723687e-06,31,.0002598073133413,.0001174695278223
13.3,200,.0010578451327099,.0005300441518727,149,.0006968951248609,.000363433000274,1,2.20365343750e-08,8.08001732366e-06,50,.0003609279713146,.0001585311342751
13.4,249,.0016546599562322,.00085886084526,180,.0012517093012896,.0006487656347383,15,3.59979098974e-07,.0000408525766034,54,.0004025906758436,.0001692426339184
13.5,324,.0015067793990703,.0007751431103502,200,.0009802107755279,.0005106480273263,16,3.70860178692e-07,.0000345088262623,108,.0005261977633637,.0002299862567616
13.6,195,.0010322313662186,.0005151790930036,146,.000744549282798,.000383080666075,4,4.40985803707e-08,4.27103717282e-06,45,.0002876379848402,.0001278273897558
13.7,303,.0014174958878245,.0007123851042063,208,.0009458422552675,.0004837075130835,9,2.07435890617e-07,.0000209174229202,86,.0004714461966664,.0002077601682027
13.8,252,.0013978107459248,.0007142583029647,183,.0009669206352552,.0004950497736984,19,1.66276299673e-07,.0000320929991275,50,.0004307238343699,.0001871155301387
13.9,213,.0010349731915271,.0005342469095408,153,.0008207228447663,.0004228644582662,12,2.01850608172e-07,.0000208806364448,48,.0002140484961526,.0000905018148298
14,229,.0014209423288696,.0007283437620247,136,.0008654918079971,.000443053165466,17,3.49507731215e-07,.0000336881123815,76,.0005551010131413,.0002516024841772
14.1,235,.0012348310348317,.0006415177249144,164,.0009065809510824,.0004652845571331,8,7.30545103023e-08,.00002236493073,63,.0003281770292389,.0001538682370512
14.2,347,.0019326358408041,.0009768333578855,264,.0014586102367176,.0007570986997187,3,3.14319610339e-08,6.87165697855e-06,80,.0004739941721255,.0002128630011882
14.3,336,.0018397423537181,.0009329631270187,220,.0012261978133079,.000633302663207,8,1.90015757490e-07,.0000208541338127,108,.0006133545246527,.000278806329999
14.4,310,.0018485393054959,.0009370454561148,214,.0015292661655888,.0007731722433073,15,1.65380078312e-07,.0000235412752594,81,.0003191077598288,.0001403319375481
14.5,586,.0013176211966214,.0006918487416532,329,.0008651131089308,.0004492305731834,33,3.49470977809e-07,.0000381388234501,224,.0004521586167128,.0002044793450198
14.6,238,.0013010768090336,.0006393447505877,165,.0008514479669746,.0004440353180195,1,1.54055967982e-08,1.49564607455e-06,72,.0004496134364622,.0001938137864936
14.7,490,.0017905334664428,.0008881414248934,315,.0013320842878208,.0006717870263326,20,1.03783661942e-08,5.08199782256e-07,155,.0004584388002558,.0002158461987785
14.8,269,.0019325597114559,.0009668132087768,194,.0014064349277305,.0007136075268477,4,1.19523399178e-07,.0000113369667361,71,.0005260052603262,.000241868715193
14.9,643,.0012499524392946,.0006308297297961,408,.0009078701731835,.0004692378785158,16,7.09268733121e-08,.0000118668469722,219,.0003420113392378,.0001497250043081
15,486,.0012779273929575,.0006762059325989,294,.0008827165642176,.0004579074723918,31,4.37804526410e-07,.0000439622438684,161,.0003947730242135,.0001743362163387
15.1,330,.0016430010422566,.0008458127848152,230,.0012385840930156,.000634512569371,31,7.30931289661e-08,.00003039155439,69,.0004043438561121,.0001809086610542
15.2,244,.0009896503269506,.0005007397667796,155,.0006502689042316,.0003361592549544,22,1.18492525542e-07,.0000164870506101,67,.0003392629301935,.000148093461215
15.3,567,.0014259350790172,.0007349110711239,390,.0011370586877986,.000590301070114,36,2.21894073005e-07,.000020908997536,141,.0002886544971457,.0001237010034738
15.4,511,.0016951354588899,.0008299006176702,306,.0009410244762109,.0004841656753851,17,1.26459422746e-07,.0000120785745237,188,.0007539845232563,.0003336563677614
15.5,667,.0015993980170959,.0008318731057995,409,.0013555612832752,.0006910074112616,35,2.68380510274e-07,.0000402201087422,223,.0002435683533104,.0001006455857957
15.6,681,.0016346151706209,.00081530480377,381,.0012018091321311,.0006145085601164,20,6.44183846377e-07,.0000215860211759,280,.0004321618546435,.0001792102224778
15.7,392,.0019159544847933,.0010028603683683,249,.0014429933813771,.0007379230280069,35,4.11721228166e-07,.0000378420519249,108,.000472549382188,.0002270952884365
15.8,519,.0019916113257868,.0010298963512958,336,.0015000715107814,.0007714683029674,18,3.17872073580e-07,.0000415196690886,165,.0004912219429318,.0002169083792398
15.9,794,.0017925758833212,.0009115887805962,490,.0014054897621443,.00072040646155,67,1.28441597025e-07,.0000152983623982,237,.0003869576795799,.0001758839566479
16,2357,.0019179878189338,.0009766068854191,1451,.0014513354198233,.000742470485585,64,9.60288243082e-08,.000030113847385,842,.0004665563702861,.0002040225524491
16.1,763,.0019055816210999,.0009735034514038,472,.0014720868848865,.0007506265692121,80,1.81944007721e-07,.0000308242634715,211,.0004333127922056,.0001920526187202
16.2,355,.0015177575580453,.0007900906471838,200,.0010564082883042,.0005428976958508,47,2.90231804229e-07,.0000283370615444,108,.0004610590379368,.0002188558897886
16.3,722,.0017736628355732,.0008787815624243,422,.0011932083752271,.000616959728772,40,2.24825892001e-08,2.43967007840e-06,260,.0005804319777569,.0002593821635739
16.4,559,.0016713457605366,.0008554372805472,345,.0011814203996754,.000604746254147,37,1.93128305764e-07,.0000265959412795,177,.0004897322325554,.0002240950851207
16.5,1102,.0019540941893572,.0009946826605978,602,.0014027548736686,.0007170085046635,88,3.05193152972e-07,.0000370649962753,412,.0005510341225357,.000240609159659
16.6,1136,.0021381001035337,.0010892640760138,709,.0015632743257363,.0007936529901695,20,1.88376804979e-06,.0000424044780925,407,.0005729420097476,.0002532066077519
16.7,2639,.0022367242950059,.0011299513130122,1670,.0016173844664324,.0008240690947193,47,2.53494925284e-07,.0000249643513643,922,.0006190863336482,.0002809178669285
16.8,882,.0017866247848045,.0009157014325389,539,.001361494500721,.0007026978673397,53,2.64140954123e-07,.000025764050176,290,.0004248661431294,.0001872395150233
16.9,2562,.0017780946732094,.000892108777928,1605,.0012280161878893,.0006312566443124,32,3.19830863655e-07,.0000316943780262,925,.0005497586544565,.0002291577555894
17,1441,.0017697672466565,.0008890844868934,800,.001208820302264,.0006165544277539,65,3.19407155100e-07,.0000288248565459,576,.0005606275372374,.0002437052025936
17.1,3201,.0018554738773744,.000937875776624,2028,.0013449396364545,.0006857521480523,112,1.53238358985e-07,.0000297413543757,1061,.0005103810025608,.0002223822741959
17.2,2196,.0012393083741112,.0006176471504631,1376,.0010440149496049,.0005295505947509,112,7.64933064442e-08,7.39995238996e-06,708,.0001952169311998,.0000806966033222
17.3,1161,.0024668708825615,.0014458412557521,642,.0015982972020598,.0009136132878325,128,.0000149569180117,.0001377835597842,391,.00085361676249,.0003944444081354
17.4,4553,.0021340232342024,.0011038483999779,2903,.0017526304007545,.0008919493193069,129,3.40176422614e-07,.0000442781519077,1521,.0003810526570254,.0001676209287633
17.5,2884,.0019165571583002,.0010028978439123,1760,.0013543442056109,.0007008117497179,155,4.67104346633e-07,.0000492586877183,969,.0005617458483427,.000252827406476
17.6,1475,.0016676677012446,.0008358369412501,905,.0012485728076417,.0006277655071433,106,1.08352707001e-07,.0000220645447586,464,.0004189865408959,.0001860068893482
17.7,869,.0019296710329173,.0009860311178054,495,.0014301706995503,.0007280965941616,91,1.47729113158e-07,.0000199036887167,283,.0004993526042538,.000238030834927
17.8,1150,.0022254374573404,.0011154921502341,718,.0016843157219919,.0008570491634423,82,1.68611068593e-07,.0000172617523027,350,.0005409531242799,.0002411812344891
17.9,4461,.001651051903366,.0008242578979738,2752,.0011412654938698,.0005895654956047,189,1.96773045337e-07,.0000196140643305,1520,.0005095896364509,.0002150783380386
18,7070,.002209454529609,.0012366543715328,4452,.0014261929633184,.000791581445051,127,.0000148673903522,.0001139076525392,2491,.0007683941759384,.0003311652739426
18.1,4082,.0024959947452357,.0012939185336481,2457,.0016698366474807,.0008576546366342,162,4.26220245487e-06,.0000616708394396,1463,.0008218958953001,.0003745930575742
18.2,6441,.0025965785036634,.0013844787495121,4051,.0018464205238747,.0009665377591935,214,.0000102942289265,.0000853410362158,2176,.0007398637508622,.0003325999541027
18.3,2527,.0015231202211438,.0007750423293131,1488,.0011190735674562,.0005735877035545,160,2.86829949073e-07,.0000299036997773,879,.0004037598237385,.0001715509259813
18.4,5462,.0020405581295908,.0010487812526017,3314,.0016386707900369,.0008434004602087,308,1.73614538616e-06,.0000408759065814,1840,.0004001511941678,.0001645048858115
18.5,5479,.0028404147801557,.00153148128133,3243,.0019346249777173,.0009942960292798,236,.0000160812568878,.0001354815736487,2000,.0008897085455506,.0004017036784014
18.6,10666,.0021969990188583,.00127947121987,6590,.0015301128326337,.0008149442440092,314,.0000236328769282,.0001804467460871,3762,.0006432533092964,.0002840802297738
18.7,8697,.0020336828751562,.0010666926246239,5234,.0014624411546952,.0007689286810886,250,2.20501176071e-06,.0000582475407394,3213,.0005690367087003,.000239516402796
18.8,2509,.0024555250490102,.0012841364282286,1352,.0017675087808939,.0009043599854427,228,7.50385434479e-06,.0000769265321554,929,.0006805124137714,.0003028499106305
18.9,2849,.0024423548709667,.0013512676767181,1769,.0018735238590113,.0009677692473447,133,.0000112370061494,.0001323631376453,947,.000557594005806,.0002511352917281
19,11308,.0031088467675405,.0015888607415052,7058,.0020158023360588,.0010756986478132,279,5.01177795854e-06,.000041708095917,3971,.0010880326535232,.000471453997775
19.1,2908,.0022797501285986,.0013396698651457,1583,.0015447219007875,.000807892378336,275,.000027317178521,.0002253416255742,1050,.0007077110492901,.0003064358612355
19.2,4933,.0028959080588625,.0016444536779536,3012,.0020794923884442,.0011276540200054,329,.0000158058115279,.000165309244709,1592,.0008006098588904,.0003514904132392
19.3,6024,.0030520846510079,.0015672009864339,3762,.0024927262684512,.001276675605937,215,3.07592885715e-06,.0000528282844819,2047,.0005562824536995,.000237697096015
19.4,5194,.0019955288098185,.0010090065267812,3136,.0015647651754893,.0008113184321236,304,1.16820994027e-06,.0000207786825002,1754,.0004295954243889,.0001769094121574
19.5,8072,.0030909926315205,.0017015212907808,5061,.0022094401419809,.0011482783413377,357,.0000196090432762,.0001835324795998,2654,.0008619434462633,.0003697104698434
19.6,14293,.0032361947964009,.0016634083877791,8794,.0022404904701868,.0011724305138403,508,7.70402625406e-06,.0000737660616041,4991,.00098800029996,.0004172118123347
19.7,8254,.0022867002550021,.0012645068731351,5012,.0016341311312421,.0008560303383504,360,.000016360233171,.0001327891493856,2882,.0006362088905889,.0002756873853991
19.8,12254,.0023398860578873,.0014952034276893,7589,.0015693277821913,.0008365858114785,607,.0000380496390394,.0003307164319678,4058,.0007325086366565,.000327901184243
19.9,9907,.0027720413640427,.0014248748917431,6107,.0017345880692518,.00093117312347,348,1.02998803498e-06,.000039881521701,3452,.0010364233067559,.0004538202465722
20,10449,.0023876520296839,.0012233580673908,6292,.0018618614745775,.0009739164531371,499,2.19875111795e-06,.0000378125563965,3658,.0005235918039885,.0002116290578573
20.1,5109,.0021620678560732,.0010823238494247,2927,.0014328725758306,.0007425398318636,486,3.81562676816e-07,.0000317995916645,1696,.0007288137175658,.0003079844258965
20.2,12888,.0022113016732572,.0010908229702962,7999,.0016334504506684,.0008480970595685,510,3.09528641008e-07,.0000194563401692,4379,.0005775416939477,.0002232695705585
20.3,7541,.0021780877063207,.0011756769963793,4503,.0014521808993357,.0007831484518062,450,6.85724210422e-06,.0000775481650901,2588,.0007190495648808,.000314980379483
20.4,17959,.0033363827981733,.0016968280071641,11430,.0023279820413701,.0012147262024073,575,3.09681638959e-06,.0000844593661196,5954,.0010053039404136,.0003976424386372
20.5,9680,.0025226588281374,.0014436252766679,5635,.0018534571107294,.0010285744616199,512,.0000155477550742,.0001476228346478,3533,.0006536539623339,.0002674279804002
20.6,18548,.0025154450032156,.0013776373825738,11566,.0015858790223089,.000836284226325,652,.0000183150343711,.0001543397890338,6330,.0009112509465357,.000387013367215
20.7,14782,.003474839493915,.001836969039808,8871,.0023484712196451,.0012594147527706,788,.0000147750286416,.0001291692302716,5123,.0011115932456283,.0004483850567658
20.8,15796,.0030780822970141,.0015414586499057,9719,.0021450925266059,.0011450343541521,740,3.44543453258e-06,.0000481588718004,5337,.0009295443358757,.0003482654239532
20.9,16206,.00242327570791,.0011984358759712,9984,.0014999164918226,.000778882807017,603,5.20412473190e-07,.0000422439119052,5619,.0009228388036142,.000377309157049
21,11792,.0019305982040079,.001129807487031,6925,.0012561012040802,.0006899889095664,736,.0000191675297028,.0001860808141697,4131,.000655329470225,.0002537377632949
21.1,23062,.002930178401347,.0015999472294386,14456,.0019331424043194,.0010371769985942,751,.0000187850465788,.0001828050915762,7855,.0009782509504488,.0003799651392682
21.2,10455,.0017943560405055,.0009753239780934,5917,.001265904807604,.0006879751391538,860,5.62428107012e-06,.0000853962810481,3678,.0005228269518314,.0002019525578915
21.3,18221,.0032507831945378,.0018296564167971,10914,.0020609658495618,.0011054141060678,932,.000031275327943,.0002664809999248,6375,.001158542017033,.0004577613108045
21.4,12662,.00241763686691,.0013583364617122,7498,.0016826599211753,.0008961723320997,816,.0000192535988338,.0001841159317009,4348,.0007157233469008,.0002780481979117
21.5,19988,.0036519266789338,.001878680649009,12044,.002361135576515,.0012582264521803,877,.0000135003911334,.0001328112323411,7067,.0012772907112855,.0004876429644876
21.6,22169,.0037046648147122,.0019411184840699,13376,.0023933201457572,.0012842196611306,1092,.0000138699397349,.0001484360033109,7701,.00129747472922,.0005084628196284
21.7,30854,.0034200708262629,.0018583023393161,19252,.002260375215456,.0012404237659859,1062,.0000202793689664,.0002051100152349,10540,.0011394162418406,.0004127685580952
21.8,24454,.0029363347124692,.0014974384097648,14829,.0019064557761129,.0010224879202929,1241,8.28699051098e-07,.0000902003818209,8384,.0010290502373052,.0003847501076509
21.9,23618,.0030581702716023,.0016637842826033,14252,.0018416474401315,.0009894614496532,1203,.0000208558651604,.0002122297945982,8163,.0011956669663105,.0004620930383519
22,29506,.0034394848569713,.0020453124641091,18479,.0021891746126823,.0012233310138216,991,.0000411273797213,.0003522401837185,10036,.0012091828645677,.000469741266569
22.1,30143,.0038313537391026,.0021062925343223,18516,.0024635552373727,.00133862480601,1321,.0000307456028915,.0002834290851491,10306,.0013370528988383,.0004842386431632
22.2,27386,.0033436101130469,.0017472864324619,16496,.0020428719326476,.0011216589887748,1322,.0000119087473673,.0001316083667453,9568,.001288829433032,.0004940190769418
22.3,22509,.0035962445467445,.0021977838047735,13350,.0021729532087204,.0012097796104423,1389,.0000541509322468,.0004468993982606,7770,.0013691404057774,.0005411047960707
22.4,27083,.0038146183875642,.0021018702127424,16274,.0025343451923102,.001394989900501,1604,.0000242911451055,.0002352410913175,9205,.0012559820501485,.000471639220924
22.5,26289,.0034377954650644,.0019026751208436,15655,.0020914309284876,.0011383641925773,1379,.0000292146873003,.000272043244063,9255,.0013171498492766,.0004922676842032
22.6,26215,.0034423601558659,.0019335480064902,15805,.0020618942787165,.0011539048511214,1333,.0000327043389545,.0002982595759437,9077,.0013477615381949,.0004813835794251
22.7,28824,.0039229367479932,.0021402898879773,17466,.0023228691732893,.0013023100294801,1548,.0000262494332187,.000244670542997,9810,.0015738181414853,.0005933093155001
22.8,31890,.0038596936930366,.0024114229557227,19565,.0023777301403439,.0013488350408217,1644,.0000639002282738,.0005203314731009,10681,.001418063324419,.0005422564418
22.9,26050,.0030572216774102,.0019785547733457,15797,.0019045368574848,.0011383712957534,1512,.0000488790774386,.0004180076268634,8741,.0011038057424868,.0004221758507289
23,35599,.004306047356056,.0022988725127147,21856,.0027208180940392,.00152896799953,1611,.0000128968146521,.0001394790397377,12132,.0015723324473647,.000630425473447
23.1,40329,.0045374084145258,.0028285568587864,24981,.0026670270472954,.0014760522854715,1524,.0000878628380131,.0006978396738716,13824,.0017825185292173,.0006546648994433
23.2,25396,.0033198716238987,.0018687734334039,15104,.0018622732316859,.0010513004696942,1560,.0000239360592944,.0002394678341314,8732,.0014336623329183,.0005780051295783
23.3,22158,.0029126948457137,.0018340518505519,13067,.0017921048945602,.0009988483025959,1474,.0000510065864823,.0004345560726022,7617,.0010695833646712,.0004006474753538
23.4,31217,.0032244181235328,.0019835355805939,19342,.0020543310526311,.0011958831158929,1422,.000030419722367,.0003420469847319,10453,.0011396673485347,.000445605479969
23.5,31814,.0034222152742391,.0019980824303693,19406,.0021629415643939,.0012343792522962,1801,.0000299362543637,.0003091824909648,10607,.0012293374554815,.0004545206871083
23.6,32377,.0039445786192776,.0023951809326521,19282,.0021402744565256,.0012401667633287,1944,.0000478230978692,.0004699369216029,11151,.0017564810648827,.0006850772477204
23.7,33320,.0039385974530102,.0026433044324619,20480,.0024401481690633,.0014234147091696,1537,.0000865890795535,.0006928505970163,11303,.0014118602043933,.0005270391262761
23.8,40280,.0042197397011937,.0025813965550951,24463,.002565535874572,.0014427234332494,2122,.0000654959818123,.0005510587076034,13695,.0015887078448094,.0005876144142423
23.9,32735,.0046593908153526,.003089396596582,20405,.0029165802680425,.0016696058721068,1420,.0000946275987231,.0007651991488287,10910,.001648182948587,.0006545915756465
24,31613,.0042384065000778,.0027114758722508,19190,.0026435252510645,.0015343222749517,1774,.0000729832523758,.0005981958751361,10649,.0015218979966376,.000578957722163
24.1,27635,.0038854862199942,.0023824873078593,17052,.0023670861737805,.0013916513801923,1685,.0000486876348909,.0004353109387637,8898,.0014697124113228,.0005555249889033
24.2,42308,.0051655296213379,.0031954560844871,26157,.0032728027108818,.0018586727339808,2038,.0000814210844161,.0006736799516143,14113,.0018113058260399,.000663103398892
24.3,42047,.0049481389126516,.0035784372038636,25988,.0028335166882451,.0017078084386207,2186,.0001278362227549,.001009815873995,13873,.0019867860016516,.000860812891248
24.4,31308,.0044845872971402,.0027858293791268,18515,.00247447894517,.0014995607518581,2118,.0000568230281029,.0005067527092833,10675,.0019532853238673,.0007795159179854
24.5,32145,.0037008292730792,.0026482265990964,19092,.0023177118161891,.0014020340623473,2018,.0000897026459292,.0007376343238034,11035,.0012934148109609,.0005085582129457
24.6,48036,.0057773678168052,.0036178290730267,30317,.0034649775012008,.0020494451904071,1837,.0000932501966851,.0007518086036352,15882,.0022191401189193,.0008165752789843
24.7,40917,.0043613622828938,.0028978888118385,25497,.0025424476672022,.0015728447329687,2355,.0000780004379024,.0006437813861725,13065,.0017409141777891,.0006812626926973
24.8,36874,.0036402633295791,.0030139294484015,22442,.0021439324147271,.001512334703424,1975,.0001240559903791,.0009937189487474,12457,.0013722749244729,.0005078757962301
24.9,42578,.0044951381155719,.0025424784072649,26385,.0026618232959275,.0015447306453518,2314,.0000412671801659,.0003737769764926,13879,.0017920476394786,.0006239707854205
25,35321,.0037955139392638,.0024798537520822,21964,.0022852647765193,.0013571842882506,2156,.0000584217213166,.0005057198028264,11201,.0014518274414279,.0006169496610051
25.1,48744,.00513846753839,.0030603642589552,30714,.0030090594165018,.0017636796481338,2057,.000055681577368,.0004769011787523,15973,.0020737265445203,.000819783432069
25.2,33430,.0040502510415906,.0027371630421486,20453,.0025573513260042,.0014841786859285,2250,.0000889034134644,.000727227939747,10727,.001403996302122,.0005257564164731
25.3,49997,.0053245332548356,.0036017128476018,31508,.0032255375266652,.0019049857044845,2117,.0001128857645573,.0009069580979553,16372,.0019861099636131,.000789769045162
25.4,46104,.0039133796147866,.0033169480542397,29213,.0023276919742746,.0015492871724722,2347,.0001444789824019,.0011565144809297,14544,.0014412086581101,.0006111464008378
25.5,45043,.0040569519778083,.002992450866314,28181,.0022668559636984,.0014334782789076,2112,.0001151934630425,.000921139685724,14750,.0016749025510674,.0006378329016825
25.6,51381,.0044789777300837,.003094361167704,32090,.0026870181320677,.0017327525239637,2478,.0000876928228565,.0007364621100767,16813,.0017042667751594,.0006251465336636
25.7,55417,.0056983791325826,.0043521620490118,35068,.003503982110165,.0022623465681926,2013,.000159777810911,.0012658668192114,18336,.0020346192115066,.0008239486616078
25.8,44948,.0041817472094274,.0028282032562905,28666,.0024830851108114,.0014978063708139,2118,.0000890572000052,.0007328391157037,14164,.0016096048986107,.000597557769773
25.9,65168,.0064310362980979,.0036016963599936,42381,.0037960927669156,.0022475623913092,2170,.0000443217256253,.000394377245271,20617,.0025906218055569,.0009597567234134
26,42034,.003704391046079,.0024154273072945,26520,.0022667702501084,.0012697560728744,2262,.0000808262372251,.0006674206054422,13252,.0013567945587456,.0004782506289779
26.1,61417,.0052097703296646,.0035586266937098,40075,.0030936076154335,.0018890692188142,2394,.0001116150463603,.000899627568634,18948,.0020045476678707,.0007699299062616
26.2,65262,.0063579200448942,.0040423075527346,41460,.0040048906645059,.0023279706406591,2726,.0001125340232882,.0009221519183604,21076,.0022404953571,.0007921849937151
26.3,56572,.0046618067364729,.0033451220352534,36007,.0027557475240317,.001760177625117,2554,.0001118640800377,.0009154122355535,18011,.0017941951324034,.0006695321745829
26.4,71149,.0068630873476112,.0056949585746405,46032,.0038128027154775,.002437901233688,2627,.0002663922965944,.0021205998337843,22490,.0027838923355393,.0011364575071682
26.5,80232,.0065272035745288,.0044838928485444,52251,.0038472863101103,.0022529852579957,2682,.0001645793454405,.0013139582113572,25299,.0025153379189781,.0009169493791915
26.6,64199,.0046863259599724,.0028518676153853,41588,.0027817957766108,.001607348008319,2648,.0000694449818517,.0005887002565158,19963,.0018350852015099,.0006558193505505
26.7,73556,.0059352282162001,.0042113714057889,47906,.0036091242330366,.0022274876044019,2697,.0001489411065601,.0011891235290146,22953,.0021771628766034,.0007947602723724
26.8,72380,.0063200783804642,.0045658239133631,46994,.0037302797748291,.0022710984048344,2607,.0001738078396256,.0013679419348182,22779,.0024159907660095,.0009267835737105
26.9,74523,.0063708293487039,.0044632035362887,48379,.0038390443830187,.0021844916127156,2710,.0001715292643776,.0013510056657887,23434,.0023602557013076,.0009277062577845
27,58925,.0045896017536126,.0032723716911844,37951,.002701388673722,.0016424526719545,2592,.0001169199569013,.0009554382390661,18382,.0017712931229893,.0006744807801639
27.1,84847,.0061818727467914,.0048838014558497,56073,.0038085922386136,.002297666051577,2771,.0002310227945879,.0018220478018235,26003,.0021422577135899,.0007640876024491
27.2,50867,.0042569460399599,.0034298250330168,32512,.0026348923377276,.0016963922123947,2732,.0001441307169353,.0011683577094468,15623,.0014779229852969,.0005650751111753
27.3,74368,.0061143705823527,.0040052236695582,48443,.0036998193857229,.0022053336457458,2959,.0000971179011945,.0008221328247068,22966,.0023174332954352,.0009777571991057
27.4,77640,.0065423253210454,.004683993244253,51976,.003935515116512,.0023476183345403,2265,.0001608438271921,.0012720279712831,23399,.0024459663773413,.0010643469384296
27.5,69502,.0060566270243597,.0044701367034697,45438,.0038088789120848,.002426071626592,2422,.000150271641973,.0011835958225378,21642,.0020974764703019,.0008604692543399
27.6,67237,.0059113515357726,.0061448422501511,44359,.0036085933367374,.0026317950068316,2539,.0003593669290555,.002754044718949,20339,.0019433912699798,.0007590025243705
27.7,69177,.0054258399230837,.0046967738423331,45803,.0033453386865976,.0021384786919635,2321,.0002372707195867,.0018378901479399,21053,.0018432305168994,.0007204050024296
27.8,79740,.0057666708108308,.0052842506501844,52180,.0033236260110852,.0020865973540932,3295,.0003169441533372,.0024397081983037,24265,.0021261006464084,.0007579450977875
27.9,68811,.005269556527851,.0045341942550128,45336,.0032083245073644,.0021328498126987,2940,.0002123546411134,.0016565795846473,20535,.0018488773793731,.0007447648576668
28,70438,.0053763625739683,.0054990782321454,45917,.0031568213199137,.0021246178129534,2917,.0003342205931042,.002555986773995,21604,.0018853206609504,.000818473645197
28.1,81148,.0068495135104721,.0062123908904029,53529,.0041588158452478,.00305393148909,2922,.0002727806500251,.0021088093422298,24697,.0024179170151992,.0010496500590831
28.2,70737,.004906147232845,.0054759681377375,47122,.002875285544354,.0021011321544882,2695,.0003456276839407,.0026389497295594,20920,.0016852340045503,.00073588625369
28.3,66642,.0052688306979436,.0052249546223676,43879,.0033091003213315,.0023882724883139,2690,.000276115028073,.0021211830253502,20073,.0016836153485391,.0007154991087035
28.4,65273,.0045819367924859,.0038075057246909,43457,.0027266850051918,.0018103241314923,2961,.0001696094959912,.0013488490870242,18855,.001685642291303,.0006483325061745
28.5,69130,.0054471881772081,.0045179088920195,45276,.0032852262479236,.0021317583974831,2752,.0002004892017908,.001584571704042,21102,.0019614727274937,.0008015787904944
28.6,60948,.0059456226439177,.0060378312027966,40182,.0036424639337694,.0026102431541268,2364,.0003065708334973,.0024165060064049,18402,.001996587876651,.0010110820422649
28.7,86565,.0061101101783817,.004820017764846,58746,.0038272793879645,.0025273719161619,2866,.0001924975075989,.0014966250380649,24953,.0020903332828184,.0007960208106192
28.8,73131,.004992987765936,.0040913810584983,48326,.0031074688787687,.00192701020005,2816,.0001858437270694,.0014643204498246,21989,.0016996751600979,.0007000504086238
28.9,68569,.0050220902049548,.0054342641348619,45955,.0030031796008975,.002030598331372,2503,.0003396620701325,.0026053795390837,20111,.0016792485339248,.0007982862644062
29,77367,.0053736642873609,.0056464922382383,50052,.0031418945063591,.0020253244016403,3211,.0003710794595317,.0028881994674771,24104,.0018606903214702,.000732968369121
29.1,55315,.0051789488708527,.0067232079423832,36554,.0031886347289204,.002582879334614,2609,.0004429791735067,.0033631005732566,16152,.0015473349684256,.0007772280345126
29.2,87692,.0069131156195831,.0062632577166007,58479,.0039836730286106,.0025858760990613,3087,.0003357725283294,.0025768100575144,26126,.0025936700626432,.001100571560025
29.3,64628,.0040472757467903,.0045607619541312,42575,.002501899919549,.0017180578383436,2827,.0003011366836983,.0023071368585792,19226,.001244239143543,.0005355672572084
29.4,61730,.0049464237996648,.005385796570411,40651,.0032382108747491,.0024906073662201,2871,.0003097174441462,.002371048673503,18208,.0013984954807695,.0005241405306879
29.5,55362,.0044583093977193,.0050506333606592,36479,.0026684718599341,.0020201524147857,2820,.0002699238224927,.0020758192321652,16063,.0015199137152926,.0009546617137083
29.6,62522,.004542611857802,.0062488468712681,41067,.002726400540943,.0021845560263326,3237,.0004575878890632,.0034893414582259,18218,.0013586234277958,.0005749493867097
29.7,66576,.0047052374011693,.0048812834712879,44077,.0026819954307312,.0017994156149375,2917,.0002949534432975,.0022551735132655,19582,.0017282885271406,.0008266943430849
29.8,68761,.0048012285124815,.0058196954912643,45511,.002869585515927,.0019992718229593,3117,.000402880276451,.003065963069764,20133,.0015287627201035,.000754460598541
29.9,51882,.0038780673951869,.0049626126195376,33426,.0024400413288506,.0018412093258052,2839,.0003551171521741,.0027208595050529,15617,.0010829089141622,.0004005437886795
30,72116,.005622688581507,.007727082256107,47843,.0033762490308089,.0027710039057826,3108,.0005528890536693,.0041881445816075,21165,.0016935504970288,.0007679337687169
30.1,67221,.0049985636353483,.0068148798223402,44415,.0027802277556669,.0020523481371046,3428,.0005452551666507,.0041468313125151,19378,.0016730807130307,.0006157003727205
30.2,53417,.0043723029824392,.0067325513184782,34050,.0025226141166608,.0018617704058003,3182,.0005591300193697,.0042672833912776,16185,.0012905588464087,.0006034975214003
30.3,65634,.0047366708744183,.007096268912905,43751,.0024939437172149,.0018431231761606,2877,.0005551407925353,.0042031068648916,19006,.0016875863646681,.0010500388718527
30.4,62489,.0050552303704066,.0069919731352655,41673,.0029296744411607,.0023141710234962,3195,.0005117126389776,.0038855485520375,17621,.0016138432902684,.0007922535597317
30.5,47630,.0047825897812869,.0082995698509549,30838,.0028441917379964,.002787619832556,2753,.0006404985327591,.0048300781297606,14039,.0012978995105314,.0006818718886382
30.6,55869,.0056660141855574,.0086606471010318,37139,.0031495699623136,.0024135830667403,2946,.0006446022401435,.004866977861184,15784,.0018718419831003,.0013800861731075
30.7,48782,.0051372015274306,.0085675090564546,32102,.002873670230861,.0023499384275004,2365,.0006940531676814,.0052378428348171,14315,.0015694781288882,.0009797277941371
30.8,36260,.0045564962836823,.0080463938679654,22533,.0030935994270862,.0030809537090964,2620,.0005880600579979,.0044634719073043,11107,.0008748367985982,.0005019682515646
30.9,46939,.005024378679188,.0079987715659499,30371,.0025171917523952,.0020288758689459,3275,.0006583925680901,.0049762458228905,13293,.0018487943587027,.0009936498741135
31,45964,.0043922780130023,.0072915090578701,29858,.0026116234976742,.002274132329425,2948,.0005722507264414,.0043408214414983,13158,.0012084037888866,.0006765552869468
31.1,45457,.0041530895100262,.0064225642446806,29780,.0026127579866005,.0021021888667089,3002,.0005104150665583,.0038733024253474,12675,.0010299164568673,.0004470729526243
31.2,40934,.0042691961897231,.0068856557447763,26269,.0025334296410381,.0022125443615692,2755,.0005173126275642,.0039196234417154,11910,.0012184539211209,.0007534879414918
31.3,42842,.0047043182015314,.0077809811727659,27601,.0028707835715198,.0023286900380142,3147,.0006389406776891,.0048387312484915,12094,.0011945939523225,.0006135598862602
31.4,43580,.0053164335019293,.0112519359279478,28122,.0031368552175918,.0032394862838164,3030,.0009470665219254,.0071452307341817,12428,.0012325117624121,.0008672189099497
31.5,42750,.0051245204431089,.0087193348886181,27799,.0031258773863483,.002956336384913,2921,.0006221958141847,.004709308174401,12030,.0013764472425759,.0010536903293041
31.6,34612,.0041426592439143,.0073824553645027,21704,.0024021665016286,.0022218719255042,2851,.0006038196238722,.004566901604439,10057,.0011366731184135,.0005936818345595
31.7,35804,.0046817948105894,.009579426946826,22679,.0029873170965352,.0031242409119344,3145,.0007510393116425,.0056815147119964,9980,.0009434384024116,.0007736713228952
31.8,33612,.0041412745081708,.0080342235758263,21389,.0024071614667053,.0025746456522441,2594,.0006234911479285,.0047129592535863,9629,.0011106218935371,.0007466186699958
31.9,34879,.0033307205320625,.0058542275423622,22326,.0020453155205764,.0018272390336778,2635,.0004700134778308,.0035598624937667,9918,.0008153915336553,.0004671260149177
32,27233,.0032196556475128,.0060917490518734,16681,.0019036664617993,.0015358832945596,2614,.0005332220716629,.0040316114510067,7938,.0007827671140506,.0005242543063071
32.1,34031,.0042257252044397,.010375926963212,21284,.0021366841020736,.0022220890966246,3053,.0009760212657711,.0073493273440274,9694,.001113019836595,.00080451052256
32.2,31211,.0036532308113328,.0073378992409758,19560,.0021043603225704,.0019625579396416,2728,.0006287966491126,.0047545437158191,8923,.0009200738396498,.0006207975855152
32.3,37363,.0043188743792728,.0077251809817291,23881,.0027028546724788,.0026693340024344,3159,.0005833419409784,.0044145296352663,10323,.0010326777658156,.0006413173440283
32.4,27125,.0031118842331043,.0070363809209365,16337,.0018236618049836,.0019276058610964,2968,.0006303725113962,.0047596174963304,7820,.0006578499167245,.0003491575635097
32.5,23232,.0032234557459609,.0071857622586525,13604,.0018927305103089,.0019856565951464,3087,.0006106414841429,.0046273734765009,6541,.0007200837515091,.0005727321870052
32.6,39746,.0040983439251054,.0073405555901577,25689,.0024718427528652,.0025436988847906,2900,.0005471692003582,.0041356136237086,11157,.001079331971882,.0006612430816585
32.7,34170,.0026796475106198,.004190789852109,21417,.0015644913881135,.001219888082256,2915,.0003368290979962,.0025683773871249,9838,.0007783270245101,.0004025243827281
32.8,33920,.0033061529108983,.0053816231056329,21669,.0019388850588472,.0015548732111434,2913,.0004243218062468,.003225191000752,9338,.0009429460458044,.0006015588937374
32.9,26092,.0033478458111939,.0073284002782177,15757,.0018992396213403,.0021348697931718,2822,.0006063995543334,.004580374079623,7513,.0008422066355203,.000613156405423
33,23850,.0034206915807282,.007833303359116,13542,.0020953140963623,.002248339622046,3395,.0006743883825073,.0050954434353214,6913,.0006509891018587,.0004895203017486
33.1,24795,.0032817611037141,.0063468000297189,14731,.001927769920237,.0020757772304967,2788,.0004769839261048,.0036142687532177,7276,.0008770072573723,.0006567540460046
33.2,23186,.0028228506809852,.0056777343532525,13885,.0018140714236102,.0018145914198505,2672,.0004760750569283,.0036094002989142,6629,.0005327042004466,.0002537426344877
33.3,19378,.0030426411228988,.0070670839387179,10757,.0019121368148167,.0019153716711131,2969,.0006353862352195,.0048106017709365,5652,.0004951180728625,.0003411104966683
33.4,20470,.0024384719692822,.005653080436035,12015,.0014319366066591,.0013530563020811,2662,.0005113216940644,.003863036270763,5793,.0004952136685588,.0004369878631909
33.5,20961,.0026256322959827,.005958912076618,12051,.0013704093785181,.0013034124149011,2609,.0005573896325012,.0042065437285342,6301,.0006978332849634,.0004489559331826
33.6,23195,.0038499846570095,.0091560381318014,13700,.0022564286373554,.0026523019294012,2727,.0007839851572148,.0059069618536229,6768,.0008095708624393,.0005967743487773
33.7,19934,.0024478426624648,.0049667366512062,11530,.0015212950918598,.0013868365846304,2583,.0004336765113965,.0032858978586681,5821,.0004928710592085,.0002940022079077
33.8,17952,.0021662663953279,.0046419752041625,10541,.0013480664552147,.0013609691792763,2040,.000403243779628,.0030723111753849,5371,.0004149561604853,.0002086948495013
33.9,16149,.0022715389298349,.0044526249397092,8885,.0012667619871702,.0013389771319848,2233,.0003580714536797,.0027141044598363,5031,.0006467054889849,.0003995433478881
34,19232,.002255035010773,.0056773931538303,11020,.0011698013258752,.0011239993427998,2623,.0005410999315626,.0040880984454151,5589,.0005441337533352,.0004652953656154
34.1,18752,.002493595662226,.0056900324142749,10934,.0015366600035326,.0018051266634952,2296,.0004552724538305,.0034334226410546,5522,.0005016632048629,.000451483109725
34.2,18776,.0026163653619452,.007382079312936,10991,.0012830608741767,.0015681156451657,2392,.0006841682717024,.0051680695877182,5393,.0006491362160661,.0006458940800521
34.3,13772,.0019031096721988,.0043682299325356,7498,.0010629668300032,.0012583961758657,2236,.0003783676062206,.0028582178829022,4038,.000461775235975,.0002516158737678
34.4,17237,.0019296793773995,.0046937264958705,10031,.0009574446113345,.0010086069600956,2002,.0004562228275423,.0034436336098258,5204,.0005160119385227,.0002414859259491
34.5,15981,.0018893436567554,.0045121956014766,9030,.0011115487421263,.0012957970870458,2283,.0003894634972224,.002944428767938,4668,.0003883314174067,.0002719697464928
34.6,15227,.0018672260554061,.0034862056417132,8809,.0011079885736871,.001031546080642,1904,.0002943901582895,.0022260663601705,4514,.0004648473234294,.0002285932009007
34.7,13994,.0024490518471985,.0070103810269614,7903,.001346450692279,.0016500489749434,1983,.0006737189169214,.005059880090864,4108,.0004288822379981,.000300451961154
34.8,12752,.002127964658375,.0054612813302788,7106,.001209285526604,.0013339425673675,1914,.0004941635929037,.0037224350617547,3732,.0004245155388674,.0004049037011565
34.9,12252,.0020769518811649,.0046802153602273,6699,.0013136666857779,.0016099596258056,1805,.0003616882620157,.0027303384199546,3748,.0004015969333713,.0003399173144671
35,12087,.0026008771906019,.006698907394648,6742,.0013665629459928,.0016596118675368,1821,.0006046035231898,.0045538378883176,3524,.0006297107214193,.0004854576387936
35.1,12350,.0021126365531502,.0052656303816963,7156,.0011651605498653,.0012502061000964,1441,.0004788389480824,.0035966035638181,3753,.0004686370552025,.0004188207177818
35.2,10387,.0021412100969543,.0056960974729638,5686,.0011448633399148,.0013276750674117,1515,.0005342907667084,.0040138688343196,3186,.000462055990331,.0003545535712325
35.3,9743,.0017534014505212,.0041538913163677,5194,.0010873826293613,.0012210022710321,1703,.0003562001107584,.0026887979983253,2846,.0003098187104016,.0002440910470104
35.4,9619,.0014620749745174,.002963808800354,5599,.0008748397397355,.0008911439376716,1112,.0002353423020871,.0017746050268265,2908,.0003518929326949,.000298059835856
35.5,6785,.0012257997441415,.0030750835537598,3634,.0006283398854971,.0006622776198788,1172,.0002847192194872,.0021480517453439,1979,.0003127406391572,.0002647541885371
35.6,9140,.0028931894355595,.0066465112408425,4870,.0020958530154453,.0030630164598103,1602,.000425497455756,.0032085314014222,2668,.0003718389643581,.00037496337961
35.7,8787,.0016722961689237,.005082015417656,4575,.0008819607567019,.0010590568712346,1508,.0005023575715493,.0037863507416321,2704,.0002879778406726,.0002366078047892
35.8,6818,.0015525062515771,.0036043666943354,3317,.0007742880628231,.0009866047268781,1255,.0003015378126233,.0022693224590173,2246,.0004766803761307,.00034843950844
35.9,7913,.0011363763323437,.0024208317026666,4426,.0006338616900747,.0006268799876082,990,.0002108509308564,.0015980110234113,2497,.0002916637114125,.0001959406916471
36,7637,.0011137901244267,.0025582166194086,4174,.0006770041193523,.0008817124270661,1097,.0002010948462941,.0015227724468579,2366,.0002356911587802,.0001537317454847
36.1,6446,.0014581160983362,.0038302559907974,3377,.0008204028440373,.0008814832824182,1162,.0003563675311148,.0026779376281657,1907,.0002813457231841,.0002708350802135
36.2,6790,.0023467218221305,.0053450702495494,3607,.0016990391077902,.0022765927139571,1104,.0003733763514878,.002806397417309,2079,.0002743063628525,.0002620801182833
36.3,5855,.003260616194539,.0065015130602489,3163,.002773669240912,.0041329027301729,997,.0002999234737332,.0022531242958989,1695,.0001870234798937,.0001154860341772
36.4,7588,.0011381817322522,.0031531067454459,4024,.0005826999371797,.0007459255871552,1284,.0002829491597159,.0021305153416976,2280,.0002725326353565,.000276665816593
36.5,7100,.0013317039284281,.0032638917272053,3917,.0006932607040028,.0007003531148986,1034,.0002945178280427,.0022203982354855,2149,.0003439253963826,.0003431403768211
36.6,4918,.000549846765204,.0012289153428342,2665,.0003156572531132,.0003311159805142,780,.0001077364767346,.000818507056941,1473,.0001264530353562,.0000792923053791
36.7,5681,.0015586126076395,.0049718016128634,2828,.0007976828241223,.0010928065342127,1088,.0004759752743316,.0035712088107883,1765,.0002849545091856,.0003077862678623
36.8,5466,.0009758751562947,.0026462821485628,2880,.0005100521981789,.0006161981232546,929,.0002478599369904,.0018651313360942,1657,.0002179630211254,.0001649526892139
36.9,4248,.0013992376002639,.0036389959798615,2295,.0008480932287893,.0012103646111252,686,.000289099068179,.0021722267997382,1267,.0002620453032955,.0002564045689981
37,4720,.0012438146470931,.0032016337874294,2418,.0006342667758829,.0008176321092797,799,.0002736053903416,.0020607309307163,1503,.0003359424808687,.0003232707474333
37.1,4376,.0015982925289526,.0037829440103282,2339,.0011230763653854,.0016251994266625,631,.0002516642826532,.0018908033118495,1406,.0002235518809139,.0002669412718161
37.2,5696,.0019157556901985,.0050100403268103,3199,.001240635431067,.0017802282662813,808,.0003908920851614,.0029301213170585,1689,.0002842281739701,.0002996907434705
37.3,3287,.0011090823299942,.0033939640145114,1640,.000618109665933,.0008200099797901,654,.0003259992028985,.0024451496498576,993,.0001649734611626,.0001288043848636
37.4,3804,.0009362622477288,.001993254619894,2005,.0005052644714059,.0005220122081601,522,.0001442021359059,.0010883046387422,1277,.0002867956404171,.0003829377729917
37.5,3091,.0013431413955628,.0034751213741888,1627,.0008399388071694,.0011815317240031,488,.0002681986467669,.0020122759248227,976,.0002350039416266,.000281313725363
37.6,3384,.0011615519879275,.003363387433495,1798,.0006770435455349,.0007521112723101,492,.0003287801878827,.0024640391203442,1094,.0001557282545099,.0001472370408406
37.7,2288,.0008009845046576,.0021435502662854,1154,.0004947214801514,.0006089606403108,363,.0001891567234144,.0014177258253767,771,.0001171063010919,.0001168638005979
37.8,2568,.0011178268743795,.0038704533566355,1354,.0005522241503514,.0005629464082019,465,.00041568631747,.0031115780080713,749,.0001499164065581,.0001959289403624
37.9,2666,.0006173031899644,.002102548743866,1391,.0002153794703591,.0002414827036458,447,.0002266595235145,.0016987911738815,828,.0001752641960908,.0001622748663387
38,2674,.0004557266038825,.0012158725350562,1560,.0002252675511203,.0002092550094128,289,.0001226388083486,.0009200288977411,825,.0001078202444136,.0000865886279022
38.1,2678,.000519593089156,.0013967825326515,1488,.000269046583766,.0003327927792665,341,.0001258507988847,.0009467075146763,849,.0001246957065053,.0001172822387088
38.2,2298,.0009301703941569,.0025473056743488,1260,.0005328133546706,.0006722320199797,371,.0002186026055869,.0016385121068638,667,.0001787544338994,.0002365615475053
38.3,1798,.0004233499918695,.0008539767873589,968,.0002642823024754,.000249338497082,192,.0000741884691168,.0005610462664372,638,.0000848792202772,.0000435920238397
38.4,1612,.0005225169657718,.0012803861405168,927,.0002802046855489,.0002206343021148,187,.0001251233583644,.0009368430919341,498,.0001171889218585,.0001229087464679
38.5,2589,.000679695731854,.0017929208861527,1437,.0003899738713443,.0004261807759216,384,.0001660100807507,.001245429458923,768,.000123711779759,.000121310651308
38.6,2098,.0007275578208291,.0019822851235617,1151,.0003461786013483,.0004387414359551,333,.0001833299697563,.0013746176466158,614,.0001980492497244,.0001689260409907
38.7,1575,.0004876435710194,.0013776267842062,700,.0002302622022997,.0002357166854363,332,.0001293578648802,.0009713715292222,543,.0001280235038394,.0001705385695477
38.8,1975,.0007109700025281,.0020951549349293,1072,.0003931994102249,.0005270105469553,275,.0001883173001452,.0014101977604741,628,.0001294532921581,.0001579466274999
38.9,1869,.0008540479074538,.0027642807084127,1033,.0004085300847247,.0006276845880151,265,.0002451951338699,.0018359290659107,571,.0002003226888592,.0003006670544869
39,2357,.0004261963258487,.0008660937180518,1368,.0002227027475268,.000196870038484,219,.0000716716384852,.0005404315714574,770,.0001318219398367,.0001287921081103
39.1,1027,.0005465041896975,.0014936376031265,543,.0003096634663697,.0003278925715597,127,.0001396199744417,.001044962835494,357,.0000972207488861,.0001207821960727
39.2,936,.0005579717756725,.0017825109726344,406,.0002342812910281,.0003691504812946,230,.0001474550649823,.0011045920955892,300,.0001762354196622,.0003087683957506
39.3,1010,.0005767300133685,.0019325024435677,475,.000279787566364,.0003678528395061,221,.0001970590171591,.0014743656645366,314,.0000998834298453,.0000902839395249
39.4,1238,.0004674365351134,.0010719188847571,718,.0003313399599167,.0003485828467009,171,.0000879215520828,.0006593202870269,349,.0000481750231138,.0000640157510293
39.5,1681,.0002836894060606,.0007536278055373,955,.0001631779294859,.0001907953614164,208,.0000687790358265,.0005166386184712,518,.0000517324407481,.0000461938256497
39.6,1010,.0003041411825468,.000871228072812,472,.0001727485123024,.0001553608358826,211,.0000925963812754,.0006952359384182,327,.000038796288969,.0000206312985112
39.7,986,.0005225925130819,.0014030846525075,534,.0003392956122092,.0004342982539163,133,.000118971870772,.0008902544255192,319,.0000643250301007,.0000785319730721
39.8,833,.0002475377192434,.0007630209726515,424,.0001229482511271,.0001774270212986,167,.0000694622230506,.0005211739012156,242,.0000551272450657,.0000644200501372
39.9,892,.0002701857224531,.0009519797719928,424,.0000869784475821,.000122793444651,194,.0000964126397324,.000724338532871,274,.0000867946351386,.0001048477944707
40,789,.0003455776980923,.0012160421572635,399,.0001549301817803,.0002241768004225,174,.0001170095869925,.0008754390843142,216,.0000736379293196,.0001164262725267
40.1,885,.0003495582609743,.0007064213864183,503,.000271897009799,.000315068587416,116,.0000464778729552,.0003487604328565,266,.0000311833782201,.0000425923661458
40.2,1026,.0003954403426607,.0015722921229955,525,.0001832352524671,.0002530406358512,228,.0001674353269459,.0012531438182357,273,.0000447697632477,.0000661076689086
40.3,1063,.0003958525508435,.0012253413871204,588,.0002464261579167,.0003345016938445,170,.0001124909266014,.0008421447009388,305,.0000369354663254,.0000486949923371
40.4,899,.0002747367062418,.0008222026004099,434,.0001378298897796,.000150595899939,146,.0000801991449871,.0006008563319357,319,.000056707671475,.0000707503685351
40.5,1056,.000429721934204,.0018492537557508,559,.0001900305275595,.0002997938867775,184,.0001990219765915,.0014890932913794,313,.000040669430053,.000060366577594
40.6,1249,.00056104664551,.0015789163754958,599,.0002597029106037,.0003720496145918,247,.0001220667059286,.0009181536293408,403,.0001792770289777,.0002887131315632
40.7,669,.0003038965122928,.0010574448152825,311,.0001597839360481,.0001922544397803,121,.0001093614242105,.0008181886245917,237,.0000347511520342,.0000470017509104
40.8,862,.0002901154082249,.0010914494261187,370,.0001570281994043,.0002226221532564,205,.0001069276976358,.0008435887496643,287,.0000261595111848,.000025238523198
40.9,451,.0001658137953086,.0004920483507638,261,.0000877142249025,.0001225070358251,46,.0000408624565994,.000305793567146,144,.0000372371138067,.0000637477477927
41,754,.0002573532513593,.0011937022386594,400,.0001029441746825,.0001604798828643,143,.0001347643928807,.0010084534682058,211,.0000196446837961,.0000247688875894
41.1,338,.0002834757123486,.000731923314925,186,.0001887244718928,.0001867787464707,84,.0000685453391882,.0005153027123721,68,.0000262059012677,.0000298418560822
41.2,368,.0002430053575736,.0005969568024204,183,.0001498682279713,.0001239985965302,78,.0000552803051005,.0004136262728638,107,.0000378568245019,.0000593319330264
41.3,466,.0003694445966523,.0015893132855314,232,.0001537010149293,.0002166560210339,131,.0001738811438406,.0013003314314672,103,.0000418624378824,.0000723258330302
41.4,457,.0002728596152517,.0011386905288853,181,.0001041347706172,.0001412349470562,132,.0001248859250147,.0009341687138664,144,.0000438389196198,.0000632868679626
41.5,692,.000218948200023,.0006882914275754,354,.0001288667807775,.0001545097576672,127,.0000693038018776,.0005185502972602,211,.000020777617368,.000015231372648
41.6,705,.0001345017719801,.0002689104618012,418,.0001009992695931,.0000984191870861,48,.0000222799396511,.0001668878087373,239,.000011222562736,3.60346597783e-06
41.7,899,.0002205455098766,.0005880270457346,485,.0001046733740314,.0001498764581277,88,.0000424076706566,.0003175982952051,326,.0000734644651885,.0001205522924018
41.8,500,.0001401735180723,.0003467019912058,303,.000092737367364,.0000789239568724,38,.0000352697408154,.0002637992350982,159,.0000121664098929,3.97879923519e-06
41.9,344,.0001615967767488,.0004577688094414,178,.0001015613925004,.0000918195481403,50,.000047508751044,.0003554612577918,116,.0000125266332045,.0000104880035092
42,547,.0000780860700674,.000199849396564,284,.000046774513375,.0000381721287599,85,.0000202257928016,.0001521506142326,178,.0000110857638909,9.52665357157e-06
42.1,270,.0001134569871035,.0004961871942453,145,.0000519946843203,.0000524255526495,52,.0000592381429411,.0004430853014821,73,2.22415984208e-06,6.76340113692e-07
42.2,648,.0000809228822839,.0003490088789917,344,.0000310237993491,.0000312830092335,106,.0000417966617769,.0003135304982036,198,8.10242115801e-06,4.19537155461e-06
42.3,299,.0001818213421845,.0006689125257795,133,.000107747611751,.0001421765060594,93,.0000702547233229,.0005255747058293,73,3.81900711055e-06,1.16131389083e-06
42.4,146,.0000482025913347,.0002226674685084,72,.0000213953100388,.0000318746153747,44,.0000243149611661,.0001900349687314,30,2.49232012983e-06,7.57884402347e-07
42.5,188,.0000806000858966,.0003450435014587,90,.0000219178125125,.0000324989179958,49,.0000371752501356,.0002780790793357,49,.0000215070232485,.0000344655041271
42.6,201,.0000859740258315,.0002542631577258,110,.0000247312980877,.0000391110497133,26,.0000266509689646,.0001992520736769,65,.0000345917587792,.0000159000343356
42.7,73,.0001333011721318,.0004606371837514,28,.0000619207633417,.0000994308424502,27,.0000406033874089,.0003035793545925,18,.0000307770213812,.0000576269867087
42.8,159,.0001462049596701,.000383556591383,84,.0001103081102234,.0001455720025585,32,.0000310140607098,.0002318666172414,43,4.88278873689e-06,6.11797158312e-06
42.9,263,.0000236342918094,.0001179289003059,145,7.08422256945e-06,.0000103619718046,44,.0000140118379108,.0001050585384614,74,2.53823132912e-06,2.50839003990e-06
43,66,.0001185178843102,.0004955835819658,15,.0000572899264739,.0000797684404859,50,.0000536846456143,.0004013559292275,1,7.54331222197e-06,.0000144592122524
43.1,7,8.24283497991e-06,.0000318977574807,2,5.07925415150e-06,8.24626613394e-06,5,3.16358082841e-06,.0000236514913468,0,0,0
43.2,82,.0000181187004924,.0000133259785322,35,.0000140257931012,7.20582708524e-06,6,6.77230984653e-07,5.08148556122e-06,41,3.41567640660e-06,1.03866588574e-06
43.4,141,.0000353641645769,.0000881311939671,66,.0000241102794583,.0000242806711501,28,8.41064771222e-06,.0000629859287167,47,2.84323740640e-06,8.64594100314e-07
43.6,33,1.05301515285e-06,5.50706392488e-07,24,6.01796682265e-07,4.13496314078e-07,0,0,0,9,4.51218470587e-07,1.37210078410e-07
43.7,23,4.34435584414e-06,2.24320862374e-06,12,4.29842526373e-06,2.16823559196e-06,9,1.25364092718e-09,6.13873147870e-08,2,4.46769394813e-08,1.35857169958e-08
43.8,143,.0000311143784731,.0000599915209389,79,.0000235887928426,.0000292770438284,33,3.31124888076e-06,.0000249627292446,31,4.21433674980e-06,5.75174786599e-06
43.9,40,.0000116704321611,.0000387484337474,18,6.69383639273e-06,7.26430962361e-06,6,4.17881048520e-06,.0000312415272674,16,7.97785283169e-07,2.42596856381e-07
44,2,2.83992423533e-06,7.21894502931e-06,1,2.39426799453e-06,3.88713988286e-06,1,4.45656240800e-07,3.33180514644e-06,0,0,0
44.2,7,.0000747600506656,.0000357490257556,3,.000025937949431,.0000129662926156,0,0,0,4,.0000488221012347,.00002278273314
44.3,1,4.80474818687e-06,7.80060054240e-06,1,4.80474818687e-06,7.80060054240e-06,0,0,0,0,0,0
44.7,2,8.82139283931e-06,4.40978465122e-06,2,8.82139283931e-06,4.40978465122e-06,0,0,0,0,0,0
44.9,8,4.72160584408e-07,1.99073484275e-06,3,5.46470655394e-08,3.75481619130e-08,2,2.54629526353e-07,1.90365562958e-06,3,1.62883992516e-07,4.95310512605e-08
45,2,6.36501431472e-06,3.18184902426e-06,2,6.36501431472e-06,3.18184902426e-06,0,0,0,0,0,0
45.1,48,2.02033424423e-06,1.00938511860e-06,27,9.56241176908e-07,6.57036194340e-07,2,5.91229620817e-10,2.89508736984e-08,19,1.06350183771e-06,3.23398050561e-07
45.2,4,5.09259052706e-07,3.80731125915e-06,0,0,0,4,5.09259052706e-07,3.80731125915e-06,0,0,0
45.3,76,.0000172325619836,.0000381182370353,31,1.24995219863e-06,8.58845922380e-07,9,2.01925254471e-06,.000015187874153,36,.0000139633572402,.0000220715169599
45.7,7,.0000182133222211,.0000822536280793,1,9.21160881262e-06,.0000149552233779,6,9.00171340845e-06,.0000672984047014,0,0,0
45.8,161,5.82725148607e-06,.0000121221775133,78,1.86924198164e-06,1.28436177427e-06,34,1.30233416079e-06,.0000100302569912,49,2.65567534363e-06,8.07558747873e-07
46.1,2,8.36031654217e-06,.0000317797239404,0,0,0,1,2.83386566480e-06,.0000211864826269,1,5.52645087737e-06,.0000105932413135
