temp,no_wgt_comm,adj_sample_wgt_comm,no_wgt_low,adj_sample_wgt_low,no_wgt_ag,adj_sample_wgt_ag,no_wgt_nonag,adj_sample_wgt_nonag
12.4,1,4.06570234190e-06,0,0,1,4.06570234190e-06,0,0
15.6,1,5.78036770094e-06,0,0,1,5.78036770094e-06,0,0
16.6,5,.0000228262661039,0,0,5,.0000228262661039,0,0
17.3,23,.0004517304440697,13,.0002597033539473,10,.0001920270901223,0,0
18,19,.0003493948652249,10,.0001572871678945,9,.0001921076973304,0,0
18.1,9,.0000671864381161,0,0,8,.0000503332175299,1,.0000168532205862
18.2,18,.0001982113722079,4,.0000667333729325,14,.0001314779992754,0,0
18.4,3,.0000344232391853,1,.0000165765741258,2,.0000178466650596,0,0
18.5,27,.0002053985684825,0,0,27,.0002053985684825,0,0
18.6,40,.0003921097559783,7,.0000496758111694,30,.000305220307439,3,.0000372136373699
18.7,7,.0000550220293007,2,.0000238276652453,4,.000024414805921,1,6.77955813444e-06
18.8,14,.0001218411407535,2,.0000244154252869,11,.0000942173460317,1,3.20836943501e-06
18.9,20,.0001845150918598,6,.000043880683279,14,.0001406344085808,0,0
19,19,.000171045856348,7,.0001073124385584,12,.0000637334177895,0,0
19.1,16,.0003668309909699,2,.0000167704038176,14,.0003500605871523,0,0
19.2,21,.0003815074596787,11,.0001688578029189,9,.0001984307475595,1,.0000142189092003
19.3,4,.0000572594949517,2,.0000206133740903,2,.0000366461208614,0,0
19.4,3,.0000226154679694,2,.0000104183618532,1,.0000121971061162,0,0
19.5,17,.0002997730616698,2,.0000506727883476,15,.0002491002733223,0,0
19.6,11,.0001005331469059,1,4.59636430605e-06,10,.0000959367825999,0,0
19.7,51,.0002746436563257,5,.000049920281981,41,.0002095185325288,5,.0000152048418158
19.8,40,.0005892344531162,3,.0000470917034363,32,.000484922673877,5,.0000572200758029
19.9,3,.0000915433483897,2,.0000833910853544,1,8.15226303530e-06,0,0
20,5,.0000621713033979,3,.0000382853031624,2,.0000238860002355,0,0
20.3,12,.0001621668897087,8,.0000763136690125,4,.0000858532206962,0,0
20.4,1,.0000303213000734,0,0,1,.0000303213000734,0,0
20.5,28,.0003182142869491,11,.0001227286119274,17,.0001954856750217,0,0
20.6,20,.00025909473095,0,0,19,.0002332391626396,1,.0000258555683104
20.7,15,.0002570644502384,3,.0000703100439523,12,.0001867544062861,0,0
20.8,7,.0000781959156484,3,.0000389158403777,4,.0000392800752707,0,0
21,31,.0003149954104629,3,.0000752434207243,28,.0002397519897386,0,0
21.1,6,.0002682136764633,1,.0000328054447891,5,.0002354082316742,0,0
21.2,11,.0000973682643917,3,.0000318858878927,8,.0000654823764989,0,0
21.3,33,.0004728553039968,5,.000057877036852,27,.0003988314183516,1,.0000161468487931
21.4,13,.0002573174861027,1,.0000170481071109,12,.0002402693789918,0,0
21.5,16,.0001737887976105,2,5.62914169677e-06,14,.0001681596559138,0,0
21.6,11,.0002222459515906,1,.0000319969003613,9,.0001704185015114,1,.0000198305497179
21.7,11,.0003127233921987,1,.0000588642978983,10,.0002538590943004,0,0
21.9,17,.0002743399754763,1,7.58483247409e-06,14,.0002576532738203,2,9.10186918190e-06
22,52,.0006910143374625,9,.000104572777218,37,.0005230929696154,6,.0000633485906292
22.1,27,.0004047953707413,3,.0000173442858795,24,.0003874510848618,0,0
22.2,19,.0002059886214738,6,.0000339804319083,11,.0001436515080968,2,.0000283566814687
22.3,67,.0008465705709568,21,.0001257193493984,41,.0006910839167631,5,.0000297673047953
22.4,38,.0004039047016704,10,.0001029612560615,28,.0003009434456089,0,0
22.5,44,.0004089539261258,5,.0000251352900023,37,.0003673277946064,2,.0000164908415172
22.6,39,.0004572849949795,3,.0000459408433926,36,.0004113441515869,0,0
22.7,36,.0004603096022038,13,.0001322419147982,23,.0003280676874056,0,0
22.8,54,.0009806585771912,7,.0001364336512779,45,.0008162668614204,2,.0000279580644929
22.9,50,.0008856147356937,8,.0002231065531078,39,.000621093525524,3,.000041414657062
23,36,.0004442002423275,13,.0001264489944788,15,.0001566981725318,8,.0001610530753169
23.1,55,.0011950118573623,3,.0000668090306135,52,.0011282028267487,0,0
23.2,18,.00043119874681,2,.0000691230379744,15,.0002956865027954,1,.0000663892060402
23.3,56,.0007196052521294,8,.0000707587731767,48,.0006488464789527,0,0
23.4,32,.000648742717658,9,.0001649064734011,17,.0003811287388089,6,.0001027075054481
23.5,41,.0005259911210942,8,.000122102491332,32,.0003734253848506,1,.0000304632449115
23.6,66,.0008379294574752,8,.0001254310650438,55,.0006040146738542,3,.0001084837185772
23.7,125,.0013621376178889,22,.0002218489030383,99,.0011106873088238,4,.0000296014060268
23.8,74,.0009174763225701,10,.0000434655082699,57,.0008325503733886,7,.0000414604409116
23.9,64,.001545903189708,7,.0001899549956761,52,.0012132123538322,5,.0001427358401997
24,92,.0012196002330143,17,.000222971677772,73,.0009321139887675,2,.0000645145664748
24.1,56,.0008748449026257,12,.00023012230929,42,.0006164558872683,2,.0000282667060674
24.2,92,.0012637331412861,20,.0001989429424611,69,.0010381814142875,3,.0000266087845375
24.3,120,.0022641451545553,23,.0003005022322498,85,.0016416865098563,12,.0003219564124493
24.4,107,.0011243640876728,35,.0003231664103396,61,.0007168439016141,11,.0000843537757191
24.5,100,.0015809134897609,23,.0003016877403752,69,.0011456718539193,8,.0001335538954663
24.6,121,.0016106569925114,29,.0003493037421549,87,.0011948275800933,5,.0000665256702632
24.7,134,.0014987689322652,27,.0003968752231458,97,.0009934725665062,10,.0001084211426132
24.8,178,.0024460325093969,68,.0008075756277321,107,.0015896123304628,3,.0000488445512019
24.9,52,.0006695637312077,13,.0001514495274932,38,.0005173556851332,1,7.58518581279e-07
25,58,.0011988452449714,10,.0002243266210371,36,.0007387694990939,12,.0002357491248404
25.1,80,.0011587592410365,25,.0002358622528504,43,.0007054469649574,12,.0002174500232286
25.2,66,.0014245352454623,17,.0002355399167868,45,.0011347906786341,4,.0000542046500414
25.3,115,.0019618473357923,19,.0003392146090846,92,.0014465842838263,4,.0001760484428814
25.4,149,.0027364982415747,42,.0006415184511752,88,.0018531927457843,19,.0002417870446152
25.5,127,.001990185838423,40,.0004189138969366,81,.001477701219585,6,.0000935707219014
25.6,88,.0018052401010209,30,.0006352938091823,57,.0011188322821454,1,.0000511140096933
25.7,173,.0032097595736786,54,.0008586151382701,96,.0020552499603355,23,.0002958944750731
25.8,85,.0015243637981825,23,.0003235764179408,55,.0011382322205122,7,.0000625551597295
25.9,53,.0010246629958601,25,.0004195601331958,26,.0005586179227066,2,.0000464849399577
26,70,.0010934506454987,3,.0000650392161106,67,.0010284114293881,0,0
26.1,129,.002023958079576,34,.0004667557822131,89,.001429242275151,6,.0001279600222119
26.2,97,.0018384252259693,15,.0003783959570001,80,.0014370230520626,2,.0000230062169067
26.3,104,.0020728105091621,41,.0006223106893231,62,.0014276231740951,1,.000022876645744
26.4,267,.0046049017136625,60,.0008799979949004,196,.0034331450343643,11,.0002917586843978
26.5,134,.0025634634799303,25,.0003457218542735,103,.0021119683158872,6,.0001057733097696
26.6,89,.0010998549166175,20,.0001866380027877,65,.0008809749230636,4,.0000322419907661
26.7,154,.0026098506060066,41,.0005939183143937,106,.0019097162652884,7,.0001062160263245
26.8,173,.0029797802817484,42,.0005586789195888,123,.0022334753075768,8,.0001876260545828
26.9,156,.0026514874771237,22,.0002091524518875,125,.0022038513690603,9,.000238483656176
27,106,.0019949219125692,20,.000364317236631,78,.0014950065217363,8,.0001355981542019
27.1,162,.0035812995860738,32,.0005467131999808,126,.0029733458632109,4,.0000612405228821
27.2,168,.0025648515093337,45,.0006608940410615,111,.0018464687043718,12,.0000574887639004
27.3,137,.002054691349997,34,.000447897286449,87,.0012376273298287,16,.0003691667337193
27.4,145,.0030235794406792,45,.0004780466769603,87,.0020694804094035,13,.0004760523543155
27.5,169,.0030935728171926,59,.000901177392393,97,.0019307036727696,13,.0002616917520299
27.6,306,.006448871102009,87,.0016588205479025,211,.0046382126610069,8,.0001518378930996
27.7,191,.0039912646630853,34,.0007604611375882,147,.0030580299181509,10,.0001727736073462
27.8,236,.0047801771356717,39,.0006316062996348,194,.0040870831879829,3,.000061487648054
27.9,228,.0038897725453921,62,.0009337035368731,155,.0027315299076918,11,.0002245391008273
28,349,.0056482033077714,102,.0009948503570172,230,.0043137088781577,17,.0003396440725965
28.1,328,.0059396727291841,116,.0019702223731173,187,.0035161957376033,25,.0004532546184635
28.2,329,.0060799750533533,79,.0013375647770317,231,.0044632159461173,19,.0002791943302043
28.3,267,.0053453728234558,64,.0014877657621923,191,.0035615318477085,12,.000296075213555
28.4,202,.0030719404779802,48,.0007787644806854,149,.0021769983814579,5,.0001161776158369
28.5,265,.0036715342934031,74,.0008351379544251,177,.0025788286235979,14,.00025756771538
28.6,275,.0062165033267547,49,.0016145539831314,207,.0039578408307079,19,.0006441085129154
28.7,202,.0037255927611852,63,.0010874829668666,128,.0024787553022207,11,.0001593544920979
28.8,165,.0032084295489341,31,.0006183255087535,129,.0023912293321047,5,.0001988747080759
28.9,187,.0058217253230168,38,.001006279278954,138,.0043847715159018,11,.000430674528161
29,303,.0057474913629108,55,.0007672045267668,239,.0047885335607134,9,.0001917532754305
29.1,408,.0083892305738686,111,.0022087803289992,271,.0057245310279086,26,.0004559192169609
29.2,315,.0056925373519192,61,.0010465708708125,241,.0043340977838255,13,.0003118686972812
29.3,281,.0049988430884795,73,.0009099075356716,190,.0038862543797578,18,.0002026811730502
29.4,279,.0059427507694636,64,.0018915401068398,211,.0039972089426783,4,.0000540017199455
29.5,250,.0057878774438223,53,.0014372964242284,172,.0034818755958668,25,.0008687054237271
29.6,472,.0078880965465373,139,.0017764478287177,319,.0059094898931562,14,.0002021588246635
29.7,299,.0050641564658918,49,.0008194034853659,233,.0038069181185847,17,.0004378348619412
29.8,416,.0067712207264918,71,.0011286745800589,316,.0052050386459683,29,.0004375075004646
29.9,340,.005949507762125,82,.0013277685925459,255,.0045863244290558,3,.0000354147405233
30,435,.0098577719081163,101,.0023733284658647,315,.0071472071205676,19,.000337236321684
30.1,407,.0084280915004342,82,.0013147781359066,316,.0070434839565792,9,.0000698294079484
30.2,450,.0087781768704502,74,.0012596373824181,357,.0072266007750699,19,.0002919387129623
30.3,393,.0093300613335714,73,.0012130114396314,296,.007178150544064,24,.000938899349876
30.4,469,.0089060330432744,112,.001829427828568,339,.0066132815092033,18,.0004633237055032
30.5,570,.0119154824031966,152,.0031823548051193,400,.0082854222711717,18,.0004477053269056
30.6,489,.0116390071805768,98,.0018245660819503,367,.0083379648388586,24,.0014764762597679
30.7,439,.0118832135169669,89,.0020476290246734,327,.0089773553283976,23,.0008582291638959
30.8,550,.0116973862615737,159,.0036612829699152,372,.0076037069340487,19,.0004323963576098
30.9,566,.0108128653219808,131,.0016758422587486,407,.0085132023023107,28,.0006238207609215
31,443,.0101037238337653,100,.0021803485192322,325,.0073968243719378,18,.0005265509425953
31.1,437,.0085599518718595,105,.0017596969014448,319,.0065955275977672,13,.0002047273726475
31.2,529,.0095075427354345,122,.0021374357835953,372,.0066875523627914,35,.0006825545890479
31.3,539,.010653803440448,113,.0019946804493998,401,.0082611008228923,25,.0003980221681559
31.4,816,.0171280227496595,218,.0039673762553321,553,.012250518379517,45,.0009101281148105
31.5,605,.0125097488568144,161,.0032682680941321,399,.0080436349930437,45,.0011978457696387
31.6,551,.0105412264093161,130,.0023626175420191,402,.0078071063020388,19,.0003715025652582
31.7,713,.0145749346705202,159,.0039031590399077,506,.0097120044240455,48,.000959771206567
31.8,506,.0120245333388311,164,.0032503783654647,316,.0080617919899169,26,.0007123629834496
31.9,408,.0083064844473029,118,.0018444699391011,273,.0060750201177768,17,.0003869943904249
32,432,.0087228032373048,73,.0013311647171577,336,.0068946561028156,23,.0004969824173315
32.1,844,.01619110462957,193,.0027197446199807,603,.0126285726353785,48,.0008427873742107
32.2,461,.0108641412359134,101,.0020967936722514,332,.0081319926753167,28,.0006353548883453
32.3,526,.011217429233227,172,.003101662162976,330,.0075420424048502,24,.0005737246654007
32.4,512,.0107981926367984,104,.0024059999267365,396,.0081522136664489,12,.0002399790436129
32.5,509,.0110289321157779,119,.0024504887858825,371,.0078942856081881,19,.0006841577217074
32.6,447,.0107298381850995,122,.0030653990791478,292,.007074961154558,33,.0005894779513937
32.7,302,.0055490029871805,70,.0009373847685481,223,.004348808839552,9,.0002628093790804
32.8,321,.0073336430434949,73,.0012951722163734,226,.0054816281875958,22,.0005568426395257
32.9,479,.0113266409847483,121,.0028231511074637,334,.0078413615608497,24,.000662128316435
33,524,.012156215836967,108,.0028759095999931,384,.0087194788042098,32,.0005608274327642
33.1,537,.0095201806002763,164,.0026654916480027,341,.0061650482765003,32,.0006896406757733
33.2,352,.0084301803545941,77,.0021539437764204,265,.006154731831316,10,.0001215047468577
33.3,487,.0108714832472288,133,.0023024291328966,331,.0082158419080542,23,.0003532122062779
33.4,383,.0086758939700076,98,.0014966894468671,262,.0066114627976503,23,.0005677417254901
33.5,434,.009051572443127,77,.0014273021134841,340,.0072089155489721,17,.0004153547806709
33.6,607,.0144643032629119,146,.0036846288230663,435,.0101435268709338,26,.0006361475689118
33.7,334,.0073195708280878,84,.001456959800862,238,.0056046742179774,12,.0002579368092483
33.8,304,.0069636161003643,66,.0016176045862437,229,.0052139711139034,9,.0001320404002172
33.9,352,.0066281768091585,106,.0016710440207817,227,.00462742007835,19,.0003297127100268
34,455,.0088284165647678,92,.0012424309459789,339,.0069968095009472,24,.0005891761178418
34.1,439,.0089892653775223,117,.0025002857519212,295,.0058890821776458,27,.0005998974479553
34.2,548,.0119701638391234,106,.0022349305345415,413,.0088526306162748,29,.0008826026883071
34.3,267,.0067971660964758,72,.0017451400885875,186,.0048922472670938,9,.0001597787407945
34.4,335,.0072309266131896,75,.0012322009092003,254,.0059011523902655,6,.0000975733137238
34.5,309,.0071042611316443,87,.0017711270155587,202,.0050359596522185,20,.0002971744638671
34.6,265,.0050267133898387,71,.0011141214617396,187,.0038057357283492,7,.0001068561997499
34.7,531,.0113942591217437,148,.0023674025195817,364,.0087202968169038,19,.0003065597852583
34.8,401,.0086950487158219,93,.001751131841047,283,.0063927581244343,25,.0005511587503406
34.9,328,.0074238465404051,93,.002318458856621,220,.0046775031988773,15,.0004278844849068
35,536,.0107133578009808,127,.0023655514256831,372,.0078230967422428,37,.000524709633055
35.1,435,.0083258960921739,112,.0016068520140493,300,.00619775565184,23,.0005212884262846
35.2,370,.0091272525710906,75,.001828045576417,280,.0069157050413082,15,.0003835019533653
35.3,282,.0065274339468715,60,.0016346471184079,202,.00460653876587,20,.0002862480625936
35.4,217,.0044887095132538,65,.0010836308955504,135,.0030439429866931,17,.0003611356310103
35.5,263,.0048230826339477,55,.000827549200153,191,.003683032960339,17,.0003125004734557
35.6,340,.0110247384781132,114,.0049914680495249,207,.0055059356875518,19,.0005273347410366
35.7,431,.0082904934069461,104,.0014991945470797,309,.0065015273356721,18,.0002897715241943
35.8,220,.0057035718068619,57,.0014653703165095,151,.0039015065576677,12,.0003366949326846
35.9,171,.0036413172032326,44,.0007271961001152,115,.0027258327783102,12,.0001882883248072
36,182,.0040672687543974,59,.0013180136102164,114,.0025989809525981,9,.0001502741915829
36.1,296,.006115903424984,81,.0011266425843814,196,.0046124188490921,19,.0003768419915104
36.2,219,.0087159202162184,73,.0035325836702214,133,.0048321181193387,13,.0003512184266583
36.3,247,.0108242581456466,100,.0068408751586162,139,.0038818832623519,8,.0001014997246784
36.4,273,.0051400850354639,66,.0010962276235205,186,.0036606539275681,21,.0003832034843754
36.5,247,.0051160565494968,49,.0008421715893405,181,.0038103356896215,17,.0004635492705347
36.6,98,.0018734884072273,24,.0004074117323398,70,.0013915654346874,4,.0000745112402001
36.7,360,.0083075677430315,89,.0017055415057712,249,.0061619034497653,22,.0004401227874951
36.8,202,.0042623358344258,48,.0008639170016522,144,.0032072889347887,10,.0001911298979849
36.9,214,.0060214985987841,56,.0019497905714161,151,.0037427751312862,7,.0003289328960818
37,190,.005177784416901,57,.001223999260219,117,.0035408842863944,16,.0004129008702876
37.1,242,.0062989363239012,67,.0026392197790983,162,.0032572007177123,13,.0004025158270906
37.2,277,.0083513069353103,50,.0028743316511282,212,.0050612768527571,15,.000415698431425
37.3,235,.005627084269463,57,.001263101684799,172,.0042205855349948,6,.0001433970496691
37.4,135,.0031133474940361,36,.000649012632266,68,.0018659038062196,31,.0005984310555505
37.5,178,.0057753058347885,42,.0018836652618575,123,.0034722794708273,13,.0004193611021037
37.6,208,.0054665526440374,49,.00100921263288,150,.0042572047620695,9,.0002001352490879
37.7,156,.0035028890930562,41,.00089041565343,106,.0024492636042623,9,.0001632098353639
37.8,280,.0063914556823192,46,.0007031956341734,223,.005383686894902,11,.0003045731532438
37.9,125,.0034566615045151,19,.0003244112197081,100,.0029348676882819,6,.0001973825965251
38,101,.0019115240955898,23,.0002239499249299,71,.0015877012606325,7,.0000998729100274
38.1,126,.0022593641637059,34,.000473207783898,86,.0016288556877271,6,.0001573006920808
38.2,215,.0041942266208252,57,.0009976309372632,147,.002830510480976,11,.000366085202586
38.3,80,.0012648440985004,19,.0002808437694739,58,.000959671432156,3,.0000243288968704
38.4,101,.0019811506113001,19,.0001912567247473,76,.0016204363043926,6,.0001694575821602
38.5,138,.0028763443842763,37,.0005663677795837,93,.0021494033819636,8,.000160573222729
38.6,140,.0032117095616968,33,.0006529303765319,102,.002373641073973,5,.0001851381111919
38.7,83,.0022379832751085,14,.0002954254173346,60,.0016743947473969,9,.0002681631103769
38.8,176,.003490390207844,49,.0008149058490687,118,.0024387805828212,9,.0002367037759541
38.9,173,.0047119282656638,43,.0010469889410558,117,.0031754304516198,13,.0004895088729882
39,61,.0012975916529285,13,.0002001210214075,41,.0009273489245061,7,.0001701217070149
39.1,96,.0024161836948338,20,.0004249860746768,71,.0018083094296912,5,.0001828881904657
39.2,124,.0030603875638349,22,.0006253862231915,86,.0019094780488444,16,.0005255232917989
39.3,176,.0032246405199317,38,.0005649845517155,132,.0025523930266331,6,.000107262941583
39.4,102,.0016919385225265,25,.0004516636313383,73,.0011386077653697,4,.0001016671258185
39.5,105,.0012124766011254,32,.000263391829975,62,.0008902173819934,11,.0000588673891571
39.6,95,.0013805512512022,17,.0001664514386448,77,.0011985850935048,1,.0000155147190526
39.7,122,.0023148817681431,40,.00065805970371,73,.0015409357647513,9,.0001158862996817
39.8,74,.0012784167445261,16,.0002833660012129,53,.0008992461803246,5,.0000958045629886
39.9,112,.0015925967868498,20,.0001922657281739,83,.0012478431888212,9,.0001524878698547
40,134,.002070454054774,24,.000364792481605,104,.0015155611818045,6,.0001901003913645
40.1,67,.001114218861602,22,.0004443480275995,40,.0006016829091493,5,.0000681879248532
40.2,161,.002676079725461,23,.000400723740654,130,.0021685637776727,8,.0001067922071343
40.3,124,.0020576736169176,29,.0005236467091834,91,.001456873227994,4,.0000771536797401
40.4,77,.0013457730574373,12,.000200442123969,61,.0010385182213213,4,.0001068127121471
40.5,149,.0031850273845748,24,.000508369830186,118,.0025778053087606,7,.0000988522456282
40.6,159,.0026583223253738,44,.0006012440749146,90,.0015805704475724,25,.0004765078028868
40.7,97,.0017693011412803,17,.0002777589625111,75,.0014165077008101,5,.000075034477959
40.8,106,.0017736102599883,23,.000354357670858,74,.0013836577202255,9,.0000355948689048
40.9,43,.0008324101860353,15,.0001951978941861,26,.0005292472162637,2,.0001079650755855
41,82,.0020537928879776,15,.0002696110285569,65,.0017454742542213,2,.0000387076051993
41.1,105,.0011583069775156,30,.0002287509046823,70,.0008875080516191,5,.0000420480212142
41.2,56,.0009354498333778,5,.0001216384716827,47,.0007160056834437,4,.0000978056782515
41.3,153,.0027234514518,32,.00034833972461,116,.0022523771954752,5,.0001227345317147
41.4,113,.0019391092516798,17,.0002200433135613,88,.0016176413408857,8,.0001014245972328
41.5,101,.0011361977542492,13,.0002220979016556,86,.0008976433044836,2,.00001645654811
41.6,27,.0004047708798112,9,.0001162516830391,18,.0002885191967721,0,0
41.7,84,.0009918015306312,28,.0002403527366823,41,.0005491854218462,15,.0002022633721026
41.8,29,.0005339049193935,8,.0000770500082581,21,.0004568549111355,0,0
41.9,37,.0007274449671968,5,.0000983390818874,31,.0006153512613309,1,.0000137546239785
42,22,.0003090008731306,4,.0000346079641531,15,.0002617157847453,3,.0000126771242321
42.1,40,.0008323051856678,3,.0000649881258141,37,.0007673170598537,0,0
42.2,36,.0005813527327518,3,.000036672634451,32,.000541114123962,1,3.56597433893e-06
42.3,78,.0011295310941932,16,.0002195428819505,62,.0009099882122428,0,0
42.4,42,.0003663533434519,8,.000051592523505,34,.000314760819947,0,0
42.5,45,.000591429119595,4,.0000523894882463,40,.0004815286833946,1,.0000575109479541
42.6,28,.0004116862874071,3,.0000664457711537,25,.0003452405162534,0,0
42.7,32,.0007962730942381,4,.0001708899530968,25,.000525977784946,3,.0000994053561953
42.8,58,.0006372357133841,24,.0002259316029267,32,.0004017623491563,2,9.54176130108e-06
42.9,30,.0002014995598074,5,.0000165058668244,24,.0001814173774619,1,3.57631552106e-06
43,64,.0008485039954849,13,.0001280084538848,50,.0006954416255667,1,.0000250539160334
43.1,7,.0000552702176719,2,.0000142885569403,5,.0000409816607316,0,0
43.2,3,8.76724470800e-06,0,0,3,8.76724470800e-06,0,0
43.4,22,.0001388388691339,5,.0000299188841382,17,.0001089199849957,0,0
43.8,14,.0000949956615841,7,.0000429596234426,6,.0000428298744737,1,9.20616366784e-06
43.9,7,.0000638211813566,1,9.68803760770e-06,6,.0000541331437489,0,0
44,2,.0000125084861793,1,6.73536578688e-06,1,5.77312039240e-06,0,0
44.3,1,.0000135163381856,1,.0000135163381856,0,0,0,0
44.9,2,3.29852196046e-06,0,0,2,3.29852196046e-06,0,0
45.2,4,6.59704392092e-06,0,0,4,6.59704392092e-06,0,0
45.3,3,.0000628396692264,0,0,2,.0000261292070718,1,.0000367104621546
45.7,7,.000142523361319,1,.0000259133703366,6,.0001166099909824,0,0
45.8,12,.0000167789753505,0,0,12,.0000167789753505,0,0
46.1,2,.0000550656932319,0,0,1,.0000367104621546,1,.0000183552310773
