temp,ref,yhat_low,se_low,lowerci_low,upperci_low,yhat_high,se_high,lowerci_high,upperci_high
-20,27,-111.17177,95.477379,-298.30399,75.960457,-203.02292,140.7666,-478.92041,72.874557
-19.9,27,-110.93523,95.274239,-297.66931,75.798843,-202.59096,140.4671,-477.90143,72.719505
-19.799999,27,-110.69869,95.071091,-297.03461,75.637222,-202.159,140.1676,-476.88245,72.564453
-19.700001,27,-110.46216,94.86795,-296.39993,75.475609,-201.72704,139.8681,-475.86346,72.409401
-19.6,27,-110.22562,94.66481,-295.76523,75.313988,-201.29507,139.56859,-474.84448,72.254349
-19.5,27,-109.98909,94.461662,-295.13055,75.152367,-200.8631,139.26909,-473.8255,72.099297
-19.4,27,-109.75256,94.258522,-294.49585,74.990753,-200.43114,138.96959,-472.80652,71.944244
-19.299999,27,-109.51601,94.055374,-293.86118,74.829132,-199.99918,138.67007,-471.78754,71.789192
-19.200001,27,-109.27948,93.852234,-293.22647,74.667519,-199.56721,138.37057,-470.76855,71.63414
-19.1,27,-109.04295,93.649094,-292.5918,74.505898,-199.13525,138.07108,-469.74957,71.479088
-19,27,-108.80641,93.445946,-291.95709,74.344276,-198.70328,137.77158,-468.73059,71.324036
-18.9,27,-108.56987,93.242805,-291.32242,74.182663,-198.27132,137.47206,-467.71161,71.168983
-18.799999,27,-108.33334,93.039658,-290.68771,74.021042,-197.83936,137.17256,-466.69263,71.013931
-18.700001,27,-108.0968,92.836517,-290.05304,73.859428,-197.40739,136.87306,-465.67368,70.858879
-18.6,27,-107.86027,92.633377,-289.41833,73.697807,-196.97543,136.57356,-464.65469,70.703827
-18.5,27,-107.62373,92.430229,-288.78366,73.536186,-196.54347,136.27405,-463.63571,70.548775
-18.4,27,-107.38719,92.227089,-288.14896,73.374573,-196.1115,135.97455,-462.61673,70.393723
-18.299999,27,-107.15066,92.023941,-287.51428,73.212952,-195.67953,135.67505,-461.59775,70.23867
-18.200001,27,-106.91412,91.820801,-286.87958,73.051338,-195.24757,135.37555,-460.57877,70.083618
-18.1,27,-106.67759,91.617661,-286.2449,72.889717,-194.81561,135.07605,-459.55978,69.928566
-18,27,-106.44106,91.414513,-285.6102,72.728104,-194.38365,134.77654,-458.5408,69.773514
-17.9,27,-106.20451,91.211372,-284.97552,72.566483,-193.95168,134.47704,-457.52182,69.618462
-17.799999,27,-105.96798,91.008224,-284.34082,72.404861,-193.51971,134.17754,-456.50284,69.463409
-17.700001,27,-105.73145,90.805084,-283.70615,72.243248,-193.08775,133.87804,-455.48389,69.308357
-17.6,27,-105.49491,90.601944,-283.07144,72.081627,-192.65579,133.57852,-454.4649,69.153305
-17.5,27,-105.25838,90.398796,-282.43677,71.920013,-192.22383,133.27902,-453.44592,68.998253
-17.4,27,-105.02184,90.195656,-281.80206,71.758392,-191.79187,132.97952,-452.42694,68.843201
-17.299999,27,-104.7853,89.992508,-281.16739,71.596771,-191.35989,132.68001,-451.40793,68.688148
-17.200001,27,-104.54877,89.789368,-280.53268,71.435158,-190.92795,132.38051,-450.38898,68.533096
-17.1,27,-104.31223,89.586227,-279.89801,71.273537,-190.49597,132.08101,-449.37,68.378044
-17,27,-104.0757,89.38308,-279.26331,71.111923,-190.06401,131.78151,-448.35101,68.222992
-16.9,27,-103.83916,89.179932,-278.62863,70.950302,-189.63205,131.48199,-447.33203,68.06794
-16.799999,27,-103.60262,88.976791,-277.99393,70.788681,-189.20007,131.1825,-446.31305,67.912888
-16.700001,27,-103.36609,88.773651,-277.35925,70.627068,-188.76813,130.883,-445.29407,67.757835
-16.6,27,-103.12955,88.570503,-276.72455,70.465446,-188.33615,130.5835,-444.27509,67.602783
-16.5,27,-102.89302,88.367363,-276.08987,70.303833,-187.90419,130.28398,-443.2561,67.447731
-16.4,27,-102.65648,88.164215,-275.45517,70.142212,-187.47223,129.98448,-442.23712,67.292679
-16.299999,27,-102.41994,87.961075,-274.8205,69.980591,-187.04027,129.68498,-441.21814,67.137627
-16.200001,27,-102.18341,87.757935,-274.18579,69.818977,-186.60831,129.38548,-440.19919,66.982574
-16.1,27,-101.94688,87.554787,-273.55112,69.657356,-186.17635,129.08597,-439.18021,66.827522
-16,27,-101.71034,87.351646,-272.91641,69.495743,-185.74437,128.78647,-438.16122,66.67247
-15.9,27,-101.4738,87.148499,-272.28174,69.334122,-185.31241,128.48697,-437.14224,66.517418
-15.8,27,-101.23727,86.945358,-271.64703,69.172501,-184.88045,128.18747,-436.12326,66.362366
-15.7,27,-101.00073,86.742218,-271.01236,69.010887,-184.44849,127.88796,-435.10428,66.207314
-15.6,27,-100.7642,86.53907,-270.37766,68.849266,-184.01653,127.58846,-434.0853,66.052261
-15.5,27,-100.52766,86.33593,-269.74298,68.687653,-183.58455,127.28896,-433.06631,65.897209
-15.4,27,-100.29112,86.132782,-269.10828,68.526031,-183.15259,126.98945,-432.04733,65.742157
-15.3,27,-100.05459,85.929642,-268.4736,68.364418,-182.72063,126.68995,-431.02835,65.587105
-15.2,27,-99.818054,85.726501,-267.8389,68.202797,-182.28867,126.39044,-430.00937,65.432053
-15.1,27,-99.58152,85.523354,-267.20422,68.041176,-181.8567,126.09094,-428.99042,65.277
-15,27,-99.344986,85.320213,-266.56952,67.879562,-181.42474,125.79144,-427.97141,65.121948
-14.9,27,-99.108444,85.117065,-265.93484,67.717941,-180.99277,125.49193,-426.95242,64.966896
-14.8,27,-98.87191,84.913925,-265.30014,67.556328,-180.56081,125.19243,-425.93347,64.811844
-14.7,27,-98.635376,84.710785,-264.66547,67.394707,-180.12885,124.89292,-424.91449,64.656792
-14.6,27,-98.398842,84.507637,-264.03076,67.233086,-179.69688,124.59342,-423.89551,64.50174
-14.5,27,-98.162308,84.304497,-263.39609,67.071472,-179.26492,124.29391,-422.87653,64.346687
-14.4,27,-97.925766,84.101349,-262.76138,66.909851,-178.83295,123.99442,-421.85754,64.191635
-14.3,27,-97.689232,83.898209,-262.12671,66.748238,-178.40099,123.69492,-420.83856,64.036583
-14.2,27,-97.452698,83.695068,-261.492,66.586617,-177.96902,123.39541,-419.81958,63.881527
-14.1,27,-97.216164,83.49192,-260.85733,66.424995,-177.53706,123.09591,-418.8006,63.726475
-14,27,-96.97963,83.28878,-260.22263,66.263382,-177.1051,122.7964,-417.78162,63.571423
-13.9,27,-96.743088,83.085632,-259.58795,66.101761,-176.67314,122.49689,-416.76263,63.41637
-13.8,27,-96.506554,82.882492,-258.95325,65.940147,-176.24118,122.1974,-415.74365,63.261318
-13.7,27,-96.27002,82.679352,-258.31857,65.778526,-175.8092,121.89789,-414.72467,63.106266
-13.6,27,-96.033485,82.476204,-257.68387,65.616905,-175.37724,121.59839,-413.70572,62.951214
-13.5,27,-95.796951,82.273064,-257.04919,65.455292,-174.94528,121.29888,-412.68674,62.796162
-13.4,27,-95.56041,82.069916,-256.41449,65.293671,-174.51332,120.99938,-411.66776,62.641109
-13.3,27,-95.323875,81.866776,-255.77982,65.132057,-174.08136,120.69987,-410.64877,62.486057
-13.2,27,-95.087341,81.663628,-255.14511,64.970436,-173.64938,120.40038,-409.62979,62.331005
-13.1,27,-94.850807,81.460487,-254.51044,64.808815,-173.21742,120.10087,-408.61081,62.175953
-13,27,-94.614273,81.257347,-253.87573,64.647202,-172.78546,119.80137,-407.59183,62.020901
-12.9,27,-94.377731,81.054199,-253.24104,64.48558,-172.3535,119.50186,-406.57285,61.865849
-12.8,27,-94.141197,80.851059,-252.60637,64.323967,-171.92154,119.20236,-405.55386,61.710796
-12.7,27,-93.904663,80.647911,-251.97166,64.162346,-171.48958,118.90285,-404.53488,61.555744
-12.6,27,-93.668129,80.444771,-251.33699,64.000725,-171.05762,118.60336,-403.5159,61.400692
-12.5,27,-93.431595,80.241631,-250.70229,63.839111,-170.62564,118.30385,-402.49692,61.24564
-12.4,27,-93.195053,80.038483,-250.0676,63.67749,-170.19368,118.00435,-401.47794,61.090588
-12.3,27,-92.958519,79.835342,-249.43292,63.515873,-169.76172,117.70484,-400.45898,60.935535
-12.2,27,-92.721985,79.632195,-248.79822,63.354256,-169.32976,117.40534,-399.44,60.780483
-12.1,27,-92.485451,79.429054,-248.16354,63.192638,-168.8978,117.10583,-398.42102,60.625431
-12,27,-92.248917,79.225914,-247.52884,63.031021,-168.46582,116.80634,-397.40204,60.470379
-11.9,27,-92.012375,79.022766,-246.89415,62.8694,-168.03386,116.50683,-396.38306,60.315327
-11.8,27,-91.775841,78.819626,-246.25948,62.707783,-167.6019,116.20733,-395.36407,60.160275
-11.7,27,-91.539307,78.616478,-245.62477,62.546165,-167.16994,115.90782,-394.34509,60.005222
-11.6,27,-91.302773,78.413338,-244.9901,62.384548,-166.73798,115.60832,-393.32611,59.85017
-11.5,27,-91.066238,78.210197,-244.35539,62.222931,-166.30602,115.30882,-392.30713,59.695118
-11.4,27,-90.829697,78.00705,-243.7207,62.06131,-165.87404,115.00931,-391.28815,59.540066
-11.3,27,-90.593163,77.803909,-243.08603,61.899693,-165.44208,114.70981,-390.26917,59.385014
-11.2,27,-90.356628,77.600761,-242.45132,61.738075,-165.01012,114.41031,-389.25018,59.229961
-11.1,27,-90.120094,77.397621,-241.81665,61.576458,-164.57816,114.1108,-388.23123,59.074909
-11,27,-89.88356,77.194481,-241.18195,61.414841,-164.14619,113.8113,-387.21225,58.919857
-10.9,27,-89.647018,76.991333,-240.54726,61.25322,-163.71422,113.5118,-386.19327,58.764805
-10.8,27,-89.410484,76.788193,-239.91258,61.091606,-163.28226,113.2123,-385.17429,58.609753
-10.7,27,-89.17395,76.585045,-239.27788,60.929985,-162.8503,112.91279,-384.1553,58.4547
-10.6,27,-88.937416,76.381905,-238.6432,60.768368,-162.41833,112.61329,-383.13632,58.299648
-10.5,27,-88.700874,76.178764,-238.0085,60.60675,-161.98637,112.31378,-382.11734,58.144596
-10.4,27,-88.46434,75.975616,-237.37381,60.445133,-161.55441,112.01427,-381.09836,57.989544
-10.3,27,-88.227806,75.772476,-236.73914,60.283516,-161.12245,111.71478,-380.07938,57.834492
-10.2,27,-87.991272,75.569328,-236.10443,60.121895,-160.69048,111.41527,-379.06039,57.67944
-10.1,27,-87.754738,75.366188,-235.46976,59.960278,-160.25851,111.11577,-378.04141,57.524387
-10,27,-87.518196,75.163048,-234.83505,59.79866,-159.82655,110.81626,-377.02243,57.369335
-9.8999996,27,-87.281662,74.9599,-234.20036,59.637043,-159.39459,110.51676,-376.00345,57.214279
-9.8000002,27,-87.045128,74.75676,-233.56569,59.475426,-158.96263,110.21725,-374.9845,57.059231
-9.6999998,27,-86.808594,74.553612,-232.93098,59.313805,-158.53065,109.91776,-373.96552,56.904175
-9.6000004,27,-86.57206,74.350471,-232.29631,59.152187,-158.09869,109.61826,-372.94653,56.749126
-9.5,27,-86.335518,74.147324,-231.66161,58.99057,-157.66673,109.31875,-371.92755,56.594074
-9.3999996,27,-86.098984,73.944183,-231.02692,58.828953,-157.23477,109.01924,-370.90857,56.439018
-9.3000002,27,-85.86245,73.741043,-230.39224,58.667336,-156.80281,108.71974,-369.88959,56.28397
-9.1999998,27,-85.625916,73.537895,-229.75754,58.505714,-156.37085,108.42023,-368.87061,56.128914
-9.1000004,27,-85.389381,73.334755,-229.12286,58.344097,-155.93889,108.12074,-367.85162,55.973866
-9,27,-85.15284,73.131607,-228.48816,58.18248,-155.50691,107.82123,-366.83264,55.81881
-8.8999996,27,-84.916306,72.928467,-227.85347,58.020863,-155.07495,107.52173,-365.81366,55.663757
-8.8000002,27,-84.679771,72.725327,-227.2188,57.859245,-154.64299,107.22222,-364.79468,55.508705
-8.6999998,27,-84.443237,72.522179,-226.58409,57.697624,-154.21103,106.92272,-363.7757,55.353653
-8.6000004,27,-84.206703,72.319038,-225.94942,57.536007,-153.77907,106.62321,-362.75674,55.198601
-8.5,27,-83.970161,72.115891,-225.31471,57.37439,-153.34709,106.32372,-361.73776,55.043549
-8.3999996,27,-83.733627,71.91275,-224.68002,57.212772,-152.91513,106.02421,-360.71875,54.888496
-8.3000002,27,-83.497093,71.70961,-224.04533,57.051155,-152.48317,105.72471,-359.6998,54.733444
-8.1999998,27,-83.260559,71.506462,-223.41064,56.889534,-152.05121,105.4252,-358.68082,54.578392
-8.1000004,27,-83.024025,71.303322,-222.77597,56.727917,-151.61925,105.1257,-357.66183,54.42334
-8,27,-82.787483,71.100174,-222.14127,56.566299,-151.18729,104.82619,-356.64285,54.268288
-7.9000001,27,-82.550949,70.897034,-221.50658,56.404682,-150.75531,104.5267,-355.62387,54.113235
-7.8000002,27,-82.314415,70.693893,-220.87189,56.243065,-150.32335,104.22719,-354.60489,53.958183
-7.6999998,27,-82.077881,70.490746,-220.2372,56.081444,-149.89139,103.92769,-353.58591,53.803131
-7.5999999,27,-81.841347,70.287605,-219.60251,55.919827,-149.45943,103.62818,-352.56693,53.648079
-7.5,27,-81.604805,70.084457,-218.96782,55.758209,-149.02747,103.32868,-351.54794,53.493027
-7.4000001,27,-81.368271,69.881317,-218.33313,55.596592,-148.5955,103.02917,-350.52896,53.337975
-7.3000002,27,-81.131737,69.678177,-217.69844,55.434975,-148.16353,102.72968,-349.51001,53.182922
-7.1999998,27,-80.895203,69.475029,-217.06375,55.273357,-147.73157,102.43017,-348.491,53.02787
-7.0999999,27,-80.658669,69.271889,-216.42906,55.111736,-147.29961,102.13067,-347.47205,52.872818
-7,27,-80.422127,69.068741,-215.79437,54.950119,-146.86765,101.83116,-346.45306,52.717766
-6.9000001,27,-80.185593,68.865601,-215.15968,54.788502,-146.43568,101.53166,-345.43408,52.562714
-6.8000002,27,-79.949059,68.66246,-214.52499,54.626884,-146.00372,101.23215,-344.4151,52.407661
-6.6999998,27,-79.712524,68.459312,-213.8903,54.465267,-145.57175,100.93265,-343.39612,52.252609
-6.5999999,27,-79.475983,68.256172,-213.25562,54.303646,-145.13979,100.63315,-342.37714,52.097557
-6.5,27,-79.239449,68.053024,-212.62093,54.142029,-144.70782,100.33365,-341.35815,51.942505
-6.4000001,27,-79.002914,67.849884,-211.98624,53.980412,-144.27586,100.03414,-340.33917,51.787453
-6.3000002,27,-78.76638,67.646744,-211.35155,53.818794,-143.8439,99.734642,-339.32019,51.632401
-6.1999998,27,-78.529846,67.443596,-210.71686,53.657177,-143.41194,99.435135,-338.30121,51.477348
-6.0999999,27,-78.293304,67.240456,-210.08217,53.49556,-142.97997,99.135628,-337.28223,51.322296
-6,27,-78.05677,67.037308,-209.44748,53.333939,-142.548,98.836128,-336.26324,51.167244
-5.9000001,27,-77.820236,66.834167,-208.81279,53.172321,-142.11604,98.536621,-335.24429,51.012192
-5.8000002,27,-77.583702,66.63102,-208.1781,53.010704,-141.68408,98.237122,-334.22531,50.85714
-5.6999998,27,-77.347168,66.427879,-207.54341,52.849087,-141.25212,97.937614,-333.20633,50.702087
-5.5999999,27,-77.110626,66.224739,-206.90872,52.687469,-140.82016,97.638115,-332.18735,50.547035
-5.5,27,-76.874092,66.021591,-206.27403,52.525848,-140.38818,97.338608,-331.16837,50.391983
-5.4000001,27,-76.637558,65.818451,-205.63934,52.364231,-139.95622,97.039108,-330.14938,50.236931
-5.3000002,27,-76.401024,65.615303,-205.00465,52.202614,-139.52426,96.739601,-329.1304,50.081879
-5.1999998,27,-76.16449,65.412163,-204.36996,52.040997,-139.0923,96.440102,-328.11142,49.926826
-5.0999999,27,-75.927948,65.209023,-203.73528,51.879379,-138.66034,96.140594,-327.09244,49.771774
-5,27,-75.691414,65.005875,-203.10059,51.717758,-138.22838,95.841095,-326.07346,49.616722
-4.9000001,27,-75.45488,64.802734,-202.4659,51.556141,-137.7964,95.541588,-325.05447,49.46167
-4.8000002,27,-75.218346,64.599586,-201.83121,51.394524,-137.36444,95.242088,-324.03549,49.306618
-4.6999998,27,-74.981812,64.396446,-201.19652,51.232906,-136.93248,94.942581,-323.01651,49.151566
-4.5999999,27,-74.74527,64.193306,-200.56183,51.071289,-136.50052,94.643082,-321.99756,48.996513
-4.5,27,-74.508736,63.990158,-199.92714,50.909672,-136.06856,94.343575,-320.97858,48.841461
-4.4000001,27,-74.272202,63.787018,-199.29245,50.748051,-135.6366,94.044075,-319.95959,48.686409
-4.3000002,27,-74.035667,63.583874,-198.65776,50.586433,-135.20462,93.744568,-318.94061,48.531357
-4.1999998,27,-73.799133,63.38073,-198.02307,50.424816,-134.77266,93.445068,-317.92163,48.376301
-4.0999999,27,-73.562592,63.177586,-197.38838,50.263199,-134.3407,93.145561,-316.90265,48.221252
-4,27,-73.326057,62.974442,-196.75369,50.101582,-133.90874,92.846062,-315.88367,48.0662
-3.9000001,27,-73.089523,62.771297,-196.119,49.93996,-133.47678,92.546555,-314.86469,47.911148
-3.8,27,-72.852989,62.568157,-195.48431,49.778343,-133.0448,92.247055,-313.8457,47.756092
-3.7,27,-72.616455,62.365013,-194.84962,49.616726,-132.61284,91.947548,-312.82672,47.60104
-3.5999999,27,-72.379913,62.161869,-194.21494,49.455109,-132.18088,91.648048,-311.80774,47.445988
-3.5,27,-72.143379,61.958725,-193.58025,49.293491,-131.74892,91.348541,-310.78876,47.290936
-3.4000001,27,-71.906845,61.755581,-192.94556,49.13187,-131.31696,91.049042,-309.76981,47.135883
-3.3,27,-71.670311,61.552441,-192.31087,48.970253,-130.88499,90.749535,-308.75082,46.980831
-3.2,27,-71.433777,61.349297,-191.67618,48.808636,-130.45302,90.450035,-307.73184,46.825779
-3.0999999,27,-71.197235,61.146152,-191.04149,48.647018,-130.02106,90.150528,-306.71286,46.670727
-3,27,-70.960701,60.943008,-190.4068,48.485401,-129.5891,89.851028,-305.69388,46.515675
-2.9000001,27,-70.724167,60.739864,-189.77211,48.323784,-129.15714,89.551521,-304.6749,46.360622
-2.8,27,-70.487633,60.53672,-189.13742,48.162163,-128.72517,89.252022,-303.65591,46.20557
-2.7,27,-70.251099,60.33358,-188.50273,48.000546,-128.29321,88.952515,-302.63693,46.050518
-2.5999999,27,-70.014557,60.130436,-187.86804,47.838928,-127.86124,88.653015,-301.61795,45.895466
-2.5,27,-69.778023,59.927292,-187.23335,47.677311,-127.42928,88.353508,-300.59897,45.740414
-2.4000001,27,-69.541489,59.724148,-186.59866,47.515694,-126.99731,88.054008,-299.57999,45.585361
-2.3,27,-69.304955,59.521004,-185.96397,47.354073,-126.56535,87.754501,-298.561,45.430309
-2.2,27,-69.06842,59.317863,-185.32928,47.192455,-126.13339,87.455002,-297.54202,45.275257
-2.0999999,27,-68.831879,59.114719,-184.6946,47.030838,-125.70142,87.155495,-296.52304,45.120205
-2,27,-68.595345,58.911575,-184.05991,46.869221,-125.26946,86.855988,-295.50409,44.965153
-1.9,27,-68.35881,58.708431,-183.42522,46.707603,-124.83749,86.556488,-294.48511,44.810101
-1.8,27,-68.122276,58.505287,-182.79053,46.545982,-124.40553,86.256981,-293.46613,44.655048
-1.7,27,-67.885742,58.302147,-182.15584,46.384365,-123.97357,85.957481,-292.44714,44.499996
-1.6,27,-67.6492,58.099003,-181.52115,46.222748,-123.5416,85.657974,-291.42816,44.344944
-1.5,27,-67.412666,57.895859,-180.88646,46.061131,-123.10964,85.358475,-290.40918,44.189892
-1.4,27,-67.176132,57.692715,-180.25177,45.899513,-122.67768,85.058968,-289.3902,44.03484
-1.3,27,-66.939598,57.489571,-179.61708,45.737892,-122.24571,84.759468,-288.37122,43.879787
-1.2,27,-66.703064,57.286427,-178.98239,45.576275,-121.81375,84.459961,-287.35223,43.724735
-1.1,27,-66.466522,57.083286,-178.3477,45.414658,-121.38179,84.160461,-286.33325,43.569683
-1,27,-66.229988,56.880142,-177.71301,45.25304,-120.94982,83.860954,-285.31427,43.414631
-.89999998,27,-65.993454,56.676998,-177.07832,45.091423,-120.51786,83.561455,-284.29529,43.259579
-.80000001,27,-65.75692,56.473854,-176.44363,44.929806,-120.0859,83.261948,-283.27631,43.104527
-.69999999,27,-65.520378,56.27071,-175.80894,44.768185,-119.65393,82.962448,-282.25735,42.949474
-.60000002,27,-65.283844,56.06757,-175.17426,44.606567,-119.22197,82.662941,-281.23837,42.794422
-.5,27,-65.04731,55.864426,-174.53957,44.44495,-118.79001,82.363441,-280.21939,42.63937
-.40000001,27,-64.810776,55.661282,-173.90488,44.283333,-118.35804,82.063934,-279.20041,42.484318
-.30000001,27,-64.574242,55.458138,-173.27019,44.121716,-117.92608,81.764435,-278.18143,42.329266
-.2,27,-64.3377,55.254993,-172.6355,43.960094,-117.49412,81.464928,-277.16245,42.174213
-.1,27,-64.101166,55.051853,-172.00081,43.798477,-117.06215,81.165428,-276.14346,42.019161
0,27,-63.864632,54.848709,-171.36612,43.63686,-116.63019,80.865921,-275.12448,41.864109
.1,27,-63.628098,54.645565,-170.73143,43.475243,-116.19823,80.566422,-274.1055,41.709057
.2,27,-63.39156,54.442421,-170.09674,43.313625,-115.76626,80.266914,-273.08652,41.554005
.30000001,27,-63.155025,54.239277,-169.46205,43.152004,-115.3343,79.967415,-272.06754,41.398952
.40000001,27,-62.918488,54.036133,-168.82736,42.990387,-114.90234,79.667908,-271.04855,41.2439
.5,27,-62.681953,53.832993,-168.19267,42.82877,-114.47037,79.368408,-270.02957,41.088848
.60000002,27,-62.445419,53.629848,-167.55798,42.667152,-114.03841,79.068901,-269.01062,40.933796
.69999999,27,-62.208881,53.426704,-166.92329,42.505535,-113.60645,78.769402,-267.99164,40.778744
.80000001,27,-61.972347,53.22356,-166.2886,42.343914,-113.17448,78.469894,-266.97266,40.623692
.89999998,27,-61.735809,53.020416,-165.65392,42.182297,-112.74252,78.170395,-265.95367,40.468639
1,27,-61.499275,52.817276,-165.01923,42.020679,-112.31055,77.870888,-264.93469,40.313587
1.1,27,-61.262741,52.614132,-164.38454,41.859062,-111.87859,77.571388,-263.91571,40.158535
1.2,27,-61.026203,52.410988,-163.74985,41.697445,-111.44662,77.271881,-262.89673,40.003483
1.3,27,-60.789669,52.207844,-163.11516,41.535828,-111.01466,76.972382,-261.87775,39.848431
1.4,27,-60.553131,52.0047,-162.48047,41.374207,-110.5827,76.672874,-260.85876,39.693378
1.5,27,-60.316597,51.801556,-161.84578,41.212589,-110.15073,76.373375,-259.83978,39.538326
1.6,27,-60.080063,51.598415,-161.21109,41.050972,-109.71877,76.073868,-258.8208,39.383274
1.7,27,-59.843525,51.395271,-160.5764,40.889355,-109.2868,75.774368,-257.80182,39.228218
1.8,27,-59.606991,51.192127,-159.94171,40.727737,-108.85484,75.474861,-256.78287,39.07317
1.9,27,-59.370453,50.988983,-159.30702,40.566116,-108.42288,75.175362,-255.76387,38.918114
2,27,-59.133919,50.785839,-158.67233,40.404499,-107.99091,74.875854,-254.74489,38.763062
2.0999999,27,-58.897385,50.582699,-158.03764,40.242882,-107.55895,74.576355,-253.72592,38.608009
2.2,27,-58.660847,50.379555,-157.40295,40.081264,-107.12698,74.276848,-252.70694,38.452957
2.3,27,-58.424313,50.176411,-156.76826,39.919647,-106.69502,73.977341,-251.68796,38.297905
2.4000001,27,-58.187775,49.973267,-156.13358,39.758026,-106.26306,73.677841,-250.66898,38.142853
2.5,27,-57.951241,49.770123,-155.49889,39.596409,-105.83109,73.378334,-249.64999,37.987801
2.5999999,27,-57.714706,49.566982,-154.8642,39.434792,-105.39913,73.078835,-248.63101,37.832748
2.7,27,-57.478168,49.363838,-154.22951,39.273174,-104.96717,72.779327,-247.61203,37.677696
2.8,27,-57.241634,49.160694,-153.59482,39.111557,-104.5352,72.479828,-246.59306,37.522644
2.9000001,27,-57.005096,48.95755,-152.96013,38.949936,-104.10324,72.180321,-245.57408,37.367592
3,27,-56.768562,48.754406,-152.32544,38.788319,-103.67128,71.880821,-244.5551,37.21254
3.0999999,27,-56.532028,48.551266,-151.69075,38.626701,-103.23931,71.581314,-243.53612,37.057487
3.2,27,-56.29549,48.348122,-151.05606,38.465084,-102.80735,71.281815,-242.51714,36.902435
3.3,27,-56.058956,48.144978,-150.42137,38.303467,-102.37539,70.982307,-241.49815,36.747383
3.4000001,27,-55.822418,47.941833,-149.78668,38.14185,-101.94342,70.682808,-240.47917,36.592331
3.5,27,-55.585884,47.738689,-149.15199,37.980228,-101.51146,70.383301,-239.46021,36.437279
3.5999999,27,-55.34935,47.535545,-148.5173,37.818611,-101.0795,70.083801,-238.44122,36.282227
3.7,27,-55.112812,47.332405,-147.88261,37.656994,-100.64753,69.784294,-237.42224,36.127174
3.8,27,-54.876278,47.129261,-147.24792,37.495377,-100.21557,69.484795,-236.40326,35.972122
3.9000001,27,-54.63974,46.926117,-146.61324,37.333759,-99.783607,69.185287,-235.38428,35.81707
4,27,-54.403206,46.722973,-145.97855,37.172138,-99.351639,68.885788,-234.3653,35.662018
4.0999999,27,-54.166668,46.519829,-145.34386,37.010521,-98.919678,68.586281,-233.34633,35.506966
4.1999998,27,-53.930134,46.316689,-144.70917,36.848904,-98.487717,68.286781,-232.32735,35.351913
4.3000002,27,-53.693596,46.113544,-144.07448,36.687286,-98.055748,67.987274,-231.30836,35.196861
4.4000001,27,-53.457062,45.9104,-143.43979,36.525669,-97.623787,67.687775,-230.28938,35.041809
4.5,27,-53.220528,45.707256,-142.8051,36.364052,-97.191826,67.388268,-229.2704,34.886757
4.5999999,27,-52.98399,45.504112,-142.17041,36.202431,-96.759857,67.088768,-228.25142,34.731705
4.6999998,27,-52.747456,45.300972,-141.53572,36.040813,-96.327896,66.789261,-227.23245,34.576653
4.8000002,27,-52.510918,45.097828,-140.90103,35.879196,-95.895935,66.489761,-226.21347,34.4216
4.9000001,27,-52.274384,44.894684,-140.26634,35.717579,-95.463966,66.190254,-225.19449,34.266548
5,27,-52.037849,44.69154,-139.63165,35.555962,-95.032005,65.890755,-224.17551,34.111496
5.0999999,27,-51.801311,44.488396,-138.99696,35.394341,-94.600044,65.591248,-223.15652,33.956444
5.1999998,27,-51.564777,44.285252,-138.36227,35.232723,-94.168076,65.291748,-222.13754,33.801392
5.3000002,27,-51.328239,44.082108,-137.72758,35.071106,-93.736115,64.992241,-221.11856,33.646339
5.4000001,27,-51.091705,43.878967,-137.0929,34.909489,-93.304153,64.692741,-220.09959,33.491287
5.5,27,-50.855171,43.675823,-136.45821,34.747871,-92.872185,64.393234,-219.08061,33.336235
5.5999999,27,-50.618633,43.472679,-135.82352,34.58625,-92.440224,64.093735,-218.06163,33.181183
5.6999998,27,-50.382099,43.269535,-135.18883,34.424633,-92.008263,63.794228,-217.04265,33.026131
5.8000002,27,-50.145561,43.066391,-134.55414,34.263016,-91.576294,63.494724,-216.02367,32.871078
5.9000001,27,-49.909027,42.863251,-133.91945,34.101398,-91.144333,63.195221,-215.00468,32.716026
6,27,-49.672493,42.660107,-133.28476,33.939781,-90.712372,62.895718,-213.9857,32.560974
6.0999999,27,-49.435955,42.456963,-132.65007,33.778164,-90.280403,62.596214,-212.96674,32.405922
6.1999998,27,-49.199421,42.253819,-132.01538,33.616543,-89.848442,62.296711,-211.94775,32.25087
6.3000002,27,-48.962883,42.050674,-131.38069,33.454926,-89.416473,61.997208,-210.92877,32.095818
6.4000001,27,-48.726349,41.847534,-130.746,33.293308,-88.984512,61.697704,-209.90979,31.940763
6.5,27,-48.489815,41.64439,-130.11131,33.131691,-88.552551,61.398201,-208.89081,31.785711
6.5999999,27,-48.253277,41.441246,-129.47662,32.970074,-88.12059,61.098698,-207.87183,31.630659
6.6999998,27,-48.016743,41.238102,-128.84193,32.808453,-87.688622,60.799194,-206.85286,31.475607
6.8000002,27,-47.780205,41.034958,-128.20724,32.646835,-87.25666,60.499691,-205.83388,31.320555
6.9000001,27,-47.543671,40.831814,-127.57256,32.485218,-86.824692,60.200188,-204.8149,31.165503
7,27,-47.307137,40.628674,-126.93787,32.323601,-86.392731,59.900684,-203.79591,31.01045
7.0999999,27,-47.070599,40.425529,-126.30318,32.161983,-85.96077,59.601181,-202.77693,30.855398
7.1999998,27,-46.834064,40.222385,-125.6685,32.000362,-85.528809,59.301678,-201.75795,30.700346
7.3000002,27,-46.597527,40.019241,-125.0338,31.838745,-85.09684,59.002174,-200.73897,30.545294
7.4000001,27,-46.360992,39.816097,-124.39911,31.677128,-84.664879,58.702671,-199.72,30.390242
7.5,27,-46.124458,39.612957,-123.76442,31.515511,-84.23291,58.403168,-198.70102,30.235189
7.5999999,27,-45.88792,39.409813,-123.12974,31.353891,-83.800949,58.103664,-197.68204,30.080137
7.6999998,27,-45.651386,39.206669,-122.49505,31.192274,-83.368988,57.804161,-196.66306,29.925085
7.8000002,27,-45.414848,39.003525,-121.86035,31.030655,-82.937019,57.504654,-195.64407,29.770033
7.9000001,27,-45.178314,38.800381,-121.22566,30.869038,-82.505058,57.205154,-194.62509,29.614981
8,27,-44.94178,38.59724,-120.59097,30.70742,-82.073097,56.905651,-193.60612,29.459929
8.1000004,27,-44.705242,38.394096,-119.95628,30.545801,-81.641129,56.606144,-192.58713,29.304874
8.1999998,27,-44.468708,38.190952,-119.3216,30.384184,-81.209167,56.306644,-191.56816,29.149824
8.3000002,27,-44.23217,37.987808,-118.6869,30.222567,-80.777206,56.007137,-190.54918,28.994772
8.3999996,27,-43.995636,37.784668,-118.05222,30.060949,-80.345245,55.707638,-189.5302,28.83972
8.5,27,-43.759098,37.581524,-117.41753,29.89933,-79.913277,55.408131,-188.51122,28.684668
8.6000004,27,-43.522564,37.37838,-116.78284,29.737711,-79.481308,55.108627,-187.49223,28.529613
8.6999998,27,-43.28603,37.175236,-116.14816,29.576094,-79.049347,54.809128,-186.47327,28.374563
8.8000002,27,-43.049492,36.972092,-115.51346,29.414476,-78.617386,54.509621,-185.45428,28.219509
8.8999996,27,-42.812958,36.768948,-114.87878,29.252859,-78.185425,54.210121,-184.4353,28.064459
9,27,-42.57642,36.565804,-114.24408,29.09124,-77.753456,53.910614,-183.41632,27.909405
9.1000004,27,-42.339886,36.362659,-113.60939,28.929621,-77.321495,53.611111,-182.39734,27.754353
9.1999998,27,-42.103352,36.159519,-112.97471,28.768003,-76.889534,53.311607,-181.37837,27.5993
9.3000002,27,-41.866814,35.956375,-112.34001,28.606386,-76.457565,53.012104,-180.35938,27.444248
9.3999996,27,-41.63028,35.753231,-111.70533,28.444769,-76.025604,52.712605,-179.34041,27.289198
9.5,27,-41.393742,35.550087,-111.07063,28.28315,-75.593643,52.413097,-178.32143,27.134144
9.6000004,27,-41.157207,35.346943,-110.43594,28.121531,-75.161674,52.113594,-177.30244,26.979092
9.6999998,27,-40.920673,35.143803,-109.80126,27.959915,-74.729713,51.814091,-176.28346,26.824039
9.8000002,27,-40.684135,34.940659,-109.16656,27.798296,-74.297752,51.514587,-175.26448,26.668987
9.8999996,27,-40.447601,34.737514,-108.53188,27.636679,-73.865784,51.215084,-174.24551,26.513935
10,27,-40.211063,34.53437,-107.89719,27.47506,-73.433823,50.915581,-173.22653,26.358883
10.1,27,-39.974529,34.331226,-107.2625,27.313442,-73.001854,50.616077,-172.20755,26.203831
10.2,27,-39.737995,34.128086,-106.62782,27.151825,-72.569893,50.316574,-171.18857,26.048779
10.3,27,-39.501457,33.924942,-105.99312,26.990206,-72.137932,50.017071,-170.16959,25.893726
10.4,27,-39.264923,33.721798,-105.35844,26.828588,-71.705971,49.717567,-169.15062,25.738674
10.5,27,-39.028385,33.518654,-104.72374,26.666969,-71.274002,49.418064,-168.13162,25.583622
10.6,27,-38.791851,33.31551,-104.08905,26.505352,-70.842041,49.118561,-167.11264,25.42857
10.7,27,-38.555317,33.11237,-103.45437,26.343735,-70.41008,48.819057,-166.09367,25.273518
10.8,27,-38.318779,32.909225,-102.81967,26.182116,-69.978111,48.519554,-165.07469,25.118465
10.9,27,-38.082245,32.706081,-102.18499,26.020498,-69.54615,48.220051,-164.05571,24.963413
11,27,-37.845707,32.502937,-101.55029,25.858879,-69.114189,47.920547,-163.03673,24.808361
11.1,27,-37.609173,32.299793,-100.9156,25.697262,-68.68222,47.621044,-162.01775,24.653307
11.2,27,-37.372639,32.096653,-100.28092,25.535645,-68.250259,47.321541,-160.99878,24.498257
11.3,27,-37.136101,31.893507,-99.646225,25.374025,-67.818291,47.022038,-159.9798,24.343203
11.4,27,-36.899567,31.690365,-99.011543,25.212408,-67.38633,46.722534,-158.96082,24.188152
11.5,27,-36.663029,31.487221,-98.376846,25.050791,-66.954369,46.423031,-157.94183,24.0331
11.6,27,-36.426495,31.284077,-97.742157,24.889172,-66.5224,46.123524,-156.92285,23.878046
11.7,27,-36.18996,31.080935,-97.107475,24.727554,-66.090439,45.824024,-155.90387,23.722996
11.8,27,-35.953423,30.87779,-96.472778,24.565935,-65.658478,45.524517,-154.88489,23.567942
11.9,27,-35.716888,30.674648,-95.838097,24.404318,-65.226517,45.225018,-153.86592,23.412891
12,27,-35.48035,30.471504,-95.2034,24.242701,-64.794548,44.925514,-152.84694,23.257837
12.1,27,-35.243816,30.26836,-94.56871,24.081081,-64.362587,44.626007,-151.82796,23.102785
12.2,27,-35.007278,30.065218,-93.934029,23.919464,-63.930622,44.326508,-150.80898,22.947733
12.3,27,-34.770744,29.862074,-93.299332,23.757845,-63.498657,44.027,-149.78999,22.792681
12.4,27,-34.53421,29.658932,-92.66465,23.596228,-63.066696,43.727501,-148.77103,22.63763
12.5,27,-34.297672,29.455788,-92.029953,23.43461,-62.634731,43.427994,-147.75204,22.482576
12.6,27,-34.061138,29.252644,-91.395264,23.272991,-62.202766,43.12849,-146.73305,22.327524
12.7,27,-33.8246,29.049501,-90.760574,23.111374,-61.770805,42.828991,-145.71408,22.172472
12.8,27,-33.588066,28.846357,-90.125885,22.949755,-61.33884,42.529484,-144.6951,22.01742
12.9,27,-33.351532,28.643215,-89.491203,22.788139,-60.906879,42.229984,-143.67612,21.862368
13,27,-33.114994,28.440071,-88.856506,22.62652,-60.474911,41.930477,-142.65714,21.707315
13.1,27,-32.878456,28.236927,-88.221817,22.464901,-60.042946,41.630974,-141.63815,21.552263
13.2,27,-32.641922,28.033785,-87.587128,22.303284,-59.610985,41.33147,-140.61919,21.397211
13.3,27,-32.405388,27.830641,-86.952438,22.141666,-59.17902,41.031967,-139.6002,21.242159
13.4,27,-32.168854,27.627499,-86.317757,21.980049,-58.747059,40.732468,-138.58122,21.087107
13.5,27,-31.932316,27.424355,-85.68306,21.81843,-58.315094,40.432961,-137.56224,20.932055
13.6,27,-31.69578,27.22121,-85.04837,21.656811,-57.883129,40.133457,-136.54326,20.777
13.7,27,-31.459246,27.018068,-84.413681,21.495193,-57.451168,39.833954,-135.52429,20.62195
13.8,27,-31.222708,26.814924,-83.778992,21.333576,-57.019203,39.534451,-134.50529,20.466898
13.9,27,-30.986174,26.611782,-83.14431,21.171959,-56.587242,39.234947,-133.48633,20.311846
14,27,-30.749638,26.408638,-82.509613,21.01034,-56.155277,38.935444,-132.46735,20.156794
14.1,27,-30.513102,26.205494,-81.874924,20.848721,-55.723309,38.635941,-131.44836,20.00174
14.2,27,-30.276567,26.002352,-81.240234,20.687105,-55.291348,38.336437,-130.42938,19.846689
14.3,27,-30.04003,25.799206,-80.605545,20.525486,-54.859383,38.036934,-129.4104,19.691635
14.4,27,-29.803495,25.596064,-79.970863,20.363869,-54.427422,37.737431,-128.39143,19.536585
14.5,27,-29.566959,25.39292,-79.336166,20.20225,-53.995457,37.437927,-127.37244,19.381531
14.6,27,-29.330423,25.189775,-78.701477,20.040632,-53.563492,37.138424,-126.35346,19.226479
14.7,27,-29.093889,24.986633,-78.066788,19.879015,-53.131531,36.838921,-125.33449,19.071428
14.8,27,-28.857351,24.783489,-77.432098,19.717396,-52.699566,36.539417,-124.31551,18.916374
14.9,27,-28.620817,24.580347,-76.797417,19.555779,-52.267605,36.239914,-123.29653,18.761324
15,27,-28.384281,24.377203,-76.16272,19.394159,-51.83564,35.940411,-122.27755,18.60627
15.1,27,-28.147745,24.174059,-75.52803,19.232542,-51.403675,35.640907,-121.25857,18.451218
15.2,27,-27.911211,23.970917,-74.893341,19.070925,-50.971714,35.341404,-120.23959,18.296165
15.3,27,-27.674673,23.767773,-74.258652,18.909306,-50.539749,35.041901,-119.22061,18.141113
15.4,27,-27.438139,23.564631,-73.62397,18.747688,-50.107784,34.742397,-118.20164,17.986061
15.5,27,-27.201603,23.361486,-72.989273,18.586069,-49.675819,34.442894,-117.18265,17.831009
15.6,27,-26.965067,23.158342,-72.354584,18.424452,-49.243855,34.143387,-116.16367,17.675957
15.7,27,-26.728531,22.9552,-71.719894,18.262835,-48.811893,33.843887,-115.14469,17.520905
15.8,27,-26.491995,22.752056,-71.085205,18.101215,-48.379929,33.544384,-114.12571,17.365852
15.9,27,-26.255461,22.548914,-70.450523,17.939598,-47.947968,33.244881,-113.10674,17.2108
16,27,-26.018925,22.34577,-69.815826,17.777981,-47.516003,32.945377,-112.08775,17.055748
16.1,27,-25.782387,22.142626,-69.181137,17.616362,-47.084038,32.64587,-111.06877,16.900696
16.200001,27,-25.545851,21.939482,-68.546448,17.454742,-46.652073,32.346367,-110.04979,16.745642
16.299999,27,-25.309319,21.736341,-67.911766,17.293127,-46.220116,32.046867,-109.03082,16.590591
16.4,27,-25.072783,21.533197,-67.277077,17.131508,-45.788151,31.747364,-108.01184,16.435539
16.5,27,-24.836246,21.330053,-66.64238,16.969891,-45.356186,31.447859,-106.99285,16.280487
16.6,27,-24.599709,21.126909,-66.00769,16.808271,-44.924217,31.148354,-105.97387,16.125433
16.700001,27,-24.363173,20.923765,-65.373001,16.646652,-44.492252,30.84885,-104.95489,15.970381
16.799999,27,-24.12664,20.720625,-64.738319,16.485037,-44.060295,30.549351,-103.93592,15.815331
16.9,27,-23.890104,20.517481,-64.10363,16.323418,-43.62833,30.249846,-102.91694,15.660278
17,27,-23.653568,20.314337,-63.468933,16.1618,-43.196365,29.950342,-101.89796,15.505225
17.1,27,-23.41703,20.111193,-62.834244,16.000181,-42.7644,29.650837,-100.87897,15.350172
17.200001,27,-23.180494,19.908049,-62.199551,15.838563,-42.332436,29.351334,-99.859993,15.19512
17.299999,27,-22.943962,19.704908,-61.564873,15.676948,-41.900478,29.051834,-98.841026,15.04007
17.4,27,-22.707426,19.501764,-60.93018,15.515328,-41.468513,28.752329,-97.822044,14.885016
17.5,27,-22.47089,19.29862,-60.295486,15.35371,-41.036549,28.452826,-96.803062,14.729964
17.6,27,-22.234352,19.095476,-59.660797,15.192091,-40.604584,28.15332,-95.784073,14.574911
17.700001,27,-21.997816,18.892332,-59.026104,15.030473,-40.172619,27.853815,-94.765091,14.419858
17.799999,27,-21.761284,18.689192,-58.391426,14.868857,-39.740662,27.554317,-93.746132,14.264809
17.9,27,-21.524748,18.486046,-57.756733,14.707238,-39.308693,27.254812,-92.727142,14.109756
18,27,-21.28821,18.282902,-57.12204,14.54562,-38.876728,26.955307,-91.70816,13.954702
18.1,27,-21.051674,18.079758,-56.48735,14.384002,-38.444763,26.655804,-90.689178,13.79965
18.200001,27,-20.815138,17.876614,-55.852657,14.222383,-38.012798,26.356298,-89.670197,13.644597
18.299999,27,-20.578606,17.673473,-55.217979,14.060767,-37.580841,26.056799,-88.65123,13.489547
18.4,27,-20.34207,17.470329,-54.583286,13.899149,-37.148876,25.757296,-87.632248,13.334495
18.5,27,-20.105532,17.267185,-53.948593,13.73753,-36.716911,25.45779,-86.613266,13.179441
18.6,27,-19.868996,17.064041,-53.313904,13.575912,-36.284946,25.158285,-85.594276,13.024388
18.700001,27,-19.63246,16.860897,-52.679211,13.414292,-35.852982,24.858782,-84.575294,12.869336
18.799999,27,-19.395927,16.657757,-52.044533,13.252677,-35.421024,24.559282,-83.556335,12.714286
18.9,27,-19.159391,16.454613,-51.40984,13.091059,-34.989059,24.259777,-82.537346,12.559233
19,27,-18.922853,16.251469,-50.775146,12.92944,-34.557095,23.960274,-81.518364,12.404181
19.1,27,-18.686317,16.048325,-50.140457,12.767821,-34.125126,23.660769,-80.499382,12.249127
19.200001,27,-18.449781,15.845181,-49.505764,12.606203,-33.693161,23.361265,-79.4804,12.094074
19.299999,27,-18.213249,15.64204,-48.871086,12.444587,-33.261204,23.061766,-78.461433,11.939025
19.4,27,-17.976711,15.438896,-48.236393,12.282969,-32.829239,22.76226,-77.442451,11.783972
19.5,27,-17.740175,15.235752,-47.6017,12.12135,-32.397274,22.462757,-76.42347,11.628919
19.6,27,-17.503639,15.032608,-46.96701,11.959731,-31.965309,22.163252,-75.404488,11.473866
19.700001,27,-17.267103,14.829464,-46.332317,11.798113,-31.533344,21.863747,-74.385498,11.318813
19.799999,27,-17.030571,14.626324,-45.697639,11.636497,-31.101387,21.564249,-73.366539,11.163763
19.9,27,-16.794033,14.42318,-45.062946,11.474878,-30.669422,21.264744,-72.347557,11.008711
20,27,-16.557497,14.220036,-44.428253,11.31326,-30.237455,20.965239,-71.328568,10.853658
20.1,27,-16.320961,14.016891,-43.793564,11.151642,-29.80549,20.665735,-70.309586,10.698605
20.200001,27,-16.084425,13.813747,-43.158871,10.990023,-29.373526,20.36623,-69.290604,10.543552
20.299999,27,-15.847892,13.610607,-42.524193,10.828407,-28.941568,20.06673,-68.271637,10.388502
20.4,27,-15.611356,13.407463,-41.8895,10.666789,-28.509604,19.767227,-67.252655,10.233449
20.5,27,-15.374819,13.204319,-41.254807,10.50517,-28.077639,19.467722,-66.233673,10.078397
20.6,27,-15.138282,13.001174,-40.620117,10.343552,-27.645672,19.168217,-65.214691,9.9233437
20.700001,27,-14.901746,12.79803,-39.985424,10.181932,-27.213707,18.868713,-64.195702,9.7682905
20.799999,27,-14.665214,12.59489,-39.350746,10.020317,-26.78175,18.569214,-63.176743,9.6132412
20.9,27,-14.428677,12.391746,-38.716053,9.8586988,-26.349785,18.269711,-62.157757,9.4581881
21,27,-14.192141,12.188601,-38.08136,9.6970797,-25.91782,17.970205,-61.138775,9.3031349
21.1,27,-13.955604,11.985457,-37.446671,9.5354614,-25.485855,17.6707,-60.119789,9.1480827
21.200001,27,-13.719068,11.782313,-36.811977,9.3738432,-25.053888,17.371197,-59.100807,8.9930296
21.299999,27,-13.482535,11.579173,-36.177299,9.2122269,-24.621931,17.071697,-58.081844,8.8379793
21.4,27,-13.245998,11.376029,-35.542606,9.0506086,-24.189966,16.772192,-57.062859,8.6829271
21.5,27,-13.009462,11.172885,-34.907913,8.8889904,-23.758001,16.472689,-56.043877,8.527874
21.6,27,-12.772925,10.969741,-34.273224,8.7273712,-23.326036,16.173183,-55.024895,8.3728209
21.700001,27,-12.536389,10.766597,-33.638531,8.565753,-22.894072,15.873679,-54.005909,8.2177687
21.799999,27,-12.299857,10.563457,-33.003853,8.4041376,-22.462114,15.57418,-52.986946,8.0627184
21.9,27,-12.06332,10.360312,-32.36916,8.2425184,-22.030148,15.274675,-51.96796,7.9076657
22,27,-11.826784,10.157168,-31.734467,8.0809002,-21.598183,14.975171,-50.948978,7.7526126
22.1,27,-11.590247,9.9540243,-31.099775,7.9192815,-21.166218,14.675667,-49.929996,7.5975599
22.200001,27,-11.35371,9.7508802,-30.465084,7.7576628,-20.734253,14.376162,-48.911011,7.4425068
22.299999,27,-11.117179,9.54774,-29.830404,7.5960474,-20.302296,14.076663,-47.892048,7.287457
22.4,27,-10.880642,9.3445959,-29.195713,7.4344287,-19.870331,13.777159,-46.873066,7.1324043
22.5,27,-10.644105,9.1414509,-28.56102,7.27281,-19.438364,13.477654,-45.85408,6.9773512
22.6,27,-10.407569,8.9383068,-27.926329,7.1111913,-19.006399,13.178149,-44.835098,6.8222985
22.700001,27,-10.171032,8.7351627,-27.291637,6.9495726,-18.574434,12.878645,-43.816113,6.6672459
22.799999,27,-9.9344997,8.5320225,-26.656958,6.7879572,-18.142477,12.579145,-42.79715,6.5121956
22.9,27,-9.6979637,8.3288784,-26.022266,6.6263385,-17.710512,12.279641,-41.778168,6.3571429
23,27,-9.4614267,8.1257343,-25.387573,6.4647198,-17.278547,11.980137,-40.759182,6.2020903
23.1,27,-9.2248907,7.9225903,-24.752882,6.3031015,-16.846581,11.680633,-39.7402,6.0470371
23.200001,27,-8.9883537,7.7194462,-24.118191,6.1414828,-16.414616,11.381127,-38.721214,5.8919845
23.299999,27,-8.7518215,7.5163059,-23.483511,5.9798675,-15.982658,11.081629,-37.702251,5.7369347
23.4,27,-8.5152855,7.3131618,-22.84882,5.8182487,-15.550694,10.782125,-36.68327,5.5818815
23.5,27,-8.2787485,7.1100178,-22.214127,5.65663,-15.118728,10.482619,-35.664284,5.4268289
23.6,27,-8.0422125,6.9068737,-21.579435,5.4950113,-14.686763,10.183115,-34.645302,5.2717762
23.700001,27,-7.8056755,6.7037296,-20.944744,5.3333926,-14.254798,9.8836107,-33.62632,5.1167231
23.799999,27,-7.5691433,6.5005894,-20.310064,5.1717772,-13.822841,9.5841112,-32.607353,4.9616733
23.9,27,-7.3326068,6.2974448,-19.675373,5.0101585,-13.390875,9.2846069,-31.588371,4.8066206
24,27,-7.0960703,6.0943007,-19.04068,4.8485398,-12.95891,8.9851027,-30.569387,4.6515675
24.1,27,-6.8595338,5.8911567,-18.405989,4.6869216,-12.526944,8.6855984,-29.550404,4.4965148
24.200001,27,-6.6229973,5.6880126,-17.771297,4.5253029,-12.094979,8.3860931,-28.53142,4.3414621
24.299999,27,-6.3864651,5.4848723,-17.136618,4.363687,-11.663022,8.0865946,-27.512457,4.1864119
24.4,27,-6.1499286,5.2817283,-16.501926,4.2020688,-11.231057,7.7870898,-26.493473,4.0313592
24.5,27,-5.9133921,5.0785842,-15.867233,4.0404501,-10.799091,7.4875855,-25.474489,3.8763063
24.6,27,-5.6768551,4.8754401,-15.232542,3.8788314,-10.367126,7.1880808,-24.455505,3.7212534
24.700001,27,-5.4403186,4.6722956,-14.59785,3.7172127,-9.9351606,6.8885765,-23.436522,3.5662007
24.799999,27,-5.2037868,4.4691553,-13.96317,3.5555973,-9.5032034,6.5890775,-22.417559,3.4111507
24.9,27,-4.9672499,4.2660112,-13.328479,3.3939786,-9.0712385,6.2895727,-21.398575,3.2560978
25,27,-4.7307134,4.0628672,-12.693787,3.2323599,-8.6392736,5.9900684,-20.379591,3.1010451
25.1,27,-4.4941769,3.8597231,-12.059095,3.0707414,-8.2073078,5.6905637,-19.360607,2.9459922
25.200001,27,-4.2576404,3.656579,-11.424403,2.9091227,-7.7753425,5.3910594,-18.341625,2.7909393
25.299999,27,-4.0211082,3.4534388,-10.789723,2.7475073,-7.3433857,5.0915604,-17.32266,2.6358895
25.4,27,-3.7845716,3.2502947,-10.155032,2.5858886,-6.9114203,4.7920556,-16.303677,2.4808366
25.5,27,-3.5480351,3.0471504,-9.52034,2.4242699,-6.479455,4.4925513,-15.284694,2.3257837
25.6,27,-3.3114986,2.8440063,-8.8856487,2.2626514,-6.0474896,4.1930466,-14.26571,2.1707311
25.700001,27,-3.0749619,2.6408622,-8.2509565,2.1010327,-5.6155243,3.8935421,-13.246727,2.0156782
25.799999,27,-2.8384299,2.437722,-7.6162772,1.9394172,-5.183567,3.5940433,-12.227762,1.8606282
25.9,27,-2.6018934,2.2345777,-6.981585,1.7777987,-4.7516017,3.2945387,-11.208779,1.7055753
26,27,-2.3653567,2.0314336,-6.3468933,1.6161799,-4.3196368,2.9950342,-10.189795,1.5505226
26.1,27,-2.1288202,1.8282895,-5.7122016,1.4545614,-3.8876712,2.6955297,-9.1708126,1.3954697
26.200001,27,-1.8922836,1.6251453,-5.0775099,1.2929428,-3.4557059,2.3960249,-8.1518288,1.2404169
26.299999,27,-1.6557516,1.4220051,-4.4428301,1.1313273,-3.0237489,2.0965261,-7.132865,1.085367
26.4,27,-1.419215,1.218861,-3.8081386,.96970862,-2.5917835,1.7970216,-6.1138811,.93031412
26.5,27,-1.1826783,1.0157168,-3.1734467,.80808997,-2.1598184,1.4975171,-5.0948977,.77526128
26.6,27,-.94614178,.81257266,-2.5387549,.64647138,-1.7278529,1.1980125,-4.0759144,.62020844
26.700001,27,-.70960522,.60942852,-1.9040632,.48485276,-1.2958877,.89850795,-3.056931,.46515557
26.799999,27,-.47307315,.40628827,-1.2693835,.32323724,-.86393064,.5990091,-2.037967,.31010568
26.9,27,-.23653658,.20314413,-.63469177,.16161862,-.43196532,.29950455,-1.0189835,.15505284
27,27,0,0,0,0,0,0,0,0
27.1,27,.23651917,.20312513,-.16159877,.63463712,.43190297,.29948455,-.15507598,1.0188819
27.200001,27,.47293395,.4061363,-.32307857,1.2689465,.86343193,.59884912,-.31029078,2.0371547
27.299999,27,.70913541,.60891581,-.48431766,1.9025885,1.2942047,.89796811,-.46578047,3.0541897
27.4,27,.94502825,.81135792,-.64520407,2.5352604,1.7238636,1.1967332,-.62169033,4.0694175
27.5,27,1.1805035,1.0133456,-.80561745,3.1666243,2.1520264,1.4950192,-.77815735,5.0822105
27.6,27,1.4154567,1.2147664,-.96544182,3.796355,2.5783193,1.7927073,-.93532228,6.0919609
27.700001,27,1.6497835,1.4155086,-1.1245625,4.4241295,3.0023682,2.0896788,-1.0933268,7.098063
27.799999,27,1.883375,1.6154577,-1.2828636,5.049614,3.4237909,2.3858099,-1.2523104,8.0998926
27.9,27,2.1161361,1.8145112,-1.4402406,5.6725125,3.8422296,2.6809947,-1.4124236,9.0968828
28,27,2.3479574,2.012557,-1.5965819,6.2924962,4.2573023,2.9751112,-1.5738087,10.088413
28.1,27,2.5787346,2.2094879,-1.7517821,6.9092512,4.6686349,3.2680438,-1.7366133,11.073883
28.200001,27,2.8083634,2.4051983,-1.9057385,7.5224657,5.0758533,3.5596776,-1.9009867,12.052693
28.299999,27,3.0367353,2.5995808,-2.0583491,8.1318197,5.4785762,3.8498938,-2.0670772,13.024229
28.4,27,3.2637544,2.7925406,-2.2095246,8.7370329,5.8764443,4.1385908,-2.2350447,13.987934
28.5,27,3.4893119,2.9839745,-2.3591707,9.3377943,6.2690768,4.4256525,-2.4050431,14.943196
28.6,27,3.7133033,3.173785,-2.5072012,9.9338074,6.6560988,4.7109694,-2.5772314,15.889429
28.700001,27,3.9356246,3.3618774,-2.6535342,10.524783,7.037137,4.9944329,-2.7517722,16.826046
28.799999,27,4.1561666,3.5481558,-2.7980909,11.110424,7.4118094,5.2759323,-2.928828,17.752447
28.9,27,4.3748341,3.7325382,-2.9408066,11.690475,7.7797575,5.5553737,-3.1085746,18.668089
29,27,4.5915174,3.9149354,-3.0816147,12.26465,8.1405993,5.8326488,-3.2911823,19.57238
29.1,27,4.8061132,4.0952649,-3.2204583,12.832685,8.4939604,6.1076574,-3.4768283,20.46475
29.200001,27,5.0185165,4.273448,-3.3572876,13.394321,8.839468,6.3803024,-3.6656947,21.344631
29.299999,27,5.2286196,4.4494071,-3.4920588,13.949298,9.1767406,6.6504822,-3.8579645,22.211445
29.4,27,5.4363251,4.6230788,-3.6247435,14.497394,9.5054178,6.9181142,-4.0538368,23.064672
29.5,27,5.6415248,4.7943945,-3.7553155,15.038365,9.825119,7.1831036,-4.2535052,23.903742
29.6,27,5.8441148,4.9632931,-3.8837607,15.571991,10.135469,7.4453626,-4.4571733,24.728111
29.700001,27,6.0439906,5.1297202,-4.0100756,16.098057,10.436095,7.7048073,-4.6650491,25.537241
29.799999,27,6.241044,5.293623,-4.1342664,16.616354,10.726619,7.9613523,-4.8773451,26.330582
29.9,27,6.4351778,5.4549646,-4.2563562,17.126713,11.006675,8.2149296,-5.0942922,27.107641
30,27,6.6262841,5.6137056,-4.3763771,17.628946,11.275885,8.4654617,-5.3161159,27.867886
30.1,27,6.8142586,5.7698169,-4.4943748,18.122892,11.533875,8.7128792,-5.5430546,28.610804
30.200001,27,6.9989967,5.9232755,-4.6104102,18.608404,11.78027,8.9571152,-5.7753539,29.335894
30.299999,27,7.1803908,6.0740652,-4.7245584,19.08534,12.014692,9.1981068,-6.0132647,30.04265
30.4,27,7.3583431,6.2221861,-4.8369174,19.553604,12.236777,9.4358044,-6.2570601,30.730616
30.5,27,7.5327458,6.3676386,-4.9475965,20.013088,12.446146,9.6701555,-6.50701,31.399303
30.6,27,7.7034945,6.5104361,-5.0567255,20.463715,12.642425,9.9011126,-6.7633982,32.048248
30.700001,27,7.8704853,6.6506019,-5.1644545,20.905424,12.825239,10.128635,-7.0265212,32.676998
30.799999,27,8.0336103,6.7881675,-5.2709537,21.338173,12.994212,10.352687,-7.2966805,33.285103
30.9,27,8.192771,6.9231839,-5.3764205,21.761961,13.148975,10.573246,-7.5742059,33.872158
31,27,8.3478603,7.0557065,-5.481071,22.17679,13.289153,10.790289,-7.8594246,34.437733
31.1,27,8.4987736,7.1858068,-5.5851488,22.582695,13.414371,11.003801,-8.1526833,34.981422
31.200001,27,8.6454067,7.3135686,-5.6889243,22.979736,13.524254,11.213776,-8.4543419,35.50285
31.299999,27,8.787652,7.4390883,-5.7926931,23.367998,13.618426,11.420209,-8.7647715,36.001625
31.4,27,8.9254112,7.5624857,-5.8967881,23.74761,13.696518,11.623118,-9.0843744,36.477409
31.5,27,9.0585775,7.683888,-6.0015664,24.118721,13.758155,11.822518,-9.4135542,36.929863
31.6,27,9.1870451,7.803442,-6.1074204,24.48151,13.80296,12.018435,-9.752739,37.358658
31.700001,27,9.3107109,7.9213128,-6.214777,24.836199,13.830562,12.210905,-10.102373,37.763496
31.799999,27,9.4294682,8.0376806,-6.3240976,25.183033,13.840585,12.399972,-10.462915,38.144085
31.9,27,9.5432158,8.1527529,-6.4358859,25.522318,13.832655,12.585701,-10.834865,38.500175
32,27,9.6518478,8.2667484,-6.5506802,25.854376,13.806399,12.768155,-11.218724,38.831524
32.099998,27,9.7552586,8.3799076,-6.6690583,26.179577,13.761445,12.947412,-11.615016,39.137905
32.200001,27,9.8533487,8.4925022,-6.7916489,26.498346,13.697413,13.123573,-12.024319,39.419144
32.299999,27,9.9460068,8.6048088,-6.9191079,26.811123,13.613936,13.296733,-12.447181,39.675053
32.400002,27,10.033135,8.717145,-7.0521545,27.118425,13.510633,13.46702,-12.884241,39.905506
32.5,27,10.114623,8.829833,-7.1915321,27.420778,13.387137,13.634556,-13.336101,40.110374
32.599998,27,10.190369,8.9432335,-7.338047,27.718784,13.243073,13.799494,-13.803439,40.289585
32.700001,27,10.260271,9.0577278,-7.4925499,28.013092,13.078057,13.962004,-14.286967,40.443081
32.799999,27,10.324221,9.1737108,-7.6559219,28.304363,12.89173,14.122251,-14.787373,40.570835
32.900002,27,10.382117,9.2916155,-7.829114,28.593348,12.683704,14.280443,-15.30545,40.672859
33,27,10.433852,9.4118805,-8.0130959,28.880798,12.453618,14.43678,-15.841951,40.749187
33.099998,27,10.479323,9.5349836,-8.2089005,29.167547,12.201093,14.591499,-16.39772,40.799908
33.200001,27,10.518428,9.6614199,-8.4176073,29.454464,11.925744,14.744855,-16.97364,40.82513
33.299999,27,10.551059,9.7916956,-8.6403122,29.742428,11.627217,14.897103,-17.570568,40.825001
33.400002,27,10.577113,9.9263515,-8.8781786,30.032404,11.305115,15.048541,-18.189484,40.799713
33.5,27,10.596485,10.06593,-9.1323748,30.325346,10.95909,15.199467,-18.831316,40.749496
33.599998,27,10.609073,10.211002,-9.4041243,30.622269,10.588757,15.350212,-19.497107,40.674618
33.700001,27,10.614769,10.362156,-9.6946831,30.924221,10.193722,15.501131,-20.187937,40.575382
33.799999,27,10.613471,10.519973,-10.005296,31.232239,9.7736435,15.652582,-20.904854,40.452141
33.900002,27,10.605074,10.685066,-10.337272,31.547421,9.3281183,15.804969,-21.649052,40.30529
34,27,10.589474,10.858035,-10.691883,31.870832,8.8568029,15.958692,-22.421658,40.135262
34.099998,27,10.566566,11.039497,-11.070452,32.203583,8.3593082,16.114189,-23.223921,39.942539
34.200001,27,10.536245,11.230077,-11.474299,32.546791,7.8352399,16.271923,-24.057144,39.727623
34.299999,27,10.498409,11.43037,-11.904704,32.901524,7.2842627,16.43236,-24.922571,39.491096
34.400002,27,10.45295,11.641002,-12.362994,33.268894,6.7059617,16.596008,-25.821617,39.23354
34.5,27,10.399768,11.862556,-12.850415,33.649952,6.1000061,16.763374,-26.755602,38.955616
34.599998,27,10.338757,12.095633,-13.368247,34.045761,5.466001,16.934999,-27.725988,38.65799
34.700001,27,10.269808,12.340816,-13.917747,34.457363,4.8035488,17.11145,-28.734276,38.341373
34.799999,27,10.192822,12.598653,-14.500083,34.885727,4.112319,17.293283,-29.781895,38.006535
34.900002,27,10.107693,12.869705,-15.116467,35.331852,3.3918946,17.481108,-30.870449,37.654236
35,27,10.014318,13.15448,-15.76799,35.796627,2.6419487,17.675514,-32.001419,37.285316
35.099998,27,9.9125919,13.453492,-16.455769,36.280952,1.8620857,17.877127,-33.176437,36.900608
35.200001,27,9.8024054,13.767238,-17.180885,36.785694,1.0518938,18.086586,-34.397163,36.50095
35.299999,27,9.6836624,14.096152,-17.944288,37.311615,.21106613,18.30452,-35.665131,36.087265
35.400002,27,9.5562515,14.440698,-18.746996,37.859497,-.66083229,18.531591,-36.982086,35.660419
35.5,27,9.4200745,14.801264,-19.589869,38.430016,-1.5641198,18.768442,-38.34959,35.221352
35.599998,27,9.2750235,15.17825,-20.473801,39.023849,-2.4991946,19.015738,-39.769356,34.770966
35.700001,27,9.1209898,15.572042,-21.399652,39.641632,-3.46647,19.274149,-41.243111,34.310169
35.799999,27,8.9578791,15.982953,-22.368134,40.28389,-4.4662495,19.544317,-42.772408,33.839909
35.900002,27,8.7855749,16.411335,-23.380053,40.951202,-5.4989753,19.82692,-44.359024,33.361073
36,27,8.6039867,16.85746,-24.436029,41.644001,-6.5649505,20.122583,-46.00449,32.874588
36.099998,27,8.413002,17.321627,-25.536762,42.362766,-7.6645885,20.431963,-47.710503,32.381325
36.200001,27,8.2125101,17.804113,-26.682911,43.107933,-8.7982988,20.755703,-49.478729,31.882133
36.299999,27,8.0024223,18.305132,-27.874977,43.879822,-9.9663744,21.0944,-51.310638,31.37789
36.400002,27,7.7826166,18.824951,-29.113607,44.678841,-11.169279,21.448685,-53.207928,30.86937
36.5,27,7.5530062,19.363745,-30.399237,45.505249,-12.407293,21.819118,-55.171982,30.357395
36.599998,27,7.313478,19.921738,-31.732409,46.359364,-13.680839,22.206291,-57.204369,29.842691
36.700001,27,7.0639191,20.499138,-33.113655,47.241493,-14.990336,22.610765,-59.306625,29.325951
36.799999,27,6.8042431,21.096087,-34.543327,48.15181,-16.336063,23.033049,-61.480007,28.807882
36.900002,27,6.5343256,21.712793,-36.021969,49.090622,-17.718494,23.47368,-63.726063,28.289074
37,27,6.2540832,22.349379,-37.549892,50.05806,-19.137899,23.933121,-66.045952,27.770153
37.099998,27,5.9635057,23.005884,-39.127201,51.054211,-20.594332,24.411776,-68.440536,27.251871
37.200001,27,5.6629992,23.681826,-40.752529,52.078526,-22.086349,24.909723,-70.908508,26.735809
37.299999,27,5.3531084,24.376461,-42.423874,53.130093,-23.611973,25.426802,-73.447586,26.223642
37.400002,27,5.0343337,25.0891,-44.139397,54.208065,-25.169437,25.96283,-76.055649,25.716772
37.5,27,4.7072177,25.818918,-45.896931,55.311367,-26.756769,26.51745,-78.730019,25.216478
37.599998,27,4.3722725,26.565126,-47.69442,56.438965,-28.372149,27.090281,-81.468124,24.723825
37.700001,27,4.0300069,27.32692,-49.52977,57.589783,-30.013771,27.680855,-84.26725,24.239706
37.799999,27,3.6809692,28.103369,-51.400623,58.762562,-31.679638,28.288567,-87.124207,23.764935
37.900002,27,3.3256516,28.893658,-53.304878,59.956181,-33.368019,28.91284,-90.03614,23.300106
38,27,2.9646075,29.696819,-55.240089,61.169304,-35.0769,29.552937,-92.999588,22.845791
38.099998,27,2.5983427,30.511972,-57.204021,62.400707,-36.804485,30.208139,-96.011353,22.402384
38.200001,27,2.2273674,31.338219,-59.194412,63.649147,-38.548958,30.877689,-99.068123,21.970201
38.299999,27,1.8522305,32.174564,-61.208759,64.913223,-40.308327,31.560709,-102.16618,21.549528
38.400002,27,1.4734242,33.020142,-63.244862,66.191711,-42.080856,32.256393,-105.30222,21.140509
38.5,27,1.0915015,33.873932,-65.300186,67.483185,-43.864536,32.963791,-108.47238,20.743307
38.599998,27,.70696837,34.735027,-67.372437,68.786369,-45.657566,33.682018,-111.67311,20.357979
38.700001,27,.32033309,35.602509,-69.459305,70.099968,-47.458145,34.410168,-114.90084,19.984549
38.799999,27,-.067855336,36.475365,-71.558258,71.422546,-49.264271,35.147236,-118.15159,19.623047
38.900002,27,-.45709884,37.352707,-73.667061,72.752861,-51.074192,35.892303,-121.42181,19.273432
39,27,-.84685266,38.233528,-75.783195,74.089485,-52.885925,36.644352,-124.70753,18.93568
39.099998,27,-1.2366935,39.117043,-77.904686,75.431297,-54.697971,37.402519,-128.00557,18.609619
39.200001,27,-1.6265488,40.002979,-80.030945,76.777847,-56.510086,38.166382,-131.31482,18.294645
39.299999,27,-2.0163875,40.891117,-82.161507,78.128731,-58.322124,38.935543,-134.63438,17.990135
39.400002,27,-2.4062426,41.781387,-84.296257,79.483772,-60.134239,39.709755,-137.96393,17.69545
39.5,27,-2.7960815,42.673588,-86.434776,80.842613,-61.946278,40.488667,-141.30261,17.410055
39.599998,27,-3.1859224,43.567631,-88.576912,82.205063,-63.758324,41.272049,-144.65005,17.133408
39.700001,27,-3.5757775,44.46344,-90.722519,83.570961,-65.570435,42.059673,-148.00589,16.865011
39.799999,27,-3.9656162,45.360844,-92.871231,84.940002,-67.382477,42.85125,-151.36938,16.604433
39.900002,27,-4.3554716,46.259815,-95.023048,86.312103,-69.194588,43.646626,-154.7404,16.351225
40,27,-4.7453103,47.160198,-97.177605,87.686981,-71.006622,44.44553,-158.11827,16.105013
40.099998,27,-5.1351509,48.061951,-99.334846,89.064545,-72.818672,45.247814,-161.50276,15.865414
40.200001,27,-5.5250044,48.965023,-101.49469,90.444679,-74.630775,46.053322,-164.89363,15.632078
40.299999,27,-5.914845,49.869286,-103.65685,91.827156,-76.442825,46.861839,-168.29034,15.404694
40.400002,27,-6.304698,50.774731,-105.82134,93.211952,-78.254929,47.673264,-171.69281,15.182948
40.5,27,-6.6945391,51.681244,-107.98792,94.598839,-80.066978,48.487392,-175.10052,14.966567
40.599998,27,-7.0843797,52.588791,-110.15652,95.987755,-81.879021,49.304123,-178.51332,14.755281
40.700001,27,-7.4742332,53.497353,-112.32712,97.378654,-83.691124,50.123352,-181.93109,14.548837
40.799999,27,-7.8640695,54.406815,-114.49947,98.771332,-85.503159,50.944901,-185.35333,14.347012
40.900002,27,-8.2539272,55.317211,-116.67367,100.16581,-87.315277,51.76873,-188.78012,14.149567
41,27,-8.6437674,56.228413,-118.84943,101.5619,-89.127327,52.594662,-192.21097,13.956317
41.099998,27,-9.0336046,57.140415,-121.02676,102.95955,-90.939354,53.422623,-195.64577,13.767062
41.200001,27,-9.4234619,58.05323,-123.2057,104.35877,-92.75148,54.252567,-199.08456,13.581604
41.299999,27,-9.8132982,58.966732,-125.38596,105.75937,-94.563507,55.084332,-202.52681,13.399796
41.400002,27,-10.203156,59.880974,-127.56771,107.1614,-96.375626,55.917904,-205.9727,13.221449
41.5,27,-10.592997,60.795849,-129.75067,108.56467,-98.187675,56.753139,-209.42178,13.046432
41.599998,27,-10.982833,61.711353,-131.93486,109.96919,-99.999702,57.589989,-212.87401,12.874596
41.700001,27,-11.37269,62.62751,-134.12036,111.37497,-101.81183,58.428429,-216.32944,12.705789
41.799999,27,-11.762527,63.544205,-136.30688,112.78183,-103.62386,59.268314,-219.78761,12.539904
41.900002,27,-12.152385,64.461502,-138.49461,114.18984,-105.43598,60.109665,-223.24875,12.376798
42,27,-12.542226,65.379303,-140.6833,115.59885,-107.24802,60.952343,-226.71242,12.216372
42.099998,27,-12.932062,66.2976,-142.87297,117.00885,-109.06006,61.796326,-230.17862,12.058516
42.200001,27,-13.321919,67.216438,-145.06372,118.41988,-110.87218,62.641602,-233.64746,11.903109
42.299999,27,-13.711756,68.135704,-147.25528,119.83176,-112.6842,63.488045,-237.11848,11.750074
42.400002,27,-14.101613,69.055466,-149.44783,121.24461,-114.49633,64.335686,-240.59195,11.599299
42.5,27,-14.491454,69.975624,-151.64116,122.65825,-116.30837,65.184402,-244.06746,11.450712
42.599998,27,-14.88129,70.896194,-153.83528,124.07269,-118.12041,66.034187,-247.54503,11.304224
42.700001,27,-15.271148,71.817207,-156.03029,125.48799,-119.93253,66.88504,-251.0248,11.159743
42.799999,27,-15.660985,72.738564,-158.22595,126.90398,-121.74455,67.736839,-254.50633,11.017213
42.900002,27,-16.050842,73.660339,-160.42245,128.32077,-123.55668,68.589638,-257.9899,10.876542
43,27,-16.440683,74.582436,-162.61957,129.7382,-125.36872,69.443314,-261.47513,10.737677
43.099998,27,-16.830519,75.504868,-164.81734,131.15631,-127.18076,70.297874,-264.96207,10.600549
43.200001,27,-17.220377,76.427681,-167.01588,132.57512,-128.99287,71.153328,-268.45084,10.465082
43.299999,27,-17.610214,77.350769,-169.21494,133.99451,-130.8049,72.00956,-271.94104,10.331238
43.400002,27,-18.000071,78.274208,-171.4147,135.41455,-132.61702,72.866631,-275.43298,10.198938
43.5,27,-18.389912,79.197906,-173.61496,136.83514,-134.42908,73.724426,-278.9263,10.068147
43.599998,27,-18.779749,80.121895,-175.81577,138.25627,-136.2411,74.582954,-282.42102,9.9388075
43.700001,27,-19.169605,81.046196,-178.01724,139.67802,-138.05322,75.442245,-285.9173,9.8108587
43.799999,27,-19.559443,81.970726,-180.21912,141.10023,-139.86525,76.302177,-289.41479,9.6842709
43.900002,27,-19.949299,82.895561,-182.42162,142.52303,-141.67738,77.162827,-292.91373,9.5589809
44,27,-20.33914,83.82061,-184.62453,143.94624,-143.48943,78.024078,-296.41382,9.4349623
44.099998,27,-20.728977,84.745895,-186.82788,145.36993,-145.30145,78.885948,-299.91507,9.3121672
44.200001,27,-21.118835,85.671463,-189.03181,146.79414,-147.11357,79.748466,-303.41769,9.1905479
44.299999,27,-21.508671,86.597206,-191.23608,148.21873,-148.9256,80.611526,-306.9213,9.0700817
44.400002,27,-21.898529,87.523224,-193.44089,149.64383,-150.73773,81.475189,-310.42618,8.9507151
44.5,27,-22.28837,88.449409,-195.64603,151.06929,-152.54977,82.339371,-313.93198,8.832428
44.599998,27,-22.678205,89.375801,-197.85155,152.49515,-154.3618,83.204071,-317.43878,8.7151833
44.700001,27,-23.068064,90.302437,-200.05759,153.92145,-156.17392,84.069328,-320.94678,8.5989389
44.799999,27,-23.457899,91.229218,-202.26389,155.34808,-157.98595,84.935051,-324.4556,8.4836798
44.900002,27,-23.847757,92.156235,-204.47066,156.77515,-159.79808,85.801292,-327.96552,8.3693609
45,27,-24.237598,93.083397,-206.6777,158.2025,-161.61012,86.667961,-331.4762,8.2559662
45.099998,27,-24.627436,94.010727,-208.88507,159.6302,-163.42215,87.535088,-334.98776,8.143466
45.200001,27,-25.017292,94.938278,-211.0929,161.05832,-165.23427,88.402695,-338.50037,8.0318241
45.299999,27,-25.407129,95.865952,-213.30093,162.48668,-167.04631,89.270691,-342.01364,7.92103
45.400002,27,-25.796986,96.793831,-215.50941,163.91544,-168.85843,90.139137,-345.52789,7.8110442
45.5,27,-26.186827,97.721832,-217.71809,165.34444,-170.67047,91.007965,-349.04279,7.7018571
45.599998,27,-26.576664,98.649979,-219.92706,166.77374,-172.4825,91.877167,-352.55844,7.5934424
45.700001,27,-26.96652,99.578316,-222.13643,168.2034,-174.29462,92.746803,-356.07501,7.4857688
45.799999,27,-27.356358,100.50676,-224.34598,169.63327,-176.10666,93.61676,-359.59213,7.3788309
45.900002,27,-27.746216,101.43538,-226.55591,171.06348,-177.91878,94.487129,-363.11014,7.272593
46,27,-28.136055,102.36411,-228.76602,172.49391,-179.73082,95.357811,-366.62869,7.1670485
46.099998,27,-28.525896,103.29297,-230.97639,173.92459,-181.54286,96.228828,-370.14792,7.0621734
46.200001,27,-28.915745,104.22198,-233.18707,175.35558,-183.35495,97.100204,-373.66788,6.9579501
46.299999,27,-29.305586,105.15109,-235.39795,176.78677,-185.16701,97.971886,-377.18835,6.8543611
46.400002,27,-29.695444,106.08037,-237.60915,178.21826,-186.97913,98.84391,-380.70963,6.7513843
46.5,27,-30.085285,107.00973,-239.8205,179.64993,-188.79117,99.716209,-384.23135,6.649014
46.599998,27,-30.475126,107.9392,-242.03207,181.08183,-190.60321,100.58881,-387.75366,6.5472293
46.700001,27,-30.864975,108.86882,-244.24394,182.51399,-192.4153,101.46172,-391.27664,6.4460154
46.799999,27,-31.254816,109.79852,-246.45596,183.94632,-194.22736,102.33489,-394.80005,6.3453569
46.900002,27,-31.644672,110.72836,-248.66827,185.37894,-196.03947,103.20838,-398.32419,6.2452359
47,27,-32.034512,111.65828,-250.88072,186.81169,-197.85152,104.0821,-401.84869,6.1456475
