temp,no_wgt_comm,risk_adj_sample_wgt_comm,pop_adj_sample_wgt_comm,no_wgt_low,risk_adj_sample_wgt_low,pop_adj_sample_wgt_low,no_wgt_high,risk_adj_sample_wgt_high,pop_adj_sample_wgt_high
-19.2,2,6.16713975887e-07,2.95940731121e-06,0,0,0,2,6.16713975887e-07,2.95940731121e-06
-17.3,3,.000019691965008,8.50203696245e-06,3,.000019691965008,8.50203696245e-06,0,0,0
-17.1,1,3.55360816684e-06,1.53427595251e-06,1,3.55360816684e-06,1.53427595251e-06,0,0,0
-15.8,1,1.78047244503e-07,8.54390123095e-07,0,0,0,1,1.78047244503e-07,8.54390123095e-07
-15.3,1,9.11968015771e-07,3.93743619043e-07,1,9.11968015771e-07,3.93743619043e-07,0,0,0
-15,2,9.65700110100e-06,4.16942566517e-06,2,9.65700110100e-06,4.16942566517e-06,0,0,0
-14.3,2,7.50472099753e-06,3.24017514686e-06,2,7.50472099753e-06,3.24017514686e-06,0,0,0
-14,2,4.49137041869e-06,1.93915639102e-06,2,4.49137041869e-06,1.93915639102e-06,0,0,0
-13.9,2,3.16802783118e-07,1.52023233113e-06,0,0,0,2,3.16802783118e-07,1.52023233113e-06
-13.7,1,3.47751119989e-06,1.50142102484e-06,1,3.47751119989e-06,1.50142102484e-06,0,0,0
-13,1,4.85207465317e-07,2.09489101621e-07,1,4.85207465317e-07,2.09489101621e-07,0,0,0
-12.6,3,3.42719977198e-06,1.47969905129e-06,3,3.42719977198e-06,1.47969905129e-06,0,0,0
-12.5,1,7.28666407213e-08,3.49663025645e-07,0,0,0,1,7.28666407213e-08,3.49663025645e-07
-12.4,1,4.34193538013e-07,1.87463754742e-07,1,4.34193538013e-07,1.87463754742e-07,0,0,0
-12.3,2,1.75830223270e-06,7.59149770602e-07,2,1.75830223270e-06,7.59149770602e-07,0,0,0
-11.9,1,5.47235643467e-08,2.62600366341e-07,0,0,0,1,5.47235643467e-08,2.62600366341e-07
-11.7,1,8.60028103489e-06,3.71318492398e-06,1,8.60028103489e-06,3.71318492398e-06,0,0,0
-11.6,6,.0000159877685064,.0000230401417411,2,5.81864924243e-06,2.51221104008e-06,4,.000010169119264,.0000205279307011
-11.5,4,9.97238501554e-06,6.24685731054e-06,2,9.52784648689e-06,4.11366318076e-06,2,4.44538528654e-07,2.13319412978e-06
-11.4,3,4.72866949508e-06,2.04161057127e-06,3,4.72866949508e-06,2.04161057127e-06,0,0,0
-11.2,3,4.73628219311e-07,2.27278599141e-06,0,0,0,3,4.73628219311e-07,2.27278599141e-06
-10.8,3,3.73430930267e-06,1.61229388596e-06,3,3.73430930267e-06,1.61229388596e-06,0,0,0
-10.7,9,.0000337865744768,.0000145874062127,9,.0000337865744768,.0000145874062127,0,0,0
-10.3,9,.000010618657825,6.04287893680e-06,6,.0000102847253061,4.44044653136e-06,3,3.33932518970e-07,1.60243240543e-06
-10.1,2,5.91352591073e-06,2.55317399933e-06,2,5.91352591073e-06,2.55317399933e-06,0,0,0
-10,3,.0000112329200874,4.84983092974e-06,3,.0000112329200874,4.84983092974e-06,0,0,0
-9.9,4,.000011555013316,4.98889517075e-06,4,.000011555013316,4.98889517075e-06,0,0,0
-9.699999999999999,2,9.20615912037e-06,3.97477379011e-06,2,9.20615912037e-06,3.97477379011e-06,0,0,0
-9.6,2,6.66416053718e-06,2.87726174975e-06,2,6.66416053718e-06,2.87726174975e-06,0,0,0
-9.300000000000001,1,2.90762528721e-07,1.39527378451e-06,0,0,0,1,2.90762528721e-07,1.39527378451e-06
-9.1,6,.0000317488429573,.0000137076135616,6,.0000317488429573,.0000137076135616,0,0,0
-8.9,10,.0000226818499414,9.79292457259e-06,10,.0000226818499414,9.79292457259e-06,0,0,0
-8.800000000000001,4,5.71108830627e-06,2.46577155849e-06,4,5.71108830627e-06,2.46577155849e-06,0,0,0
-8.699999999999999,4,4.46698847156e-06,2.84481390622e-06,3,4.25718735642e-06,1.83804738185e-06,1,2.09801115147e-07,1.00676652437e-06
-8.6,9,.0000200586468964,.000016894816099,6,.0000181730010809,7.84622216088e-06,3,1.88564581549e-06,9.04859393813e-06
-8.5,4,.0000144319839137,8.37523612063e-06,3,.0000139409730764,6.01903684583e-06,1,4.91010837322e-07,2.35619927480e-06
-8.300000000000001,9,.0000531662954018,.0000229546324135,9,.0000531662954018,.0000229546324135,0,0,0
-8.199999999999999,5,4.09521815925e-06,2.69629029503e-06,3,3.88267164908e-06,1.67634951254e-06,2,2.12546510170e-07,1.01994078250e-06
-8.1,5,7.63096443279e-06,8.11050921357e-06,3,6.52816686397e-06,2.81854653394e-06,2,1.10279756882e-06,5.29196267962e-06
-8,4,.0000233399168792,.0000100770457721,4,.0000233399168792,.0000100770457721,0,0,0
-7.9,2,4.83707708554e-06,2.08841584026e-06,2,4.83707708554e-06,2.08841584026e-06,0,0,0
-7.8,6,.0000176941732661,7.63948742133e-06,6,.0000176941732661,7.63948742133e-06,0,0,0
-7.7,2,9.68021868175e-06,4.17944966102e-06,2,9.68021868175e-06,4.17944966102e-06,0,0,0
-7.6,7,.0000201127100468,.0000117255096939,6,.000019416151531,8.38295454741e-06,1,6.96558515756e-07,3.34255514645e-06
-7.5,11,.0000429669373716,.0000185510435813,11,.0000429669373716,.0000185510435813,0,0,0
-7.4,3,7.44076260162e-06,3.21256118241e-06,3,7.44076260162e-06,3.21256118241e-06,0,0,0
-7.3,5,3.02538782648e-06,.0000145178412367,0,0,0,5,3.02538782648e-06,.0000145178412367
-7.2,3,5.40453129361e-06,2.33341489775e-06,3,5.40453129361e-06,2.33341489775e-06,0,0,0
-7.1,7,.0000144045554435,7.20437412838e-06,5,.0000141789537338,6.12178575921e-06,2,2.25601709758e-07,1.08258836917e-06
-7,4,.0000137748468205,5.94731162096e-06,4,.0000137748468205,5.94731162096e-06,0,0,0
-6.9,5,.0000102663545647,6.28773051403e-06,3,9.84152063666e-06,4.24909222829e-06,2,4.24833928037e-07,2.03863828574e-06
-6.8,3,5.71673302829e-06,3.98114616473e-06,2,5.37027881364e-06,2.31862645705e-06,1,3.46454214650e-07,1.66251970768e-06
-6.7,7,.0000336058323427,.0000154818749252,6,.0000333831344506,.000014413221038,1,2.22697892127e-07,1.06865388716e-06
-6.6,6,.0000190266152913,8.21477146928e-06,6,.0000190266152913,8.21477146928e-06,0,0,0
-6.5,8,.000028484431823,.0000122981987829,8,.000028484431823,.0000122981987829,0,0,0
-6.4,8,.0000114812284551,4.95703881143e-06,8,.0000114812284551,4.95703881143e-06,0,0,0
-6.3,10,.0000247388559274,.0000133302567633,8,.0000241322001102,.0000104191149717,2,6.06655817137e-07,2.91114179163e-06
-6.2,9,.000047014420943,.0000202985502256,9,.000047014420943,.0000202985502256,0,0,0
-6.1,7,.0000111560545974,4.81664426388e-06,7,.0000111560545974,4.81664426388e-06,0,0,0
-6,21,.0001461176677537,.0000699328513463,15,.0001445499004262,.0000624096518038,6,1.56776732751e-06,7.52319954245e-06
-5.9,5,.0000166463663476,7.78563185122e-06,4,.0000165093047144,7.12791825208e-06,1,1.37061633154e-07,6.57713599139e-07
-5.8,8,.0000121875625041,7.81060987265e-06,5,.0000116039450404,5.01002182318e-06,3,5.83617463690e-07,2.80058804947e-06
-5.7,14,.0000432146147205,.000031811671704,10,.0000402024929826,.0000173574903215,4,3.01212173781e-06,.0000144541813825
-5.6,14,.0000778986374712,.0000349823856141,13,.0000775896039613,.0000334994354034,1,3.09033509893e-07,1.48295021063e-06
-5.5,19,.0000347451928349,.000018349439415,16,.0000339784859307,.0000146702653865,3,7.66706904187e-07,3.67917402855e-06
-5.4,12,.000030050068375,.0000176621970809,6,.0000289765353045,.0000125106651012,6,1.07353307044e-06,5.15153197966e-06
-5.3,10,.0000230585832242,.0000122691720321,9,.0000225287836884,9.72683830014e-06,1,5.29799535798e-07,2.54233373198e-06
-5.2,13,.0000103143528065,.0000190449291608,4,6.97293762641e-06,3.01057684737e-06,9,3.34141518010e-06,.0000160343523135
-5.1,13,.0000569850185457,.0000246033714006,13,.0000569850185457,.0000246033714006,0,0,0
-5,16,.0000291594662727,.0000212161220361,10,.0000271840518735,.0000117367576422,6,1.97541439917e-06,9.47936439388e-06
-4.9,17,.0000614942819652,.0000342741207362,13,.0000597255597654,.0000257866044251,4,1.76872219981e-06,8.48751631111e-06
-4.8,20,.000051026352196,.0000242339612555,18,.0000505218198441,.0000218128763549,2,5.04532351897e-07,2.42108490056e-06
-4.7,12,.0000411170501593,.0000200535736496,10,.0000405900833584,.0000175248332255,2,5.26966800862e-07,2.52874042417e-06
-4.6,14,.0000222292453032,.0000204011479923,8,.0000197552732288,8.52937040463e-06,6,2.47397207431e-06,.0000118717775877
-4.5,16,.0000318311766705,.0000190933920976,10,.0000306060038611,.0000132141909717,6,1.22517280943e-06,5.87920112594e-06
-4.4,14,.0000215173343179,.0000148728373688,7,.0000202389286414,8.73818936498e-06,7,1.27840567643e-06,6.13464800381e-06
-4.3,17,.0000567716059408,.0000292028800004,14,.0000556972448749,.0000240473744952,3,1.07436106589e-06,5.15550550517e-06
-4.2,25,.0000665121092069,.0000308455514357,22,.0000660246163307,.0000285062335763,3,4.87492876289e-07,2.33931785942e-06
-4.1,24,.0001013627514368,.0000515796098171,18,.000099572912859,.0000429907632906,6,1.78983857779e-06,8.58884652644e-06
-4,21,.0000768382546141,.000038877452738,16,.0000755324338115,.0000326112486562,5,1.30582080260e-06,6.26620408184e-06
-3.9,15,.0000415547538068,.0000179413314925,15,.0000415547538068,.0000179413314925,0,0,0
-3.8,10,.0000293938400659,.0000126908372806,10,.0000293938400659,.0000126908372806,0,0,0
-3.7,23,.0000804502399774,.0000488393209821,18,.0000772203193833,.0000333399942178,5,3.22992059409e-06,.0000154993267643
-3.6,27,.000045257921613,.0000467826866242,14,.0000390195406794,.0000168467487782,13,6.23838093361e-06,.0000299359378459
-3.5,14,.0000635395424524,.0000327963084885,11,.0000623114434575,.0000269030656739,3,1.22809899494e-06,5.89324281464e-06
-3.4,24,.0000524351092963,.0000261229706382,21,.0000516372862762,.0000222944804307,3,7.97823020093e-07,3.82849020752e-06
-3.3,16,.0000377704407697,.0000328974037416,13,.0000339714338793,.0000146672200003,3,3.79900689040e-06,.0000182301837413
-3.2,11,.0000443681066713,.000020351547164,9,.0000440943330773,.0000190377978697,2,2.73773594017e-07,1.31374929424e-06
-3.1,32,.0000515270851196,.0000434403742133,18,.0000466738990781,.0000201515301228,14,4.85318604149e-06,.0000232888440905
-3,15,.0000385607219329,.0000257959431451,10,.0000364660440368,.0000157442729005,5,2.09467789603e-06,.0000100516702446
-2.9,25,.0000653947902407,.000033202706831,22,.0000642570540492,.0000277430851696,3,1.13773619148e-06,5.45962166143e-06
-2.8,25,.0000402844133447,.0000229919531591,17,.000039002252322,.0000168392843136,8,1.28216102269e-06,6.15266884552e-06
-2.7,23,.0000849543703794,.000052953160008,13,.0000808619420241,.0000364593126108,10,4.09242835531e-06,.0000164938473972
-2.6,20,.0000586420825925,.0000270147343144,18,.0000582537259106,.0000251511385159,2,3.88356681924e-07,1.86359579857e-06
-2.5,36,.0001392315298148,.0001005554453286,28,.0001299705371594,.0000561149864211,8,9.26099265541e-06,.0000444404589075
-2.4,35,.0000951856923876,.0000459934307742,31,.0000940643398621,.0000406124287906,4,1.12135252550e-06,5.38100198355e-06
-2.3,51,.0002004724630922,.0000885887549487,49,.000200006585203,.0000863531601283,2,4.65877889155e-07,2.23559482038e-06
-2.2,30,.0001011554821631,.0000495791758226,25,.0000998032389816,.0000430902060771,5,1.35224318143e-06,6.48896974553e-06
-2.1,41,.000161470099485,.0000988030854217,29,.0001513406569416,.0000713979705154,12,.0000101294425434,.0000274051149063
-2,40,.0000854066011158,.0000536030490252,23,.0000815758427848,.0000352204999103,17,3.83075833099e-06,.0000183825491149
-1.9,48,.0001330332831344,.0000645071860674,38,.0001314143262334,.000056738344739,10,1.61895690098e-06,7.76884132847e-06
-1.8,33,.0001111195198007,.0000520257075891,29,.0001103770734971,.0000484629521793,4,7.42446303548e-07,3.56275540980e-06
-1.7,35,.0000748289924388,.0000463570530655,30,.0000716117319826,.0000309184787284,5,3.21726045627e-06,.0000154385743372
-1.6,22,.0000582297369647,.0000251407816734,22,.0000582297369647,.0000251407816734,0,0,0
-1.5,37,.0000772154278792,.0000481803760124,22,.0000738165806524,.0000318704265112,15,3.39884722678e-06,.0000163099495012
-1.4,87,.0009709744415431,.0008153630276979,71,.0009024559296904,.0006765250463445,16,.0000685185118527,.0001388379813534
-1.3,44,.0000975456976278,.0000572739133986,33,.0000940745081834,.0000406168178415,11,3.47118944433e-06,.0000166570955571
-1.2,26,.0000445719305233,.0000349315832295,16,.000040979562641,.0000176929911504,10,3.59236788228e-06,.0000172385920791
-1.1,32,.0000771160442596,.0000336572145017,31,.0000770330933051,.0000332591601335,1,8.29509545497e-08,3.98054368134e-07
-1,29,.0000812835133104,.000052740949485,20,.0000772425264017,.0000333495831626,9,4.04098690865e-06,.0000193913663225
-.9,63,.0005189170749418,.0004688399870645,49,.0004373044473596,.0003167988769235,14,.0000816126275822,.000152041110141
-.8,31,.0001062937347953,.0000557773685443,25,.0001040301527837,.0000449151830537,6,2.26358201161e-06,.0000108621854906
-.7,41,.0001360394403775,.0000685015426711,37,.000133803013,.0000577696637833,4,2.23642737751e-06,.0000107318788878
-.6,34,.0001195951758177,.0000592981424461,26,.0001178404525035,.0000508778028347,8,1.75472331421e-06,8.42033961135e-06
-.5,49,.0000947917347318,.0000774249597271,30,.0000858078166175,.0000380312396544,19,8.98391811432e-06,.0000393937200727
-.4,49,.0001782423883583,.0000996937728246,34,.0001730356658527,.0000747084242789,15,5.20672250559e-06,.0000249853485457
-.3,51,.0001175904793058,.0000632041700044,40,.0001147430958213,.0000495405136292,11,2.84738348455e-06,.0000136636563752
-.2,42,.0001150938195202,.000061298365182,35,.0001135455189569,.0000538685804798,7,1.54830056331e-06,7.42978470214e-06
-.1,44,.0000864452297549,.0000493452675414,35,.0000836921672089,.0000361342263773,9,2.75306254593e-06,.0000132110411641
0,99,.0002131889135946,.0001306195972859,70,.0002045611830681,.0000913525810518,29,8.62773052646e-06,.0000392670162341
.1,48,.0001006480226238,.0000732674969868,32,.0000928014592319,.0000404299838124,16,7.84656339192e-06,.0000328375131744
.2,64,.000204503686696,.0001062543267949,53,.0002007646354514,.0000883118505612,11,3.73905124462e-06,.0000179424762337
.3,47,.0001907736908286,.0000914650703976,37,.0001886902478248,.0000814673130236,10,2.08344300390e-06,9.99775737398e-06
.4,41,.0000795592508851,.0000716914953784,25,.0000700542512391,.0000302460344699,16,9.50499964603e-06,.0000414454609086
.5,73,.0002649977319678,.0001674041898809,48,.0002584106201766,.0001357948082727,25,6.58711179113e-06,.0000316093816082
.6,63,.0002151589977331,.0001180472192601,46,.0002112072649538,.0000993779958804,17,3.95173277923e-06,.0000186692233797
.7,80,.0002341077212122,.0001321003472867,62,.0002270887509894,.0000984186177675,18,7.01897022282e-06,.0000336817295192
.8,67,.0002096226832933,.0001010979483738,56,.000207616566513,.0000912890510847,11,2.00611678025e-06,9.80889728908e-06
.9,69,.0002518385842905,.0001373958540114,51,.0002457258566437,.0001074517324184,18,6.11272764672e-06,.000029944121593
1,65,.000130770480844,.0001081709043405,47,.0001189216208672,.0000512716332679,18,.0000118488599767,.0000568992710726
1.1,77,.0001187286263438,.0000710172111269,52,.0001141796614661,.000048716483974,25,4.54896487767e-06,.0000223007271529
1.2,80,.0001934755845596,.0001251701247753,55,.0001836828930095,.0000796347490422,25,9.79269155010e-06,.0000455353757332
1.3,87,.0002199757538577,.0001105427527364,70,.0002165960224829,.000094198741607,17,3.37973137476e-06,.0000163440111294
1.4,55,.0001207271426082,.0001141289488658,29,.0000935327092293,.0000511082851631,26,.000027194433379,.0000630206637027
1.5,55,.0001969569566143,.0000930038740279,48,.0001952986514198,.0000850462130302,7,1.65830519450e-06,7.95766099770e-06
1.6,89,.000394065083178,.0001873063015694,75,.0003893147872418,.0001683861235335,14,4.75029593616e-06,.0000189201780358
1.7,94,.000231231365877,.0001350749636515,74,.000222420388468,.0000960919713862,20,8.81097740901e-06,.0000389829922653
1.8,84,.0001512031266202,.0001088475353725,72,.0001411706796262,.0000619619981848,12,.000010032446994,.0000468855371878
1.9,68,.0002166905719818,.0001333773300018,54,.0002121782218865,.000111481352036,14,4.51235009535e-06,.0000218959779659
2,68,.0003120813505859,.0001602257670754,53,.0003063108517267,.0001339297031961,15,5.77049885919e-06,.0000262960638793
2.1,57,.0001368684496654,.000101770706749,39,.0001267622150181,.0000551759965504,18,.0000101062346474,.0000465947101986
2.2,93,.0002342812620668,.0001728761109376,60,.000203974168528,.00008888475476,33,.0000303070935388,.0000839913561776
2.3,66,.0001329188267363,.000068161553088,60,.0001300926435306,.0000571275855918,6,2.82618320568e-06,.0000110339674961
2.4,88,.0001998720794987,.000118275706825,69,.0001915937311878,.0000835139716742,19,8.27834831085e-06,.0000347617351508
2.5,76,.0001825537132625,.0000905763283328,62,.0001795486221283,.0000773670996352,14,3.00509113416e-06,.0000132092286975
2.6,91,.0001801270409949,.0001110502969084,67,.0001725141583506,.0000741364189309,24,7.61288264428e-06,.0000369138779774
2.7,93,.0002497559454788,.0001247875339772,74,.0002457976236769,.0001074707519706,19,3.95832180189e-06,.0000173167820066
2.8,107,.0003780218870872,.0001776352797123,92,.0003749713632715,.000162996819526,15,3.05052381577e-06,.0000146384601862
2.9,83,.0001842042945448,.0001051455972316,66,.0001778818353273,.0000773884115546,17,6.32245921750e-06,.000027757185677
3,108,.0002670418373434,.00014345172643,85,.0002600203552561,.0001132358238038,23,7.02148208731e-06,.0000302159026262
3.1,124,.0003718043045282,.0001921213432183,103,.0003645830495316,.0001611169288367,21,7.22125499664e-06,.0000310044143816
3.2,111,.0003895807845566,.0002465693873575,82,.0003710757562487,.0001617995734051,29,.0000185050283079,.0000847698139523
3.3,139,.0003683803989105,.0001927090024623,112,.000360516936837,.0001566868751155,27,7.86346207349e-06,.0000360221273468
3.4,164,.0003558142212405,.0002234004448098,111,.0003393430421283,.0001463523038154,53,.0000164711791122,.0000770481409944
3.5,93,.000253496337244,.0001257681627322,74,.0002488189389851,.0001051920805963,19,4.67739825893e-06,.0000205760821359
3.6,191,.0008181539300445,.0007591820443054,126,.0006266402706387,.0003619610700838,65,.0001915136594057,.0003972209742216
3.7,124,.0003859263923367,.0002003653298459,102,.000377797542626,.0001614147800097,22,8.12884971069e-06,.0000389505498362
3.8,114,.0003995724414914,.0002530701903254,93,.0003546956164087,.0001565533500241,21,.0000448768250827,.0000965168403013
3.9,94,.0003181506045209,.0001833543084615,67,.0003076543306975,.0001358912593616,27,.0000104962738234,.0000474630490999
4,132,.0002485004687394,.0001674912787024,98,.0002329885293193,.0001020629526494,34,.0000155119394201,.0000654283260531
4.1,143,.0003290307685013,.000204025350456,103,.0003132396151955,.000136510062589,40,.0000157911533059,.0000675152878671
4.2,133,.0004098941539468,.0002350798298494,104,.000396158190199,.0001712239924814,29,.0000137359637478,.000063855837368
4.3,118,.0004082373841854,.0002255579149164,87,.0003954482920676,.0001706052095187,31,.0000127890921178,.0000549527053977
4.4,113,.0003289088011442,.0001709615647627,92,.0003215402319086,.0001394371169425,21,7.36856923567e-06,.0000315244478202
4.5,180,.0004812381372119,.0002862774699111,135,.000464196028588,.0002015709532941,45,.0000170421086239,.000084706516617
4.6,112,.0003517674081692,.0001942885995447,92,.000340910370312,.0001490001311879,20,.0000108570378572,.0000452884683568
4.7,193,.0006184160440803,.0003425263793417,145,.0006009363168005,.0002593047755539,48,.0000174797272798,.0000832216037878
4.8,130,.000564847116344,.0002839676425594,110,.000555765888123,.0002393624788795,20,9.08122822096e-06,.00004460516368
4.9,157,.0006094205900631,.0003193851658239,127,.0005944681827259,.0002573964008548,30,.0000149524073372,.0000619887649691
5,226,.0004195255939123,.0002677077780362,166,.0003997783626346,.0001720637505542,60,.0000197472312777,.000095644027482
5.1,166,.000622173421295,.0003993805126044,132,.0005712270685194,.0002727835192076,34,.0000509463527756,.0001265969933968
5.2,247,.0006189716961664,.0003123538918572,204,.000608533074967,.0002608341670935,43,.0000104386211994,.0000515197247637
5.3,151,.0004545107575851,.0002588294091197,110,.00043939685483,.0001881367296903,41,.0000151139027551,.0000706926794294
5.4,174,.0006022951351383,.0003903274229913,132,.0005687134671746,.0002811369574545,42,.0000335816679637,.0001091904655368
5.5,206,.0008024094931613,.000424746604466,159,.0007831362190132,.0003405241137102,47,.0000192732741482,.0000842224907558
5.6,230,.0005831138749137,.0003492673794909,182,.0005600471106959,.0002398102407568,48,.0000230667642178,.0001094571387341
5.7,257,.000841436709063,.0006878409267443,190,.000696694850717,.0003611005856357,67,.000144741858346,.0003267403411087
5.8,150,.0004395781846611,.0002267202735595,120,.0004296977561751,.0001837369832742,30,9.88042848604e-06,.0000429832902853
5.9,148,.0004264012671413,.0002424992117795,115,.0004127713387447,.0001789536000985,33,.0000136299283966,.0000635456116811
6,262,.0006653937964103,.000455647251286,201,.0005982732923258,.0002940696367801,61,.0000671205040845,.0001615776145059
6.1,148,.0005367845948072,.0003138297701213,114,.0005165688574493,.0002297245722929,34,.0000202157373579,.0000841051978284
6.2,151,.0005148093203644,.0002860151324171,121,.0004977594056186,.0002183533560469,30,.0000170499147458,.0000676617763702
6.3,260,.0006009441356234,.0003393531721088,197,.0005816157309368,.0002534046606399,63,.0000193284046865,.0000859485114688
6.4,233,.000813480778632,.0004827007376917,180,.00076767303824,.0003457412684753,53,.000045807740392,.0001369594692164
6.5,183,.0005041293498174,.0002777621130292,144,.0004900935336423,.0002117852532706,39,.0000140358161751,.0000659768597586
6.6,249,.000528128792908,.000275753679901,194,.000517007919143,.0002215422946819,55,.000011120873765,.0000542113852191
6.7,208,.0006541435880543,.0003309752794394,172,.0006429746481444,.0002764998053237,36,.0000111689399098,.0000544754741156
6.8,232,.0010871737925555,.0007428012337272,181,.0010382834307165,.0006038585472794,51,.000048890361839,.0001389426864478
6.9,190,.0006270300216897,.0003318212412324,155,.0006120652179789,.0002649218138941,35,.0000149648037109,.0000668994273383
7,364,.0008643002885513,.0005195423358941,281,.0008210241351208,.0003584217952977,83,.0000432761534306,.0001611205405965
7.1,238,.0005453192999134,.0002767003921775,204,.0005361877803693,.0002302994860059,34,9.13151954407e-06,.0000464009061716
7.2,251,.0006194012240393,.00031632376772,202,.0006067711822766,.0002599480851728,49,.0000126300417627,.0000563756825471
7.3,258,.0006658013631551,.0003883765106707,201,.0006403444210719,.0002784350379557,57,.0000254569420832,.000109941472715
7.4,361,.0010011432940651,.0006962763945921,258,.0008625249124066,.0003827033349637,103,.0001386183816585,.0003135730596284
7.5,201,.0006013470681516,.0003201354975886,161,.0005862017120535,.000250939253192,40,.0000151453560981,.0000691962443966
7.6,269,.0007686707649235,.0004247660380088,216,.0007463014678706,.0003253989887639,53,.0000223692970529,.0000993670492448
7.7,343,.0013828843452508,.0011546651525975,242,.0011448343460927,.0006506204504859,101,.0002380499991581,.0005040447021116
7.8,380,.0016188466438649,.0012583960090282,295,.0014347618829902,.0008507632896269,85,.0001840847608747,.0004076327194014
7.9,193,.0006378119192547,.0003275297934664,158,.0006254458468788,.0002723182647628,35,.0000123660723759,.0000552115287036
8,171,.0003540262252173,.0002434664704225,111,.0003326856335093,.0001451712160048,60,.000021340591708,.0000982952544177
8.1,217,.0008151494028539,.0004620484013032,171,.0007887788605672,.000344945529335,46,.0000263705422867,.0001171028719682
8.199999999999999,273,.000622829495569,.000323508309009,217,.0006098175388161,.0002647900923449,56,.000013011956753,.000058718216664
8.300000000000001,210,.0006022723955965,.0003934211585062,156,.0005535061879414,.0002514128435536,54,.0000487662076551,.0001420083149526
8.4,267,.000716867721188,.0003863502469414,207,.0006997569541625,.0003065891071827,60,.0000171107670255,.0000797611397587
8.5,228,.0007905166743427,.0003905483486619,191,.0007780657148828,.0003347478020714,37,.0000124509594599,.0000558005465905
8.6,249,.0009155529008744,.000484407108857,207,.000894688415741,.0003903396970202,42,.0000208644851334,.0000940674118368
8.699999999999999,328,.0012020293108854,.000794824148926,263,.0010887939207578,.0005385213065949,65,.0001132353901276,.000256302842331
8.800000000000001,296,.0010777862241795,.0007685353788816,223,.0009404026783386,.0004359036198025,73,.0001373835458409,.000332631759079
8.9,244,.0007871647572166,.0004646321718269,185,.0007500636840803,.0003320413638193,59,.0000371010731364,.0001325908080076
9,299,.0006536555884082,.0004081211673821,216,.0006230101545839,.0002769435704835,83,.0000306454338244,.0001311775968986
9.1,227,.000673871400231,.0004644083429071,165,.0006273741840914,.0002718811485067,62,.0000464972161396,.0001925271944003
9.199999999999999,340,.0018375856435173,.0014975673388842,259,.0016027144413604,.0009813329384816,81,.0002348712021569,.0005162344004026
9.300000000000001,203,.0007607345073737,.0004047033263248,166,.0007422877213799,.000325131376286,37,.0000184467859938,.0000795719500388
9.4,267,.0006992782099005,.0003995762946545,221,.0006740788691104,.0002895913518159,46,.00002519934079,.0001099849428385
9.5,269,.0008004173602707,.0004403568379558,216,.0007765221713498,.0003413091358624,53,.0000238951889209,.0000990477020935
9.6,313,.0014706271905247,.0011550619117315,228,.0012753991933323,.0007256143189238,85,.0001952279971924,.0004294475928077
9.699999999999999,264,.0011303309761992,.0009301796822569,181,.000941401794023,.0005077860058691,83,.0001889291821762,.0004223936763879
9.800000000000001,195,.000683439000035,.000363842411133,156,.0006689779882549,.0003001884077776,39,.00001446101178,.0000636540033554
9.9,294,.0011440209914149,.0008340286441921,225,.001012533425012,.0005445538856463,69,.0001314875664029,.0002894747585458
10,174,.0007194452908621,.0004723698967553,132,.0006907984725331,.000370812949086,42,.000028646818329,.0001015569476692
10.1,292,.0015311484210763,.001130278254351,209,.0013811400833106,.0007908543412043,83,.0001500083377657,.0003394239131467
10.2,226,.0007105076498526,.0003795979107792,172,.0006928699372679,.0003060563495296,54,.0000176377125847,.0000735415612496
10.3,214,.0006229782037721,.0004022665573729,149,.000582043187535,.0002661594161992,65,.0000409350162371,.0001361071411736
10.4,211,.000622870672089,.0003807296236573,158,.0005959019476904,.0002599091967852,53,.0000269687243986,.0001208204268721
10.5,291,.0019870022690327,.0015931370531064,220,.0017086687115579,.0010158396770521,71,.0002783335574748,.0005772973760543
10.6,219,.0007461000324298,.0004543939516282,166,.000724108151644,.0003611617650847,53,.0000219918807858,.0000932321865434
10.7,227,.0008175284854417,.0004428429843983,184,.0007942680086899,.0003517075081163,43,.0000232604767518,.000091135476282
10.8,253,.0007616614767976,.0004780036118177,195,.0007231403736228,.0003287858104102,58,.0000385211031748,.0001492178014075
10.9,241,.000760322106558,.0004256719844022,186,.0007341878322222,.0003250346110519,55,.0000261342743357,.0001006373733503
11,217,.0010652237177595,.0008269332565476,150,.0009208554970428,.0004907761446304,67,.0001443682207167,.0003361571119171
11.1,219,.00087277411901,.0006201302679614,168,.0007896494366264,.0004138141393781,51,.0000831246823836,.0002063161285832
11.2,277,.0008895741562185,.0006288734168436,200,.0008112866153169,.0004255247414449,77,.0000782875409016,.0002033486753987
11.3,241,.001046544170606,.0007152982183243,184,.0009709320976299,.00052538559396,57,.0000756120729761,.0001899126243643
11.4,184,.0007026724687975,.0004843399824495,138,.0006277317827994,.0003103591731985,46,.0000749406859981,.0001739808092509
11.5,274,.0008514663983732,.000484084973472,219,.0008225991621877,.000374145740011,55,.0000288672361854,.0001099392334609
11.6,277,.0010083071416886,.0007190808884445,200,.0008990972213496,.0004309077686742,77,.000109209920339,.0002881731197704
11.7,193,.0006977467619791,.0003575955083193,158,.000684712193106,.000303384711799,35,.0000130345688731,.0000542107965202
11.8,233,.0006412554619044,.0003970468585361,162,.0006077712407153,.000268896109425,71,.0000334842211891,.0001281507491111
11.9,239,.0008866379551289,.0006345135810859,161,.0007958173584415,.0004065338490395,78,.0000908205966874,.0002279797320464
12,287,.0013519985618693,.0010491709314628,214,.0012144266147764,.0007322012649347,73,.0001375719470929,.0003169696665282
12.1,383,.0005858368222107,.0003637023160106,230,.0005584249755697,.0002563076328943,153,.000027411846641,.0001073946831163
12.2,303,.0010135649840055,.0007533604189911,201,.0008884759042287,.0004689248295096,102,.0001250890797768,.0002844355894815
12.3,323,.0014157695622714,.0012983035250898,210,.0011135847285573,.0006750886250586,113,.0003021848337141,.0006232149000311
12.4,194,.0006359199820665,.0003499827772799,150,.0006166517065083,.0002758385695216,44,.0000192682755582,.0000741442077583
12.5,286,.0014420796191885,.0011960067691064,205,.0012536086007344,.0007921428085922,81,.0001884710184541,.0004038639605142
12.6,245,.0010984593474319,.0009414620946018,167,.0008718185844714,.0004620698197755,78,.0002266407629605,.0004793922748263
12.7,303,.0005337552176932,.000314922187735,205,.0005123588270273,.0002297545154901,98,.0000213963906659,.0000851676722449
12.8,257,.0009638814899458,.000768587242304,167,.00083732213335,.0004579732965055,90,.0001265593565958,.0003106139457985
12.9,273,.0012701028800635,.0010332252760232,184,.0011128109179523,.0006825356949545,89,.0001572919621111,.0003506895810688
13,240,.0007870514674924,.0004483302091458,179,.0007595317022719,.0003330168089519,61,.0000275197652204,.0001153134001939
13.1,304,.0010589905876506,.000785937548393,220,.0009796760919736,.0005874150118204,84,.000079314495677,.0001985225365726
13.2,329,.0017537141772976,.0016165168088094,225,.0013305270102819,.0007915077028144,104,.0004231871670157,.0008250091059949
13.3,274,.0014066894895279,.0012196922556313,196,.0011906384087013,.0007633928406108,78,.0002160510808267,.0004562994150206
13.4,259,.0008416255267724,.0004854697784586,189,.0008098686927749,.0003641810341601,70,.0000317568339975,.0001212887442985
13.5,445,.0016497449579658,.0015809261243382,258,.0012555488329173,.0007543146769806,187,.0003941961250484,.0008266114473576
13.6,302,.0016518911094028,.0014921566643791,210,.0013286876186642,.0008457288392365,92,.0003232034907386,.0006464278251426
13.7,316,.0007144656379116,.0004461972075485,216,.0006802404568222,.0002996310678298,100,.0000342251810893,.0001465661397186
13.8,399,.0023086609397651,.0023772569266285,247,.0016287268503326,.001047714397846,152,.0006799340894326,.0013295425287825
13.9,239,.0006058568130753,.0003548454339806,165,.0005838189852057,.0002591252973372,74,.0000220378278697,.0000957201366434
14,317,.0013658573150838,.0012060370276319,192,.0011329315492175,.0006895665459135,125,.0002329257658663,.0005164704817184
14.1,298,.0010454048027388,.0008904020089016,188,.0008275661864046,.0004352690231213,110,.0002178386163343,.0004551329857803
14.2,362,.0011301053379755,.0006439972265948,278,.0011002034531415,.0005150560413352,84,.000029901884834,.0001289411852596
14.3,365,.0009530847959363,.0005868221896108,241,.000912573878538,.0004048409188435,124,.0000405109173982,.0001819812707673
14.4,394,.0025468707677936,.002310525055218,253,.0020390123498588,.0013170464122827,141,.0005078584179348,.0009934786429353
14.5,649,.0011800288878497,.0009767361995747,369,.0010104826224153,.000591024779417,280,.0001695462654344,.0003857114201578
14.6,310,.001375090257721,.0011217069702001,216,.0012112655030183,.0007481167737082,94,.0001638247547027,.0003735901964919
14.7,489,.0009583201379647,.0006167272787524,311,.0008764242958899,.0003982370239738,178,.0000818958420749,.0002184902547786
14.8,387,.0019902473895002,.0017553989275712,251,.0016222767359295,.0009834796472035,136,.0003679706535706,.0007719192803677
14.9,656,.000727635576664,.0004292831906194,421,.0007009433222698,.0003318423669185,235,.0000266922543942,.0000974408237009
15,608,.0017761285577033,.0016009182836836,367,.0014476683803193,.0009319278804694,241,.000328460177384,.0006689904032142
15.1,347,.000927834307702,.0006110586101609,238,.0008620072421204,.0004130407776445,109,.0000658270655817,.0001980178325164
15.2,331,.0012349100757056,.0011731758327604,197,.000937366663178,.0005609909731756,134,.0002975434125276,.0006121848595848
15.3,601,.0009777429859353,.0005938522000157,416,.0009270000640758,.0004486041275304,185,.0000507429218596,.0001452480724853
15.4,565,.0010600521661883,.0009527930210873,328,.0008444576743405,.0004296812931384,237,.0002155944918478,.0005231117279489
15.5,693,.0009636307541666,.0005875514437119,420,.0008831072972599,.0003902512727743,273,.0000805234569067,.0001973001709377
15.6,742,.001283381609857,.0009989272448103,411,.0010912036613577,.0005753142743741,331,.0001921779484992,.0004236129704362
15.7,468,.0017780456994484,.0014011888920704,300,.0015384783362284,.0008750484156579,168,.00023956736322,.0005261404764125
15.8,588,.0016329185911715,.0010881005124794,400,.0015390849554087,.0008423756393316,188,.0000938336357629,.0002457248731478
15.9,838,.001103033585989,.0006111634081821,516,.0010722808057961,.0004714556215933,322,.0000307527801928,.0001397077865888
16,2390,.0011994997025426,.0007658070621491,1472,.0011106591250838,.0005161421822681,918,.0000888405774588,.000249664879881
16.1,943,.0026706464308291,.002509537854414,545,.0020774542176283,.0013217625590991,398,.0005931922132009,.0011877752953149
16.2,439,.0014541968220771,.0011724903229595,260,.001249260182854,.0007305006663418,179,.0002049366392232,.0004419896566177
16.3,755,.0010969464252204,.0007763813421628,445,.0009541455614781,.0004309673981973,310,.0001428008637423,.0003454139439656
16.4,654,.001857119682349,.0016551493006194,395,.0015035100587288,.0009110562056776,259,.0003536096236202,.0007440930949418
16.5,1126,.0010492459853263,.0006608419006919,615,.0010065548550786,.0004801809706909,511,.0000426911302477,.000180660930001
16.6,1148,.0011909386440909,.0008689525036145,705,.0010407843692652,.0004984250552049,443,.0001501542748257,.0003705274484096
16.7,2705,.0015980994503981,.0013127990749923,1694,.0012666005452947,.0006086187591764,1011,.0003314989051034,.0007041803158159
16.8,909,.0010602405200512,.0005718553254229,568,.0010312337976108,.0004564081641117,341,.0000290067224404,.0001154471613112
16.9,2687,.0021085912065739,.0017984005591439,1679,.0017422763519059,.0010283539722262,1008,.0003663148546679,.0007700465869177
17,1463,.0008589749940631,.0005333752329579,818,.0008179183798225,.0003606547927694,645,.0000410566142406,.0001727204401886
17.1,3396,.0029241595416346,.0025993582747703,2151,.0023891044230013,.0015209490693598,1245,.0005350551186333,.0010784092054105
17.2,2338,.0022834842329034,.0023175183503856,1430,.0015910940169084,.0009845565298681,908,.000692390215995,.0013329618205176
17.3,1251,.001981611039505,.0017855336758732,685,.0016043486321693,.0009831395536213,566,.0003772624073357,.0008023941222519
17.4,4619,.001749205471297,.0011721043778423,2950,.0016232181211213,.0008775836262451,1669,.0001259873501757,.0002945207515972
17.5,2957,.0015254496451114,.0011776859508048,1812,.001345311053411,.0007560644485402,1145,.0001801385917004,.0004216215022646
17.6,1483,.0008378022447921,.0004934353089778,906,.000807707230818,.0003604664547488,577,.0000300950139741,.000132968854229
17.7,972,.0018661881868451,.0016120783570326,551,.0015294024896495,.0009187800886914,421,.0003367856971956,.0006932982683412
17.8,1225,.0015964163526508,.0011466945118332,753,.0014159737591154,.0007190768606964,472,.0001804425935354,.0004276176511369
17.9,4522,.0012206898090985,.000886845424227,2795,.0010842089584484,.0005580446077746,1727,.0001364808506501,.0003288008164524
18,7095,.0010361429967787,.000726203263424,4468,.0009367453149498,.0004556424278708,2627,.0000993976818289,.0002705608355532
18.1,4130,.0014856859298033,.0010716857315959,2486,.0013041087827654,.0006005727091364,1644,.0001815771470379,.0004711130224595
18.2,6683,.0038059299266588,.004004291614739,4140,.0026492782136943,.0017708657581127,2543,.0011566517129645,.0022334258566263
18.3,2683,.0020068670205428,.0017400229062868,1576,.0016506726603573,.0010023155720078,1107,.0003561943601855,.000737707334279
18.4,5601,.0027040071296963,.0022533823950026,3389,.0022928269556098,.0014242249786939,2212,.0004111801740865,.0008291574163087
18.5,5530,.0017972794356517,.0013284078483294,3276,.0015602485730772,.0007967398240401,2254,.0002370308625746,.0005316680242893
18.6,10770,.0022639986521266,.0020099175091365,6643,.0017649148492526,.001054714409285,4127,.0004990838028741,.0009552030998516
18.7,8784,.0020115517040518,.0018703422269484,5268,.0015369934608478,.0009124619426198,3516,.000474558243204,.0009578802843286
18.8,2675,.00255533790096,.0022262342985616,1438,.0020466661760157,.0011840156742379,1237,.0005086717249444,.0010422186243237
18.9,2903,.0016846875802283,.0012725040970785,1787,.0014620850182688,.0007896031754887,1116,.0002226025619594,.0004829009215898
19,11357,.00167801731129,.0012807725587478,7077,.001430465856419,.0006984252215099,4280,.000247551454871,.0005823473372379
19.1,2935,.0012536960070201,.0009536540509265,1589,.0010194831905981,.0004732301981789,1346,.0002342128164221,.0004804238527477
19.2,5022,.0020769216118233,.0017012839014884,3049,.0016524792049557,.0008106928343312,1973,.0004244424068676,.0008905910671572
19.3,6008,.0015975112671483,.00085391180291,3745,.0015445129083348,.0006838120604808,2263,.0000529983588135,.0001700997424293
19.4,5346,.0024430880469783,.0018562941828009,3239,.0021203554425931,.0011915517475899,2107,.0003227326043852,.000664742435211
19.5,8099,.0016401033537723,.0012503848220827,5060,.0013545428022865,.0006321537259916,3039,.0002855605514857,.000618231096091
19.6,14507,.003388056343191,.0033112376564346,8860,.0024752838796434,.001501232031274,5647,.0009127724635476,.0018100056251606
19.7,8418,.0025858385134713,.0025154859596587,5070,.0018607773524174,.0010955203868183,3348,.0007250611610539,.0014199655728404
19.8,12373,.0023933498023839,.002043601053055,7654,.0019172819511698,.0011245224230211,4719,.0004760678512141,.0009190786300339
19.9,9939,.0013607178872961,.0009416317358522,6127,.0012607550272443,.0005898032169263,3812,.0000999628600519,.0003518285189259
20,10535,.0019812296643407,.0016266097527867,6329,.0015764432765599,.0008161296741115,4206,.0004047863877808,.0008104800786751
20.1,5127,.0011611774526201,.0007669275921645,2939,.0010948276316374,.0005388106841013,2188,.0000663498209827,.0002281169080632
20.2,13000,.0017595960396663,.0014371748816892,8039,.0014116717354251,.0007149593969251,4961,.0003479243042412,.0007222154847641
20.3,7556,.0011540546954143,.0008791218762079,4502,.0009763571060865,.000478540148581,3054,.0001776975893278,.0004005817276269
20.4,17999,.0018682130631939,.0012651015125388,11444,.0016729583998819,.0007636594122259,6555,.000195254663312,.0005014421003129
20.5,9861,.0028075882828952,.0029322658061082,5683,.00183874357432,.0010584320801168,4178,.0009688447085752,.0018738337259914
20.6,18741,.0032955620654824,.0032057589762864,11659,.0025112103084058,.0016785920229206,7082,.0007843517570766,.0015271669533658
20.7,14892,.0027394055051722,.0020886591086298,8943,.0023709856589177,.0012830114928154,5949,.0003684198462545,.0008056476158144
20.8,15919,.0026248377131172,.0024419934531104,9763,.0019442244987542,.0010775098803403,6156,.000680613214363,.00136448357277
20.9,16274,.0015372699700224,.001384081684049,10006,.001221220843263,.0006691557037457,6268,.0003160491267593,.0007149259803033
21,11863,.0015226191039478,.0014741631679495,6946,.0010707427344036,.0005819574227346,4917,.0004518763695443,.0008922057452149
21.1,23190,.0029108431857735,.002324587484904,14539,.0025292938645333,.001523955321896,8651,.0003815493212403,.000800632163008
21.2,10645,.0023330957125159,.0023282853849304,5997,.0016760624046879,.0010460387451241,4648,.000657033307828,.0012822466398063
21.3,18511,.004390777842644,.0044653375969835,11045,.0031252993787462,.0020302686438268,7466,.0012654784638979,.0024350689531567
21.4,12820,.0025617294915642,.0024625286500776,7563,.0018623565764189,.0011129715658433,5257,.0006993729151453,.0013495570842343
21.5,20186,.0040150175996252,.0034680757393418,12171,.0033409684942487,.0020966998146338,8015,.0006740491053765,.001371375924708
21.6,22364,.0034139321807919,.0035860733889124,13428,.002216234730514,.0012406655607589,8936,.001197697450278,.0023454078281535
21.7,30999,.0031820807761117,.0025547259833928,19346,.0027740399295553,.0016993583931456,11653,.0004080408465564,.0008553675902472
21.8,24515,.0018367088426171,.0016436741899042,14834,.0013848424571119,.0006805388653912,9681,.0004518663855052,.0009631353245131
21.9,23827,.0032510877433975,.0033319714422588,14329,.002284122467845,.0014286938582165,9498,.0009669652755525,.0019032775840423
22,29583,.0022933729350184,.0017962961077543,18524,.0018977752061844,.0010147245222401,11059,.000395597728834,.0007815715855143
22.1,30244,.0028790382769072,.0024468312617783,18560,.0022993978570683,.0012868619630589,11684,.0005796404198388,.0011599692987193
22.2,27465,.0023346175818679,.0020033850061288,16529,.0018911199643477,.0010618987037165,10936,.0004434976175202,.0009414863024124
22.3,22681,.0038361752701083,.0036126975525125,13437,.0029663907003711,.0019453898772461,9244,.0008697845697372,.0016673076752664
22.4,27196,.0031587761255831,.0024632001080608,16355,.0027307369970723,.0015680574267753,10841,.0004280391285108,.0008951426812855
22.5,26365,.0023487175438771,.002103755922505,15678,.0017895668509845,.0009856643432221,10687,.0005591506928926,.0011180915792829
22.6,26516,.0042395818002152,.0044002713180263,15926,.0029327016330728,.0018893533879849,10590,.0013068801671424,.0025109179300414
22.7,28898,.0025746114241742,.0024111924520715,17476,.0019951962133343,.0012091240529054,11422,.0005794152108399,.0012020683991661
22.8,32214,.004691403929833,.0048067414469429,19687,.00324361279667,.0020802059137053,12527,.001447791133163,.0027265355332377
22.9,26259,.0033161560725753,.0030563246225981,15902,.0025758724032148,.0016554447810101,10357,.0007402836693604,.001400879841588
23,35821,.0041852221080377,.0037735705082413,21965,.0032831855118151,.0019867019970644,13856,.0009020365962227,.0017868685111768
23.1,40677,.00540768589094,.0051386297279523,25177,.0040768825984581,.0026363376157638,15500,.0013308032924819,.0025022921121885
23.2,25653,.0040241646626351,.0042964919944093,15212,.0027149045138929,.0017449097899072,10441,.0013092601487422,.0025515822045021
23.3,22267,.0023106040265294,.0022035564588347,13106,.001615810698308,.0008907237507898,9161,.0006947933282213,.0013128327080449
23.4,31326,.0023749847569126,.0022286363136777,19383,.0017332141002367,.0009764670627404,11943,.0006417706566759,.0012521692509372
23.5,32184,.0051750721781319,.0057356271781433,19527,.0032765944322936,.0021257403500239,12657,.0018984777458383,.0036098868281194
23.6,32546,.0035408582738643,.0031237358214636,19386,.0029246182334576,.0018869118947597,13160,.0006162400404067,.0012368239267039
23.7,33440,.00328695442381,.0029305373091485,20548,.0025163836286939,.001522655888749,12892,.0007705707951161,.0014078814203995
23.8,40527,.0043112904684893,.0042949738158098,24565,.0030082836002911,.0018455147843288,15962,.0013030068681982,.0024494590314811
23.9,32813,.0030513664477961,.0025119627579959,20438,.0023406987889946,.0012525798306887,12375,.0007106676588015,.0012593829273072
24,31880,.0048716408921421,.0043138199718884,19368,.0039692931998651,.0026343741758193,12512,.000902347692277,.001679445796069
24.1,27943,.0051521350401111,.0050474726781227,17200,.0038552039281082,.0025614159574029,10743,.0012969311120029,.0024860567207198
24.2,42434,.0038522219264693,.0035733816472102,26190,.0027820934421315,.0015551794562167,16244,.0010701284843378,.0020182021909935
24.3,42204,.0038308319214049,.0040038192587019,26025,.0023028310348363,.0012898491753578,16179,.0015280008865686,.002713970083344
24.4,31585,.0048558382153166,.0048723860662945,18643,.0035526169107694,.0023579764626221,12942,.0013032213045472,.0025144096036724
24.5,32352,.0040696805885998,.0038897777726716,19194,.0029390414785983,.0018725734597746,13158,.0011306391100015,.002017204312897
24.6,48339,.0054972802771771,.0050891807802533,30470,.0042030609602929,.0026462025335525,17869,.0012942193168842,.0024429782467008
24.7,41106,.0042603116644654,.0043023159945337,25575,.0029834894936386,.0019209064319785,15531,.0012768221708269,.0023814095625552
24.8,36968,.0027434007188503,.0027758180845293,22460,.001817834745588,.0011845835433547,14508,.0009255659732623,.0015912345411747
24.9,42740,.0041025445383471,.0036071175642778,26481,.0033627912559039,.0021343377622681,16259,.0007397532824432,.0014727798020097
25,35488,.0035153147819469,.0033139127565857,22038,.0025801904260773,.0015957447596071,13450,.0009351243558696,.0017181679969785
25.1,48942,.0047159229758576,.0042404723342271,30820,.0037251117585151,.0023516801254386,18122,.0009908112173426,.0018887922087886
25.2,33543,.0032470564620363,.0029886064087677,20493,.0023391099486387,.0013443644500676,13050,.0009079465133976,.0016442419587002
25.3,50071,.0033330672020401,.0030299542609445,31520,.0023564367558504,.0012622681230961,18551,.0009766304461897,.0017676861378484
25.4,46236,.0035711787754528,.0035103141812179,29282,.002464646017471,.0016321181358883,16954,.0011065327579818,.0018781960453296
25.5,45201,.0035338713655078,.0036761337346298,28225,.0022808280716777,.0014236713813364,16976,.0012530432938302,.0022524623532933
25.6,51590,.0042837835757872,.0039760394041317,32212,.0033385750160566,.0022277671621999,19378,.0009452085597306,.0017482722419317
25.7,55724,.0066057344866129,.006385174964369,35204,.004789418521242,.0032131429555708,20520,.0018163159653709,.0031720320087982
25.8,45117,.0032967177423408,.003586734934223,28683,.0019531851524016,.0011044518558273,16434,.0013435325899393,.0024822830783957
25.9,65347,.0042971509511678,.004103994017816,42416,.0031270037381921,.0017562593436453,22931,.0011701472129757,.0023477346741707
26,42289,.0037043541487028,.0040785429993813,26574,.002175507393848,.0012495027731073,15715,.0015288467548548,.002829040226274
26.1,61580,.0041440346009293,.003912671343712,40132,.0029775223820284,.0017945167294168,21448,.0011665122189009,.0021181546142952
26.2,65491,.0054768362309625,.0050897512703803,41543,.0040376122690465,.0024134620139811,23948,.001439223961916,.0026762892563992
26.3,56661,.0032773886440037,.0030674512667784,36042,.0023842487673979,.0014364385180389,20619,.0008931398766058,.0016310127487394
26.4,71304,.0048834797725983,.0048777720256522,46070,.0031470437356416,.0019051454273311,25234,.0017364360369568,.0029726265983211
26.5,80353,.0043748965796907,.0040481185225025,52274,.0030300752654915,.0016480227881614,28079,.0013448213141992,.0024000957343411
26.6,64373,.0039270200227419,.0035923496244803,41659,.0029836443942373,.0018002378849856,22714,.0009433756285046,.0017921117394947
26.7,73738,.0043537269004144,.004140655518918,47958,.0030270364978358,.0017778686638979,25780,.0013266904025785,.0023627868550201
26.8,72526,.0047023350843524,.0040606387546316,47080,.0036330168956885,.0022148775637419,25446,.0010693181886639,.0018457611908897
26.9,74665,.0046709687581332,.0043526037560806,48422,.0031866273207757,.0017405403330976,26243,.0014843414373574,.002612063422983
27,59042,.003687320457938,.0033509992908676,38007,.0027520029271627,.0016935218191931,21035,.0009353175307753,.0016574774716745
27.1,85090,.0054718542166873,.0054548166241442,56153,.003521726411866,.0020845179079663,28937,.0019501278048213,.0033702987161779
27.2,51140,.0045216430393197,.0047369924015862,32601,.0028905324173586,.0018515070725254,18539,.0016311106219611,.0028854853290607
27.3,74720,.0063678341874268,.0065455043083472,48553,.0042792810334444,.0026858224805756,26167,.0020885531539824,.0038596818277716
27.4,77895,.0057362739223677,.0055643958032123,52065,.0039402911461889,.0023850897129782,25830,.0017959827761787,.0031793060902341
27.5,69711,.0054353844627315,.0052292473611624,45514,.0038283127294385,.0023991029968558,24197,.0016070717332929,.0028301443643066
27.6,67420,.0053085287361511,.0055506882388329,44421,.0032060495433825,.0021860797908503,22999,.0021024791927686,.0033646084479826
27.7,69503,.006193328478711,.0066724871026717,45902,.0037344407581253,.0024199804893982,23601,.0024588877205856,.0042525066132734
27.8,79764,.0037008273511298,.0033684947843256,52189,.0023930216274399,.0013576450303511,27575,.0013078057236899,.0020108497539745
27.9,69202,.0073921435872199,.0076434738268988,45508,.0049935722495883,.0034749594961153,23694,.0023985713376316,.0041685143307835
28,70658,.0056492157776662,.0058249160885585,45951,.0034230114883769,.0022455246219739,24707,.0022262042892892,.0035793914665846
28.1,81294,.0049761542979259,.0051594252201185,53542,.0030115813008985,.0019452313844887,27752,.0019645729970274,.0032141938356298
28.2,71056,.0070849438238846,.0073895949908886,47272,.0046005313092897,.0033387419055371,23784,.002484412514595,.0040508530853514
28.3,66911,.0058029447677345,.0064637696730385,43940,.0032236581882278,.0021548705529922,22971,.0025792865795067,.0043088991200463
28.4,65350,.0032466023370546,.003121916181071,43479,.0021692848531338,.0013145035886172,21871,.0010773174839208,.0018074125924538
28.5,69374,.0049029489615486,.0055872484695463,45305,.002607889154977,.0015638107502962,24069,.0022950598065716,.0040234377192501
28.6,61179,.00553336583616,.0060512480037868,40234,.0031462746186335,.0021088528106447,20945,.0023870912175266,.0039423951931421
28.7,86825,.0054670859495541,.0055307944770542,58786,.0034763528184618,.0021091207733455,28039,.0019907331310923,.0034216737037087
28.8,73392,.0054018336654068,.0055795664307075,48423,.0034915153386107,.0022385502794027,24969,.0019103183267961,.0033410161513048
28.9,68811,.0056210193319895,.006145459094705,46022,.0031224354379258,.0020689371116582,22789,.0024985838940637,.0040765219830469
29,77543,.0052579823101767,.0056641573647483,50094,.0028919672648692,.0018165071424439,27449,.0023660150453076,.0038476502223043
29.1,55588,.0060760780374353,.0067779382419894,36609,.0031200479691023,.0021878410279814,18979,.0029560300683331,.004590097214008
29.2,87893,.0060038988122044,.0058965644936946,58554,.0039072631845733,.0024541871303836,29339,.0020966356276311,.0034423773633109
29.3,64745,.0036894693203605,.003909352299015,42584,.0019465758030583,.0011948727137421,22161,.0017428935173021,.0027144795852729
29.4,61885,.0047787322857567,.0046614082244996,40731,.0030563965775761,.00205202537814,21154,.0017223357081806,.0026093828463596
29.5,55475,.0038595242128212,.0042712996036671,36501,.0019950977909477,.0013541160322043,18974,.0018644264218735,.0029171835714628
29.6,62639,.0047198908949186,.0050735479221619,41084,.0024995385212346,.0017888383073804,21555,.002220352373684,.0032847096147815
29.7,66660,.0035370641538917,.0036250974363421,44084,.0019154665554763,.0011170765347132,22576,.0016215975984154,.0025080209016289
29.8,68850,.0042303840812163,.0045702847589015,45500,.0020276433911223,.0012202226737273,23350,.0022027406900939,.0033500620851742
29.9,52001,.0040302836151046,.0043413833337438,33454,.0021884796129932,.0015218901426506,18547,.0018418040021114,.0028194931910932
30,72259,.0054793688059771,.0062530590340462,47840,.0025193744667297,.0017948454483565,24419,.0029599943392474,.0044582135856897
30.1,67316,.0045953647283861,.0048964388000086,44452,.0023214803125406,.0015845288453347,22864,.0022738844158455,.0033119099546739
30.2,53557,.0047421375602001,.0056564247545249,34046,.0017633509404652,.0011389418014692,19511,.0029787866197349,.0045174829530557
30.3,65919,.0063780839880389,.0072856554046407,43839,.0029877935113468,.0020896568135179,22080,.0033902904766921,.0051959985911228
30.4,62527,.004134118277898,.0045257715733129,41644,.0018631437960854,.0012661269105515,20883,.0022709744818127,.0032596446627614
30.5,47675,.0046246527748351,.0054116275195307,30812,.0017178501806837,.001376816591216,16863,.0029068025941514,.0040348109283147
30.6,56027,.0059936751124568,.0069336607183157,37147,.0023329845594364,.0015286339988039,18880,.0036606905530204,.0054050267195119
30.7,48921,.0056009446573972,.0066134716418577,32108,.0021168531521394,.0015222107552562,16813,.0034840915052577,.0050912608866015
30.8,36374,.0049117918275742,.0058220293598121,22499,.0019822434516771,.001669720450557,13875,.0029295483758972,.0041523089092551
30.9,47025,.0047226741267919,.0054783570517736,30345,.0017367637566423,.0011799365639754,16680,.0029859103701496,.0042984204877982
31,46074,.0046810493718612,.0054259158735343,29864,.0019057902348318,.0014273976180596,16210,.0027752591370294,.0039985182554747
31.1,45648,.0054230228529487,.0059727400233763,29810,.002721831290367,.0019545734618457,15838,.0027011915625817,.0040181665615306
31.2,40967,.0037852087861598,.0042453040547392,26229,.0014717692156523,.0010551845977038,14738,.0023134395705075,.0031901194570354
31.3,42842,.004212548546247,.0045447404986859,27566,.0016943928345308,.0011383810496042,15276,.0025181557117162,.0034063594490817
31.4,43582,.0055361482159912,.0065811956435627,28033,.0015714060794922,.0013241403280598,15549,.0039647421364989,.0052570553155029
31.5,42816,.0051474041145187,.0058324875603976,27792,.0022005628848016,.0017699385396744,15024,.0029468412297171,.0040625490207233
31.6,34612,.0037575975211755,.0043119436925122,21661,.0013208533253523,.0010137663488655,12951,.0024367441958232,.0032981773436467
31.7,35852,.0052330520477349,.0061062604113678,22631,.0017280524660078,.001406204173425,13221,.0035049995817271,.0047000562379428
31.8,33671,.0043640424383016,.0053928820406493,21383,.0015931433126733,.0015342685085232,12288,.0027708991256283,.0038586135321261
31.9,34879,.0030629038359115,.0034193395552532,22280,.0011493451839485,.0008517796288936,12599,.001913558651963,.0025675599263596
32,27245,.0033406277486085,.0036966528730344,16677,.0012766855150168,.0009181704357195,10568,.0020639422335917,.0027784824373148
32.1,34033,.0049145071363446,.0060784469601485,21249,.0011712623136356,.0011181565141763,12784,.003743244822709,.0049602904459722
32.2,31255,.0040340091634528,.0047718459873206,19535,.0012690068662177,.0009792582382462,11720,.002765002297235,.0037925877490744
32.3,37414,.0043458706150955,.0050711335922478,23843,.0015734430982602,.001241901951669,13571,.0027724275168352,.0038292316405788
32.4,27193,.0039895655268096,.0047685788257999,16350,.0012732865883957,.0010665874411321,10843,.0027162789384139,.0037019913846678
32.5,23232,.0034602234464358,.0041970156528994,13572,.0010168246832177,.0009657459140551,9660,.0024433987632181,.0032312697388443
32.6,39867,.0048250708812785,.0057189739307695,25694,.0019298853206672,.0015854452529625,14173,.0028951855606113,.004133528677807
32.7,34170,.002269945161691,.0024477806851523,21405,.0009745636634022,.0006715669725256,12765,.0012953814982888,.0017762137126267
32.8,33949,.0031831113102216,.0034824789168314,21668,.0014076935542124,.0010203199294635,12281,.0017754177560091,.0024621589873679
32.9,26092,.0034378748531577,.0042803223764882,15727,.0009701469485615,.0010019817754207,10365,.0024677279045962,.0032783406010675
33,24000,.0056609938286914,.0066203746603647,13588,.0024575098341056,.0021195032094361,10412,.0032034839945859,.0045008714509286
33.1,24872,.0038419331339215,.0045050199423544,14705,.0014988076392502,.0012652917974612,10167,.0023431254946713,.0032397281448933
33.2,23225,.0031573475346872,.0037956774057923,13877,.001185096621684,.0010625472068743,9348,.0019722509130032,.0027331301989181
33.3,19412,.0040123366309495,.0046038429986132,10746,.001528078435505,.0013052019849875,8666,.0024842581954445,.0032986410136258
33.4,20514,.003212531912124,.0038691674219801,12010,.0009868974568283,.000818315303257,8504,.0022256344552957,.0030508521187232
33.5,21114,.0045901910940702,.0054228602004074,12091,.0018377303032931,.0014529910231514,9023,.0027524607907772,.003969869177256
33.6,23248,.0046322912679791,.0060179579640926,13670,.0012268274957031,.0013445819381155,9578,.003405463772276,.0046733760259771
33.7,19973,.0028018718661981,.0033768153664291,11504,.0008478040065023,.0006470264475358,8469,.0019540678596958,.0027297889188933
33.8,17951,.002308891403614,.0027112653523436,10521,.0006644933545835,.0005243790026595,7430,.0016443980490304,.0021868863496841
33.9,16152,.0021672769058046,.0026295507623058,8864,.0006914405728851,.0006377938691682,7288,.0014758363329195,.0019917568931376
34,19232,.0027826919446625,.0033160102988807,10983,.0005998420205566,.0004459420034642,8249,.0021828499241059,.0028700682954165
34.1,18752,.0026809047785399,.0033233845254713,10899,.0007107387749403,.0007401608998972,7853,.0019701660035997,.0025832236255742
34.2,18776,.0033608025493479,.0043116431237449,10958,.0005992843486685,.0006839352189709,7818,.0027615182006794,.0036277079047739
34.3,13787,.0021761108723016,.002787722422035,7483,.0006118589433822,.0006509750711627,6304,.0015642519289194,.0021367473508723
34.4,17237,.0022229255676998,.0027414812852011,10008,.0004674477761058,.0003990041908184,7229,.001755477791594,.0023424770943827
34.5,16012,.0023640208067227,.0030041112968115,9010,.0005160644457188,.0004757788319465,7002,.001847956361004,.0025283324648651
34.6,15246,.001966464329194,.0022004024373062,8798,.0007823992123589,.000597873326847,6448,.0011840651168351,.0016025291104592
34.7,13994,.0032202687870631,.0040945442131677,7853,.0005966814773302,.0006607073386586,6141,.002623587309733,.0034338368745091
34.8,12800,.0030035930846669,.0037826892592046,7078,.000705704216519,.0006328740585803,5722,.0022978888681479,.0031498152006243
34.9,12252,.002188969543677,.0027335777068747,6657,.0005468805480971,.000577383280734,5595,.0016420889955799,.0021561944261408
35,12087,.0030527704039654,.0039126320628135,6705,.0006381001547047,.0007200026860519,5382,.0024146702492608,.0031926293767616
35.1,12350,.0025178449075626,.003075503109896,7110,.0005711847478564,.0005172508847069,5240,.0019466601597061,.0025582522251891
35.2,10387,.0026521969457142,.0033269196856407,5665,.0005257206725036,.0005295279386516,4722,.0021264762732106,.0027973917469891
35.3,9743,.0019545290816597,.002426170594322,5183,.0005735181807984,.0006103367603272,4560,.0013810109008612,.0018158338339948
35.4,9619,.0014662212017297,.0017310865844891,5577,.0004476162681582,.0003810923261179,4042,.0010186049335715,.0013499942583712
35.5,6785,.0014543282596846,.0017960699791111,3618,.0003284558232104,.0003065637574791,3167,.0011258724364742,.001489506221632
35.6,9140,.0027474248006794,.003882006639841,4832,.0009577855579285,.0015423844790649,4308,.0017896392427508,.0023396221607761
35.7,8787,.0023373355448053,.002968244427568,4541,.0004075188936288,.0004457538188825,4246,.0019298166511765,.0025224906086855
35.8,6818,.0015882252837737,.0021052065468942,3301,.0003730724100477,.000473496981602,3517,.001215152873726,.0016317095652921
35.9,7913,.0011871984644561,.00141394864256,4409,.0003322102743061,.0002729602043783,3504,.00085498819015,.0011409884381818
36,7637,.0011533808809593,.0014941793945047,4153,.0002782928277963,.0003369794336178,3484,.000875088053163,.0011571999608869
36.1,6446,.0018336110798867,.0022371388777097,3345,.0004125968995403,.0003844957019999,3101,.0014210141803464,.0018526431757098
36.2,6790,.0023205060706642,.0031218866796608,3589,.0008421366228967,.0011907645172919,3201,.0014783694477676,.001931122162369
36.3,5855,.0025717424709155,.0037973157283224,3111,.0012281641251453,.0020415192862027,2744,.0013435783457703,.0017557964421197
36.4,7589,.0014115532563201,.0018423522805794,4011,.0002855260052815,.0003667443973817,3578,.0011260272510385,.0014756078831978
36.5,7100,.0015641335337161,.0019063477190061,3907,.0003812721026111,.0003479687997972,3193,.001182861431105,.0015583789192088
36.6,4918,.000596488036593,.0007177780010375,2655,.0001543347979041,.0001313078165582,2263,.0004421532386889,.0005864701844793
36.7,5681,.002209157223799,.0029038608962374,2810,.0003395461559768,.0004708483693155,2871,.0018696110678222,.0024330125269219
36.8,5466,.001205057835757,.0015456127634194,2868,.0002577888462325,.0003024554877391,2598,.0009472689895245,.0012431572756803
36.9,4248,.0015888338398315,.0021254176173584,2273,.0003085588400135,.0004448455196511,1975,.0012802749998181,.0016805720977073
37,4720,.0014317502581284,.0018699755735825,2399,.0002803135994109,.0003473834447944,2321,.0011514366587174,.0015225921287881
37.1,4375,.0016187338548019,.0022094906812566,2308,.0004476645087309,.0006853098182201,2067,.001171069346071,.0015241808630365
37.2,5696,.0021953662336435,.0029261960223085,3183,.0004424398710654,.0006418965529617,2513,.0017529263625781,.0022842994693468
37.3,3287,.0015448211084259,.0019823019099368,1612,.0002150131704007,.0002483686209215,1675,.0013298079380252,.0017339332890152
37.4,3804,.0009684731126531,.0011642048149336,1991,.0002662426179258,.0002423505209432,1813,.0007022304947272,.0009218542939904
37.5,3091,.0014924361121196,.0020297024802067,1617,.0003962662870773,.0006002657710821,1474,.0010961698250422,.0014294367091247
37.6,3384,.0016094909664181,.0019644493541121,1776,.0003009069316743,.0002651881375773,1608,.0013085840347438,.0016992612165348
37.7,2288,.0009912442472729,.0012519795560495,1138,.0002211213239194,.0002506450151131,1150,.0007701229233535,.0010013345409364
37.8,2568,.0018352350626059,.0022606050014617,1345,.0002938424427719,.0002651902124428,1223,.0015413926198341,.0019954147890189
37.9,2666,.00096729117655,.0012280307092381,1384,.000092122424586,.0000791091052524,1282,.000875168751964,.0011489216039857
38,2674,.000589860773908,.0007101567633991,1553,.0001270063343393,.0001019912361169,1121,.0004628544395687,.0006081655272823
38.1,2678,.0006410833329684,.000815817576563,1474,.0001167664133561,.0001290671549975,1204,.0005243169196122,.0006867504215655
38.2,2298,.0011618500218397,.0014877984822601,1249,.0002411324940514,.0002902986766113,1049,.0009207175277883,.0011974998056488
38.3,1798,.0004307626263219,.0004987880925902,964,.0001461600405188,.0001187250941607,834,.000284602585803,.0003800629984295
38.4,1612,.0006561543757328,.0007478391387612,921,.0001633452796314,.0001028278951597,691,.0004928090961015,.0006450112436015
38.5,2589,.0008632230544398,.0010471911326574,1425,.0001717881683172,.0001437373803751,1164,.0006914348861226,.0009034537522823
38.6,2098,.0008860907890132,.0011577912874527,1139,.0001570533142695,.0001911297002092,959,.0007290374747438,.0009666615872435
38.7,1575,.0006553411420249,.000804628757692,698,.0001222016753606,.0001108118701494,877,.0005331394666642,.0006938168875426
38.8,1975,.0009428992272144,.0012237096323736,1054,.0001574267698717,.0002026597573305,921,.0007854724573427,.0010210498750431
38.9,1869,.001191054115689,.0016145174731459,1023,.0001628863425993,.0002819287057372,846,.0010281677730897,.0013325887674087
39,2357,.0004349452704973,.0005058644766055,1365,.000128561482192,.0000980588680285,992,.0003063837883053,.000407805608577
39.1,1027,.0007275230855945,.0008723876327195,536,.0001360437571158,.0001040823240747,491,.0005914793284787,.0007683053086448
39.2,936,.0007655141453606,.0010410996389389,402,.00009642869288,.0001761248907883,534,.0006690854524806,.0008649747481506
39.3,1010,.0008617895786069,.0011287094673623,467,.0001308238272522,.0001745781295238,543,.0007309657513547,.0009541313378385
39.4,1238,.0005318575805744,.0006260771343198,713,.0001703218189892,.00015766206215,525,.0003615357615852,.0004684150721699
39.5,1681,.0003574506568493,.000440171120434,946,.0000659101279077,.0000592562746805,735,.0002915405289416,.0003809148457535
39.6,1010,.0004263107885381,.0005088590630034,472,.0001057488454843,.0000907462771376,538,.0003205619430538,.0004181127858658
39.7,986,.0006518994158117,.0008194958910384,519,.0001240509457241,.0001342178179353,467,.0005278484700876,.000685278073103
39.8,833,.0003408404768487,.0004456545046857,417,.0000362523071979,.000049279378074,416,.0003045881696508,.0003963751266117
39.9,892,.0004205321658396,.0005560190226654,418,.0000362639737939,.0000528039274583,474,.0003842681920458,.0005032150952071
40,789,.0005371673412451,.0007102468521556,394,.0000614486923141,.0000940220603154,395,.0004757186489311,.0006162247918402
40.1,885,.0003313278767641,.0004126005593426,501,.0001527221407995,.0001809821284265,384,.0001786057359646,.000231618430916
40.2,1026,.0007096953479768,.0009183197995267,516,.0000646699932134,.0000846419255903,510,.0006450253547634,.0008336778739364
40.3,1063,.0005489660977009,.0007156798146037,581,.0001023127715949,.0001382219582744,482,.000446653326106,.0005774578563293
40.4,899,.0003901648691108,.0004802222760087,429,.000062182957955,.0000536640968845,470,.0003279819111558,.0004265581791243
40.5,1056,.000814088857568,.00108008109782,553,.0000577644759068,.0001035520243353,503,.0007563243816612,.0009765290734847
40.6,1249,.000687567078274,.0009221904333182,589,.0001139545069788,.0001753428754944,660,.0005736125712952,.0007468475578238
40.7,669,.0004921291399009,.0006176175629746,303,.0000665332637397,.0000676254156758,366,.0004255958761612,.0005499921472988
40.8,862,.0004624325630188,.0006374814808456,369,.000078593038531,.0001222651707582,493,.0003838395244878,.0005152163100874
40.9,451,.0002235360942401,.0002873881986714,255,.0000260607420435,.0000322610413286,196,.0001974753521967,.0002551271573428
41,754,.0005192136986787,.0006971976950159,399,.0000510671601202,.0000925774246578,355,.0004681465385585,.000604620270358
41.1,338,.0003606931468798,.0004274952860692,177,.0001046764914814,.0000941102632726,161,.0002560166553984,.0003333850227967
41.2,368,.0003066757152855,.0003486657639,183,.0000932596416996,.0000724282294893,185,.0002134160735859,.0002762375344108
41.3,466,.0007079279486636,.0009282602219555,226,.0000691744948493,.000104099927024,240,.0006387534538143,.0008241602949315
41.4,457,.0005186587456779,.000665068515759,170,.0000310496564144,.0000345462333875,287,.0004876090892635,.0006305222823715
41.5,692,.0003231224219857,.0004020084976386,350,.000051284107742,.0000493674779127,342,.0002718383142437,.0003526410197259
41.6,705,.0001372761883368,.0001570640185404,417,.0000597636796349,.0000559308781545,288,.0000775125087019,.000101133140386
41.7,899,.0002599676409711,.0003434461546132,475,.0000395422987652,.000057982826829,424,.0002204253422059,.0002854633277842
41.8,500,.0001810648512103,.0002024994650773,302,.0000513224914043,.0000339446584755,198,.0001297423598061,.0001685548066018
41.9,344,.0002312930873001,.0002673693732949,177,.0000541827255471,.0000381999772094,167,.0001771103617529,.0002291693960854
42,547,.0001018502353717,.0001167266733546,284,.0000293303518604,.0000222966995447,263,.0000725198835113,.0000944299738099
42.1,270,.0002373394570722,.0002898059537974,142,.0000195420336107,8.71530353419e-06,128,.0002177974234616,.0002810906502632
42.2,648,.0001617308830426,.0002038443667942,344,.0000185396011152,.0000182722293417,304,.0001431912819274,.0001855721374525
42.3,299,.0003009104183587,.0003906884826197,129,.0000495050183309,.000066086445391,170,.0002514054000278,.0003246020372287
42.4,146,.0000945258394443,.0001300528468968,72,.0000110330723844,.000018616976708,74,.0000834927670599,.0001114358701888
42.5,188,.0001525920390273,.0002015273813374,90,.0000113333671408,.0000189816250269,98,.0001412586718865,.0001825457563105
42.6,201,.0001045403682471,.0001485072456231,110,.000012299654141,.0000228433766261,91,.0000922407141061,.000125663868997
42.7,73,.0001954133037081,.0002690410744544,27,.0000277806673772,.000052812395217,46,.0001676326363309,.0002162286792373
42.8,159,.0001710858883613,.0002240226223109,79,.0000518845449577,.000070151494169,80,.0001192013434036,.0001538711281419
42.9,263,.000052242752622,.0000688780253908,145,3.69161911684e-06,6.05212228377e-06,118,.0000485511335052,.000062825903107
43,66,.00022091541598,.000289452422038,12,.0000255616836569,.0000375578685805,54,.0001953537323232,.0002518945534575
43.1,7,.0000131965292667,.0000186302884231,2,2.48328763064e-06,4.81633605887e-06,5,.000010713241636,.0000138139523642
43.2,82,.0000120306016311,7.78401731827e-06,35,9.48650152655e-06,4.20936170542e-06,47,2.54410010458e-06,3.57465561285e-06
43.4,141,.0000436126480178,.0000514749235021,65,.0000131430260364,.0000119117880288,76,.0000304696219814,.0000395631354733
43.6,33,4.39667102836e-07,3.21700927675e-07,24,4.07031901961e-07,2.41548218316e-07,9,3.26352008750e-08,8.01527093586e-08
43.7,23,2.92512030653e-06,1.31039462881e-06,12,2.90728808938e-06,1.26659834354e-06,11,1.78322171474e-08,4.37962852651e-08
43.8,143,.000027181548703,.0000350393145578,78,.000012449062595,.0000158532544625,65,.0000147324861079,.0000191860600953
43.9,40,.0000180908307947,.0000226316996468,18,3.88188569778e-06,4.24297599988e-06,22,.000014208945097,.0000183887236469
44,2,3.26991232669e-06,4.21631602876e-06,0,0,0,2,3.26991232669e-06,4.21631602876e-06
44.2,7,.0000203168519874,.0000208831806958,3,.0000175434215635,7.57440011512e-06,4,2.77343042399e-06,.0000133087805807
44.3,1,3.53338054992e-06,4.55603958471e-06,0,0,0,1,3.53338054992e-06,4.55603958471e-06
44.7,2,5.96644804318e-06,2.57602346210e-06,2,5.96644804318e-06,2.57602346210e-06,0,0,0
44.9,8,9.11026855288e-07,1.16272232908e-06,3,3.69611514728e-08,2.19341544927e-08,5,8.74065703815e-07,1.14078817459e-06
45,2,4.30504860560e-06,1.85871158465e-06,2,4.30504860560e-06,1.85871158465e-06,0,0,0
45.1,48,7.30570016927e-07,5.89642932702e-07,27,6.46764380718e-07,3.83814605875e-07,21,8.38056362085e-08,2.05828326827e-07
45.2,4,1.72456964265e-06,2.22370817937e-06,0,0,0,4,1.72456964265e-06,2.22370817937e-06
45.3,76,.0000175088956056,.0000222636178631,31,8.45419097395e-07,5.01703874445e-07,45,.0000166634765082,.0000217619139886
45.7,7,.0000349872896095,.0000480412700199,1,4.50362858828e-06,8.73478711583e-06,6,.0000304836610212,.0000393064829041
45.8,161,5.92510823938e-06,7.08034971009e-06,78,1.26428262526e-06,7.50273442929e-07,83,4.66082561412e-06,6.33007626716e-06
46.1,2,.0000143950264828,.0000185613480426,0,0,0,2,.0000143950264828,.0000185613480426
