,year,cons_damages,no_cons_damages,fair_temperatures_anomaly_rcp,diff,level_cons,level_no_cons,slope_cons,slope_no_cons
0,2015,0.0,0.0,0.18491824,0.0,0.0064874711869144066,0.00645669986243134,-0.023300931818143987,0.017074823096384
1,2016,0.0,0.0,0.19858900000000002,0.0,0.00885145786584534,0.008656133850590785,-0.017701355018200002,0.011675467780599996
2,2017,0.0,0.0,0.21393204,0.0,0.007933507348521824,0.007607175464693551,-0.028513103854047997,0.0025330826499999903
3,2018,0.0,0.0,0.23145127,0.0,0.008811758035181761,0.008242665177999566,-0.04981412753725,-0.002879976910448001
4,2019,0.0,0.0,0.25120172,0.0,0.008946138795091282,0.0087487660997705,-0.021751352209695998,-0.006221195890056
5,2020,-2.2930390772673767e-05,-6.622285986263715e-07,0.27355906,-2.2268162174047396e-05,0.012222368363611935,0.011818739883582131,-0.038734674912884,-0.0010234731029480082
6,2021,-5.6080838219608325e-05,2.0770269340067427e-05,0.30228451,-7.685110755967575e-05,0.014949085833598,0.014727463824045625,-0.05782112359596596,0.021434675125190004
7,2022,-7.762064758325138e-05,2.354661158571192e-05,0.33639038,-0.0001011672591689633,0.021383935724249514,0.02231972543740611,-0.063835756105448,0.01947443014746801
8,2023,-7.319691361497987e-05,4.399726743780155e-05,0.37241864,-0.00011719418105278143,0.026198444206704263,0.028587789720004475,-0.05339778081419197,0.03209432076697599
9,2024,-4.7703233652586496e-05,6.673668609089023e-05,0.40818807,-0.00011443991974347673,0.0332667588113191,0.03682069626106049,-0.03256945759474003,0.045328047865663995
10,2025,-2.126542429104622e-05,9.941007331813745e-05,0.43964854,-0.00012067549760918367,0.03604766904546909,0.04057309147475954,-0.01419584249422004,0.064721873007064
11,2026,-2.587018157866605e-05,8.208319014152421e-05,0.46747062,-0.00010795337172019026,0.038637896514395205,0.043066298627549335,-0.016715287087623987,0.05231982907265201
12,2027,7.799693471713387e-07,7.926997285773868e-05,0.49258384,-7.849000351056734e-05,0.044311815652726703,0.04761520216349497,0.0003663901968959937,0.050000016103488004
13,2028,3.121817529496557e-05,0.00011114403220718189,0.51769423,-7.992585691221632e-05,0.047057390107847694,0.05046907496845694,0.019383771067765995,0.06972818584249599
14,2029,1.6452533856049778e-05,0.00013280599942047666,0.54197508,-0.00011635346556442688,0.04564064630947752,0.05049344639752836,0.009994165608904065,0.083344547545656
15,2030,3.321436438788461e-06,0.00014976962462341648,0.56671721,-0.00014644818818462801,0.04815658474861077,0.054188797690030606,0.0016768030286279378,0.094363822820352
16,2031,8.597812505366231e-05,0.00018780108028164377,0.59224176,-0.00010182295522798146,0.060577874080210314,0.06471678404053699,0.05421384620576,0.11904643342505601
17,2032,0.00012527427062672403,0.00019319605730318268,0.61996651,-6.792178667645865e-05,0.07457373566266591,0.07746806026501334,0.07986907649433,0.123439167792892
18,2033,0.00012481517374486606,0.00020255272090223542,0.65214825,-7.773754715736936e-05,0.0757843441237244,0.07946171449950015,0.08020998395380004,0.13049188041909998
19,2034,0.0001461966016324534,0.00019093295264055454,0.69004375,-4.473635100810114e-05,0.08777730986090876,0.09034304690263749,0.09494444211499999,0.12413700142874998
20,2035,0.000204334437632403,0.00022047003903512274,0.72790456,-1.6135601402719746e-05,0.09958843778527879,0.10067492974310414,0.13399610768984,0.14462084133593597
21,2036,0.00020035166371520918,0.00023304867584418576,0.76758552,-3.269701212897658e-05,0.1030962750269285,0.10569857260159378,0.132532550390832,0.154259332298592
22,2037,0.0002046971085970517,0.000238484721343038,0.80400944,-3.3787612745986295e-05,0.11009703518943037,0.11311518028311567,0.136642318003904,0.159296141741728
23,2038,0.00022404949174301136,0.00024374923956052563,0.84043378,-1.9699747817514268e-05,0.13089267810540456,0.13284023789704716,0.150983126540084,0.164309133267528
24,2039,0.0002256047433164543,0.0002533196440840102,0.87366557,-2.7714900767555894e-05,0.14756862595715645,0.1504558989504327,0.1533703281432,0.17228046656203402
25,2040,0.0001966754895114109,0.00025793153964856486,0.90470022,-6.125605013715396e-05,0.15215394501718027,0.1586175265839251,0.13478659818802802,0.17693552338276003
26,2041,0.00019310755746759778,0.00026661035867356353,0.93437839,-7.350280120596575e-05,0.1643071835822431,0.17198430778803858,0.133445505146976,0.184437210841746
27,2042,0.00021330609352240848,0.0002982726198237362,0.96507698,-8.496652630132773e-05,0.1839926842705201,0.19277499886879937,0.14861009983992798,0.208027307345564
28,2043,0.0002221288213813677,0.0003277556021564765,0.99776345,-0.00010562678077510879,0.19484132816863495,0.2057369603642004,0.15596256511146997,0.23040766559622
29,2044,0.00025397995180748145,0.0003502971616301809,1.0333689,-9.631720982269942e-05,0.20817568368892722,0.2184884774243313,0.17976839349197998,0.24817626925948
30,2045,0.00028827835623401743,0.0003699671489463263,1.0744785,-8.168879271230889e-05,0.22688185189086651,0.23645908585258565,0.20565421256849997,0.264110498473
31,2046,0.0003066388481675897,0.00040203288113715985,1.1183776,-9.539403296957016e-05,0.2407290393289504,0.2532398242535375,0.22033169404736003,0.28909198640448003
32,2047,0.0003309847438771052,0.0004170433420229158,1.1648836,-8.605859814581063e-05,0.25945833849761074,0.2723036448308062,0.23959782452992,0.30208058032656004
33,2048,0.0003591153590146168,0.00043740534457326063,1.2102482,-7.828998555864386e-05,0.27677858902855024,0.28991421798905714,0.26180560565684,0.31904417988508
34,2049,0.00038938611107852683,0.00046218285836685524,1.2513832,-7.279674728832841e-05,0.3007255533796673,0.3139889186367857,0.28587838800928,0.33946936816896
35,2050,0.0003956127349265537,0.000486099162746112,1.2878665,-9.048642781955829e-05,0.31616380048064247,0.3334416731850184,0.2923998072778,0.3594618448546
36,2051,0.00042181011707176364,0.0005154936630698548,1.3228704,-9.368354599809114e-05,0.3424866233553632,0.3607222803917904,0.31383989482048,0.38372469306688
37,2052,0.00043920248670908935,0.0005166148111834801,1.3569617,-7.741232447439073e-05,0.3656205403904229,0.3808071823153032,0.32890866829880006,0.38701775177532005
38,2053,0.00044155071824636405,0.0005396595350642963,1.3909743,-9.810881681793227e-05,0.39069836832118576,0.41008952520788755,0.3327411411133201,0.40684556883932
39,2054,0.0004438287654716655,0.0005567034093564294,1.427058,-0.00011287464388476387,0.40988117053374,0.43259815936103063,0.3365515667396,0.4223390158364
40,2055,0.0004892563259475957,0.0005771811657642734,1.4669782,-8.792483981667765e-05,0.44226681355522385,0.46063084335155025,0.37329344185695995,0.44051697538775997
41,2056,0.0005066627937716506,0.0005941911209111916,1.5105731000000002,-8.752832713954106e-05,0.45684731113594523,0.4763190255911264,0.3888633981614001,0.45617647318976007
42,2057,0.0005254733291897296,0.0006227165078748209,1.5536563,-9.724317868509136e-05,0.48275161913156345,0.5054993207159232,0.4055992019708201,0.48080689733016
43,2058,0.0005721750507743373,0.0006485260915134461,1.5969106000000002,-7.635104073910881e-05,0.5189439851661171,0.5375479824054535,0.44429744552148,0.5036923104645601
44,2059,0.000597128824021631,0.0006754783813844867,1.6401457999999998,-7.834955736285565e-05,0.5554812316069018,0.5754625154509849,0.4662902892226799,0.52757957070444
45,2060,0.0006020373736680407,0.0006884496972223708,1.6801840000000001,-8.641232355433015e-05,0.5858787851579395,0.6086400070832201,0.4727092229936001,0.5406736878703999
46,2061,0.0006261552110795598,0.0007142808729396766,1.7180898,-8.812566186011672e-05,0.6201764924523898,0.6439636887672007,0.49433287264732,0.56401890930388
47,2062,0.0006400627394876901,0.0007323461986804558,1.7547654,-9.22834591927657e-05,0.6546860258059244,0.6799371198101031,0.5079263067945999,0.58127260963116
48,2063,0.0006319746662342141,0.0007457907878982706,1.7917816999999998,-0.00011381612166405652,0.6663701730816747,0.6978151691817345,0.50412861616424,0.5950603585063399
49,2064,0.0006433849030500483,0.0007562798133969872,1.8294802,-0.00011289491034693899,0.6998072014410875,0.7309634390261872,0.5158383321776401,0.60648432414104
50,2065,0.0006695812027097681,0.0007863309019104925,1.8687958999999998,-0.00011674969920072442,0.7336175208150963,0.7655670841964202,0.5395299572564198,0.6337334859096599
51,2066,0.0006819787425721424,0.0008167744941280919,1.9122813000000003,-0.00013479575155594947,0.7675248431398425,0.8047208150508063,0.5522259529994802,0.6615219506060601
52,2067,0.0007098702605810026,0.0008336465399236825,1.9585569999999999,-0.00012377627934267998,0.8139980818816068,0.8492002214799013,0.5775494928717999,0.6783801694978
53,2068,0.000740817110476355,0.0008512420903029616,2.0054991,-0.0001104249798266066,0.8658629092905303,0.8985182705119636,0.6055630237003201,0.69593362379606
54,2069,0.0007829739947419201,0.0008860964648083058,2.050241,-0.00010312247006638575,0.8972581793573731,0.9288974883372347,0.64308210517,0.7278760259304
55,2070,0.0008100376642097284,0.0009168942533062108,2.0919859,-0.00010685658909648232,0.9395436432389499,0.9733875356933527,0.6681681212326,0.75640719018388
56,2071,0.0008250276093059172,0.0009207983639460959,2.1304309,-9.57707546401787e-05,0.9764803531990424,1.0075571844501356,0.6836536535532199,0.7630969336949399
57,2072,0.0008482493833548155,0.0009391840099330917,2.1678905,-9.093462657827622e-05,1.0190040041933484,1.049188650541449,0.705950064576,0.7817064968523999
58,2073,0.0008678133834028046,0.0009639062309836355,2.2049757999999997,-9.609284758083092e-05,1.059685579294276,1.0922473212164054,0.72537340893536,0.8057732912237999
59,2074,0.0008932543742041776,0.0009887390842284738,2.2412639,-9.548471002429615e-05,1.103141382899632,1.1358822870011953,0.7498423287497399,0.83007349373856
60,2075,0.0009242209288866654,0.0010201746068592144,2.2778602,-9.595367797254895e-05,1.1490806482235705,1.1821781183738702,0.77898161295436,0.85993089574304
61,2076,0.0009389367661729597,0.001038222710015857,2.3146701000000003,-9.928594384289724e-05,1.200612264390169,1.2347994212782651,0.7946069857832001,0.87870530124648
62,2077,0.000972724908689937,0.0010703680512957892,2.3531532000000004,-9.764314260585216e-05,1.2547757769225034,1.2881526691162817,0.8264971702328802,0.9095317135172002
63,2078,0.0010155343966289365,0.0011132089712160287,2.3944728,-9.767457458709217e-05,1.3216600479776335,1.3551388296540405,0.8660425854416,0.9494061986392
64,2079,0.0010402640675610808,0.0011396758943980068,2.4381482999999995,-9.941182683692595e-05,1.378770607105095,1.4132495694173373,0.8906324101253398,0.9758108572001198
65,2080,0.0010579701522432927,0.0011651931899907542,2.4828563,-0.00010722303774746145,1.4218295499810232,1.4597328687267703,0.90906059821412,1.00126156051138
66,2081,0.001112891631738444,0.0012181408556561912,2.5269627999999997,-0.00010524922391774716,1.490327184365377,1.5282455094257008,0.9598867808682399,1.0507322521400797
67,2082,0.0011410686061086306,0.001248667067075493,2.5703447,-0.00010759846096686232,1.545058191358911,1.58467655859714,0.98777253387806,1.0809819479595402
68,2083,0.0011719735327115899,0.001277291745428455,2.6113617000000002,-0.00010531821271686503,1.5798490170578277,1.6192535189398332,1.0180544256575201,1.10960417265762
69,2084,0.0012007694691682502,0.001310372011098293,2.6515601,-0.00010960254193004282,1.6498825693129502,1.6917142598045565,1.0468019438299399,1.14241526783014
70,2085,0.001226358302746089,0.0013321475300764885,2.6891732000000004,-0.00010578922733039953,1.7097889352045468,1.750749583019945,1.0728601901255201,1.16546875828864
71,2086,0.0012387872210553041,0.0013491275146140236,2.7260993,-0.00011034029355871944,1.7490968480576,1.792538093603925,1.0877323341277,1.18468016316844
72,2087,0.0012664414023928483,0.0013835051249528885,2.7639617999999997,-0.00011706372256004016,1.8054711312281786,1.8519550343184472,1.1156401235448397,1.2188293145508
73,2088,0.0012880928679590564,0.00141508662436296,2.8028904999999997,-0.00012699375640390365,1.8793001352434715,1.9304771780826129,1.1385272528987997,1.2508443573487
74,2089,0.0013189776968607347,0.0014412066426634507,2.8446512000000004,-0.00012222894580271593,1.9453684929348656,1.9958061747772018,1.1697640474928002,1.2782303215968003
75,2090,0.0013625244161272754,0.0014866753910078856,2.8900495,-0.00012415097488061022,2.0323639104871476,2.0854380961480383,1.2125841211822999,1.3231375362064999
76,2091,0.0014061039623665117,0.0015268376663724048,2.9369428,-0.00012073370400589312,2.1135204903191944,2.167218907335039,1.25528562698328,1.3631312421966402
77,2092,0.001440100395771804,0.0015554097072163486,2.9857771,-0.0001153093114445447,2.197740026526892,2.2516590603958466,1.2897909026904,1.3931228346937599
78,2093,0.0014822700585290782,0.001598100880704667,3.0310009,-0.00011583082217558882,2.274610783773503,2.331042983243349,1.33185756361222,1.43599214126228
79,2094,0.0015072226421164459,0.0016288421171233303,3.0719117999999996,-0.00012161947500688441,2.3511233308897994,2.412072435220813,1.3586765117838797,1.4683694461394
80,2095,0.0015293516256065232,0.0016465131861194138,3.1100807,-0.00011716156051289062,2.4172413023249657,2.4766199283950785,1.3829965317454405,1.48900229926624
81,2096,0.0015564252528057487,0.0016731352307481906,3.1456673,-0.00011670997794244187,2.510009436128673,2.5690306855990093,1.41208483714036,1.51802583960764
82,2097,0.0015894489835206471,0.001709912405357894,3.1811016,-0.0001204634218372469,2.593551972252211,2.6541789472830732,1.4465121421585598,1.5561974666873597
83,2098,0.0016006992703543332,0.0017187494957475735,3.2164152,-0.00011805022539324028,2.6557908517071844,2.7178142758887183,1.4615464558,1.56938762536752
84,2099,0.0016315401912283534,0.001742333601423951,3.2537515,-0.00011079341019559763,2.728511460056203,2.789203740255572,1.4942167050061,1.595734263413
85,2100,0.0016806037867533874,0.001682453576714149,3.2942221,-1.849789960761683e-06,2.844589996008772,2.246757853912618,1.5441027437644,1.5458032298601196
86,2101,0.0017148667684891983,0.0017168820389854567,3.3374540999999995,-2.015270496258381e-06,2.941106669393614,2.336910483232867,1.58052630697798,1.5823847548364798
87,2102,0.0017485229676799108,0.001750690436350677,3.3790736000000003,-2.167468670766226e-06,3.037190325552535,2.4266433942181833,1.61646829033504,1.6184732241862403
88,2103,0.0017814056003433443,0.0017837113582075403,3.419374,-2.3057578641960674e-06,3.133175674038096,2.516289356763522,1.6520661268499999,1.6542057403759998
89,2104,0.0018132271110040676,0.0018156597617258186,3.4573275999999997,-2.4326507217509175e-06,3.2272106524682926,2.6039915344098983,1.6867448569748802,1.6890091866049595
90,2105,0.001842915296060177,0.0018454675696641942,3.4920127,-2.55227360401733e-06,3.3174824873785584,2.687935513258417,1.7199673950964802,1.7223508674590398
91,2106,0.0018720913943885975,0.0018747540654602268,3.5253726999999997,-2.662671071629319e-06,3.407087627421662,2.7712210888421196,1.7527639751821997,1.7552584970137002
92,2107,0.0019008956479358297,0.0019036572141115649,3.5579534,-2.7615661757351972e-06,3.4968850098952458,2.854704952462668,1.78542076904464,1.78801624329644
93,2108,0.0019306523615547633,0.0019334991264718937,3.5910778,-2.8467649171304288e-06,3.5892191122115493,2.9407343934745525,1.81867012912652,1.82135353611116
94,2109,0.0019609509682685378,0.001963866996760988,3.6255577000000003,-2.9160284924500957e-06,3.6856601687356343,3.03088403190485,1.8529766353669006,1.8557339523310605
95,2110,0.001992902165482313,0.0019958657952061643,3.6629464999999994,-2.9636297238511133e-06,3.789298634716286,3.1282472286710874,1.8892437241678992,1.8920551418230995
96,2111,0.0020282852339494895,0.0020312660177008723,3.7055364,-2.980783751382887e-06,3.9048908448035293,3.237585022463649,1.92882629796016,1.9316629342276002
97,2112,0.002063205910689092,0.002066196207249682,3.7464979,-2.9902965605899112e-06,4.019622875780875,3.346067774562508,1.9678413573432003,1.97069553518592
98,2113,0.002097128469646492,0.0021001166229006607,3.786258,-2.9881532541686795e-06,4.134184285801276,3.454381317488622,2.0065169829928,2.0093782003432
99,2114,0.0021285750207766796,0.0021315631886684727,3.821456,-2.9881678917931254e-06,4.241589465927902,3.5555293042182012,2.0428646136224002,2.045734710496
100,2115,0.002159141523992325,0.0021621225825834145,3.8554161,-2.981058591089436e-06,4.348261411173137,3.6559466341733167,2.0787891176658997,2.0816615646607595
101,2116,0.0021880252742327855,0.002190998691888879,3.8865314,-2.973417656093602e-06,4.450686929434108,3.752113277548114,2.1133171500096397,2.1161914474780796
102,2117,0.002217100748731937,0.002220059970170496,3.9168274,-2.9592214385587567e-06,4.552932875731752,3.8481015028953127,2.14762729183788,2.15049626502472
103,2118,0.002245266916162336,0.0022482002748667185,3.9469535000000002,-2.9333587043822718e-06,4.656345436124831,3.9452574431345644,2.182102285405,2.1849556741844003
104,2119,0.0022746414189338537,0.002277537605496427,3.9778898000000003,-2.8961865625731775e-06,4.763089055068279,4.045752735751709,2.21733542325728,2.22016126825916
105,2120,0.0023054168714073953,0.0023082488693457748,4.0120411,-2.8319979383795157e-06,4.878683954210048,4.155108465231873,2.25481386688892,2.25758639283478
106,2121,0.0023389276935716907,0.0023416650581964404,4.0500884,-2.7373646247497163e-06,5.005071681992919,4.275267020192858,2.2950017848243998,2.2976904915013603
107,2122,0.0023754567219516076,0.002378073236401157,4.0913129,-2.6165144495493564e-06,5.141057466053015,4.405033419669342,2.33750162151534,2.3400791383529
108,2123,0.002408305708265779,0.0024108097825834562,4.1280499,-2.504074317677407e-06,5.268828893096281,4.526572899176079,2.3775515493251795,2.3800265144463397
109,2124,0.0024407958060344015,0.002443176892986898,4.1645055,-2.381086952496503e-06,5.398028356861588,4.649538626414616,2.4177473929849,2.4201089202971
110,2125,0.002470729453882825,0.002473000226498101,4.196500299999999,-2.2707726152759733e-06,5.518373672249405,4.763638244743263,2.45542961609668,2.457689311092399
111,2126,0.002499705122323448,0.0025018734665067655,4.2253981,-2.168344183317572e-06,5.632767818311577,4.87177863168937,2.4914105275675196,2.4935747218071596
112,2127,0.002527270393039238,0.0025293302538642592,4.2536054000000005,-2.059860825021076e-06,5.746969069134659,4.979723606184718,2.527200946179121,2.52926385452768
113,2128,0.002554624310664444,0.0025565680747785535,4.281467,-1.9437641141095696e-06,5.861799521474554,5.088293714719187,2.5630163353022004,2.5649696467116003
114,2129,0.0025828535215488557,0.0025846654537655667,4.3106675,-1.811932216710943e-06,5.981607395814694,5.201843828384251,2.5999509198585,2.601778063642
115,2130,0.00261299171066387,0.00261464242206344,4.3431888,-1.6507113995700706e-06,6.111783922804166,5.325765554685715,2.63932668221344,2.6409972985567998
116,2131,0.0026488883008717323,0.0026503265501531814,4.3824492,-1.4382492814490888e-06,6.261904295903448,5.469637120845039,2.68345067196808,2.6849110013427198
117,2132,0.002683345960646122,0.0026845637299857117,4.4210496,-1.217769339589836e-06,6.412683955244331,5.614160022395824,2.72748144266752,2.72872259928704
118,2133,0.0027176654126011,0.0027186532296754606,4.4593763,-9.878170743604642e-07,6.5651223782221,5.760333610619213,2.77166767715024,2.7726785228259003
119,2134,0.0027505801602591973,0.0027513533706402526,4.4938101999999995,-7.732103810553781e-07,6.709017523227457,5.897952562704939,2.81356269986168,2.81435706065172
120,2135,0.0027796645448407986,0.002780240270782386,4.5241041,-5.757259415872795e-07,6.843193117364709,6.0258398864154525,2.8529480687580198,2.8535424651432195
121,2136,0.0028073553974978793,0.002807753010642955,4.550561900000001,-3.9761314507558154e-07,6.968045403697857,6.144399026817966,2.889974983430021,2.890387839997621
122,2137,0.0028323381546027093,0.0028325508030944135,4.5768938,-2.1264849170421485e-07,7.094015745746127,6.264071390689452,2.9271482351637204,2.92737158922052
123,2138,0.0028598505118475614,0.002859872006482078,4.603104599999999,-2.149463451672773e-08,7.221115711538414,6.384868168296449,2.9644704072747188,2.9644963234275195
124,2139,0.002886520221953681,0.002886339407533356,4.6298432,1.808144203252482e-07,7.351284609050265,6.508728375057688,3.0023905462937597,3.00220615365376
125,2140,0.0029153274915696414,0.002914926381315297,4.657988099999999,4.011102543444167e-07,7.487265738720498,6.638394256680583,3.0415329928462396,3.041118242475439
126,2141,0.0029436344240867385,0.002942979272184232,4.6894894,6.551519025066455e-07,7.6352482032164914,6.780050131325649,3.0832942560894803,3.0826117813732004
127,2142,0.002976779955335296,0.002975842343005297,4.7236037,9.376123299986716e-07,7.793336565725935,6.9318027424459725,3.1271886089958607,3.1262074195203198
128,2143,0.003007757047819304,0.0030065320215602043,4.757268900000001,1.225026259099593e-06,7.952178841691126,7.08429824641058,3.1710623421644604,3.1697746354798797
129,2144,0.003038952307701237,0.0030374330198768007,4.7908087,1.5192878244363328e-06,8.112771797665381,7.238535296702398,3.2151423681275,3.2135388618295
130,2145,0.0030705774814077103,0.003068763198375457,4.8230839,1.8142830322531722e-06,8.271403268475963,7.390796689395605,3.2586035232463204,3.25668204402834
131,2146,0.0030975448174341835,0.0030954546436730013,4.8523893,2.090173761182257e-06,8.422288889510066,7.535309526234981,3.3001855667433198,3.2979625888386597
132,2147,0.0031266967804892687,0.003124323060093026,4.8815650999999995,2.373720396242618e-06,8.574560885864013,7.681198630066318,3.3419307720936,3.3393976210161798
133,2148,0.0031538105199704347,0.003151158578202029,4.9092665,2.6519417684056634e-06,8.723666664397152,7.823912616181729,3.3828473726567,3.3800068459521
134,2149,0.0031806063149719677,0.0031776739043882785,4.9365706,2.9324105836892045e-06,8.873118155312527,7.966965486959973,3.4237124329440394,3.4205599260877997
135,2150,0.003207451461980426,0.0032042309154061144,4.964014499999999,3.220546574311811e-06,9.024739186549809,8.112177418400172,3.4649222213315,3.4614472252797
136,2151,0.0032360021823567564,0.0032324810411363814,4.9919667,3.521141220375057e-06,9.179849479861275,8.26086591346965,3.5067550151850195,3.5029433699411396
137,2152,0.0032649798645216777,0.003261128717701567,5.022603,3.8511468201107846e-06,9.346248845940156,8.420821795029477,3.5508602931032,3.54667607601
138,2153,0.0032964948699873986,0.003292268241287033,5.0574708,4.226628700365609e-06,9.529870187499228,8.597964369980652,3.5984459234264,3.5938363039564796
139,2154,0.0033312560941602953,0.0033266240290661386,5.0944419000000005,4.632065094156701e-06,9.723566968166622,8.785155893784715,3.64794421989104,3.64287598589628
140,2155,0.0033629812958970717,0.0033579576348596873,5.1291699,5.023661037384386e-06,9.91160348851143,8.966675525077717,3.69604697994146,3.69052998551832
141,2156,0.0033945720119188394,0.0033891694257999205,5.1616254,5.402586118918862e-06,10.093555759486751,9.142108081896774,3.7426998234926,3.73674740879496
142,2157,0.0034242117899108138,0.0034184552534117785,5.1907797,5.756536499035292e-06,10.265226095668204,9.307264965824452,3.78707488765622,3.78071258984154
143,2158,0.003448973788152898,0.0034428956356169493,5.2162929,6.078152535948789e-06,10.424884849297545,9.46041709833072,3.8288631071289805,3.822119758345021
144,2159,0.003474005995059315,0.0034676189209559283,5.2395597,6.387074103386681e-06,10.57748247350691,9.606508779468358,3.8691127971859998,3.8620036231681802
145,2160,0.003498959538815072,0.00349226480659226,5.262234200000001,6.6947322228116946e-06,10.729214400544745,9.751730744969695,3.9090985705191206,3.9016234475810005
146,2161,0.0035246309476875126,0.0035176128519616157,5.2859864000000005,7.018095725896956e-06,10.886614721328996,9.902601643892478,3.9501399382540803,3.9422789656478407
147,2162,0.003551978572140513,0.0035446013825861655,5.3127213,7.3771895543472965e-06,11.057433097445921,10.066851013072597,3.9937735156882996,3.9854831563980593
148,2163,0.003582631700469463,0.0035748419231502737,5.3441639,7.789777319189284e-06,11.249034102732645,10.251829711461507,4.04142175321494,4.03263884700902
149,2164,0.003616039367393853,0.003607794644722162,5.3789387,8.244722671690852e-06,11.456477318118145,10.452600442291772,4.09203732429034,4.08271175060938
150,2165,0.0036484703205630353,0.0036397983283649182,5.410049,8.671992198117096e-06,11.651301604409948,10.640764069830265,4.139985398298,4.130149598926799
151,2166,0.003678297902087735,0.003669204862353226,5.440435900000001,9.093039734509034e-06,11.845299574328617,10.828088478720986,4.18761594802104,4.177268321999921
152,2167,0.0037060754245867855,0.003696612302277913,5.4650822,9.463122308872585e-06,12.017145840396534,10.993303260865716,4.23080333207624,4.22000488040168
153,2168,0.003729809876382717,0.003720011395392575,5.4865141,9.798480990141911e-06,12.176893052497014,11.146440219090126,4.271555859880481,4.260338715403999
154,2169,0.003754061412204024,0.003743935536174803,5.506360099999999,1.0125876029221104e-05,12.33117760451114,11.294117057184561,4.311182972517659,4.299558938483559
155,2170,0.0037759057031259147,0.003765458630089924,5.525940900000001,1.0447073035990684e-05,12.485554369704921,11.441881642034057,4.35076254642618,4.338729575348081
156,2171,0.003800373695622028,0.0037895889048549236,5.5462226999999995,1.0784790767104369e-05,12.644242774647067,11.593941019044367,4.39110216724026,4.3786456222369
157,2172,0.003826391628086512,0.003815238388947151,5.568688900000001,1.1153239139360949e-05,12.813911861146806,11.756934753181332,4.43346216295364,4.42054407847314
158,2173,0.0038538003037693613,0.0038422297318927434,5.5955682,1.1570571876617919e-05,13.004821670954819,11.941098909362909,4.479756947127839,4.466311690861239
159,2174,0.0038863912204885054,0.0038743673613002017,5.6240406,1.2023859188303732e-05,13.204826520022932,12.134316921780453,4.52764488345288,4.51364178806428
160,2175,0.003917341077437797,0.0039048552786073998,5.653351799999999,1.2485798830397243e-05,13.41071370710546,12.333384017026244,4.57650145914912,4.5619194252509185
161,2176,0.003944959980927365,0.003932029489945421,5.681294,1.2930490981943876e-05,13.612408825336079,12.528254156488925,4.624439649406799,4.60928674455
162,2177,0.003975108844715081,0.0039617540268857,5.7057838,1.335481782938075e-05,13.799988299306182,12.709044841214144,4.6696376983780405,4.65395429239828
163,2178,0.0040017018586944175,0.003987964068219441,5.7267056,1.3737790474976919e-05,13.972450494429483,12.874758299300662,4.711950665656641,4.69577938539872
164,2179,0.004025653188890033,0.004011553287002201,5.7460012,1.4099901887831834e-05,14.138579443159333,13.034151271918466,4.75302863534384,4.7363859028384
165,2180,0.004049913436601216,0.004035460978347061,5.7638364,1.4452458254154976e-05,14.298966767501886,13.187815657911148,4.79299337782752,4.77589401582064
166,2181,0.0040700402694628934,0.004055250085508888,5.7813501,1.4790183954005443e-05,14.45895140947914,13.341069252659318,4.83283155176604,4.815274312070319
167,2182,0.004094321919717814,0.004079177724403138,5.7986789000000005,1.5144195314675812e-05,14.61916059508711,13.494541108011553,4.8726600281896,4.854641785871321
168,2183,0.0041164870988907865,0.004100987894718244,5.8164935,1.5499204172542136e-05,14.782877580206865,13.65149580159627,4.9130751667593,4.8945816037664
169,2184,0.0041444852767380524,0.004128595241054356,5.8355665,1.5890035683696624e-05,14.95398550359401,13.815812102132897,4.9547729035481,4.935781156078299
170,2185,0.004169228277538295,0.004152931564279427,5.8569283,1.6296713258867612e-05,15.137803572620522,13.992773449846933,4.99869942534816,4.97916543583614
171,2186,0.004199638534496231,0.004182867491524078,5.882544,1.6771042972152372e-05,15.344548071239595,14.192562834414781,5.046659629267201,5.026511037481601
172,2187,0.004229645552442207,0.004212402536778015,5.9076185,1.7243015664192285e-05,15.550404864670865,14.39145487099419,5.0943536568644,5.0735904881645
173,2188,0.004259779032043554,0.004242057140658062,5.932858,1.7721891385491517e-05,15.75893617359774,14.59299618136583,5.142419179788001,5.1210302801308005
174,2189,0.004289164390467448,0.004270964266241961,5.9577928,1.8200124225487002e-05,15.967739710897838,14.794791230051237,5.190428624513441,5.16840922796496
175,2190,0.004316359453259366,0.004297730092257979,5.9784832,1.862936100138768e-05,16.156142263089432,14.976263251409337,5.23474360409088,5.21215557382016
176,2191,0.00434024743871575,0.0043212295801371425,5.9962316,1.901785857860716e-05,16.330460201356154,15.143702025602785,5.276515642385199,5.25340038583704
177,2192,0.004366270875092226,0.004346865705137759,6.012647599999999,1.9405169954467283e-05,16.498890045339387,15.30527055721279,5.3172051314380795,5.293578810451519
178,2193,0.0043896784795016686,0.004369893910634914,6.0291419,1.978456886675417e-05,16.668823272467716,15.468328186673741,5.35811121891436,5.333967004340521
179,2194,0.004413317341587231,0.004393145980335689,6.0459852,2.0171361251541953e-05,16.841738288902246,15.634346382860034,5.3994904632816,5.37481690041728
180,2195,0.004438143524811977,0.004417560588969138,6.0644183,2.058293584283888e-05,17.024434517940488,15.81009257245341,5.44251868062228,5.4172829092766
181,2196,0.004468774757562244,0.004447707106571386,6.086857299999999,2.1067650990858056e-05,17.23038582139661,16.00897159674428,5.48950931519242,5.463634712134479
182,2197,0.0044986111346823066,0.004477025565314818,6.1125274,2.1585569367488233e-05,17.455863780640808,16.22727509075825,5.539774692000601,5.513198561485681
183,2198,0.004532285075622866,0.0045101528053344,6.1388431,2.2132270288466316e-05,17.68690965518586,16.45110790692923,5.59088406886406,5.5635876420379
184,2199,0.004560894429729956,0.0045382646769347446,6.1622157,2.262975279521129e-05,17.90339109269446,16.660425151572806,5.639396578044481,5.61142089091022
185,2200,0.004589821683929074,0.004566723939419148,6.182373,2.3097744509925633e-05,18.10333198223162,16.853275515053326,5.68500795189,5.6564040930146
186,2201,0.004615080284551709,0.004591571859521082,6.1985517,2.3508425030627222e-05,18.28192991250448,17.02488093766675,5.72693628584712,5.697769565856861
187,2202,0.004642939100971688,0.004619015416889027,6.213646400000001,2.3923684082660657e-05,18.455379823773885,17.19135700496172,5.76795049372608,5.738235298384962
188,2203,0.004664587212655391,0.004640282658581185,6.228187999999999,2.4304554074205953e-05,18.626638859146002,17.355642587865226,5.808557326508,5.778297545156
189,2204,0.004688141138895929,0.004663457754187306,6.2415037,2.4683384708623635e-05,18.791699882332402,17.513759802107607,5.8480852600150195,5.817300078113621
190,2205,0.004711242402095195,0.004686179301497617,6.255013,2.506310059757766e-05,18.958780644251565,17.673883854753893,5.8879217343266,5.856604291059201
191,2206,0.004734884261541339,0.004709434781489108,6.268486,2.544948005223091e-05,19.126547785644885,17.8346765713438,5.927842419072,5.895986361484001
192,2207,0.004759755883029015,0.004733894974393138,6.2835293,2.5860908635877422e-05,19.30458074051772,18.00567701635932,5.96944571753908,5.93701773614728
193,2208,0.004789258733353563,0.004762927646726922,6.3013792,2.6331086626640854e-05,19.500515748683178,18.194474851908733,6.0139913587686396,5.980932248483841
194,2209,0.004820692665720827,0.004793850228232088,6.3215976,2.6842437488738824e-05,19.712083679188588,18.398803258615263,6.0610771474488,6.02733355063808
195,2210,0.0048512188518650134,0.0048238552946244795,6.3429117,2.7363557240533964e-05,19.931836277501652,18.61126475416584,6.109446463749219,6.07499133849588
196,2211,0.0048825566503651885,0.004854679268078144,6.3629093,2.787738228704484e-05,20.14509018628383,18.81725533201985,6.156667979222859,6.12152150090146
197,2212,0.00491047870013972,0.004882115086807914,6.3816919,2.8363613331805482e-05,20.352297485193432,19.017214823472706,6.202829083730601,6.16700624691682
198,2213,0.004935530031204394,0.0049067259521713424,6.397696,2.8804079033051266e-05,20.543519110718808,19.20127560502118,6.2463114388096,6.2098631480064
199,2214,0.004963269600228415,0.004934021513729903,6.4123845,2.9248086498512293e-05,20.727598567356896,19.378228032686597,6.2885828593714,6.251530446775501
200,2215,0.004988017279643486,0.0049583734507834265,6.424141400000001,2.9643828860059784e-05,20.89414455188616,19.53774386910686,6.327958277850721,6.290356818564442
201,2216,0.005011986820612435,0.004981959795397728,6.434939900000001,3.0027025214707237e-05,21.05537703868601,19.691968497574702,6.366445254045141,6.328309290412981
202,2217,0.005037267577080229,0.005006840256438494,6.4465618,3.0427320641734923e-05,21.222591001471464,19.852141886029404,6.405883038257959,6.3671943841348
203,2218,0.005063425172476599,0.0050325770664940706,6.4592404000000005,3.0848105982528295e-05,21.397393721711847,20.019848295907337,6.446527637270321,6.40725893727264
204,2219,0.005094534375864157,0.005063199069251567,6.4747605,3.1335306612589875e-05,21.591502525674755,20.206731878774267,6.490267630895801,6.450353254500601
205,2220,0.005125291374135088,0.0050934290461803755,6.4937334,3.1862327954712555e-05,21.809281488043872,20.41713461578649,6.537782283546879,6.49714472729952
206,2221,0.005157447332141629,0.005125026775456121,6.514351400000001,3.242055668550847e-05,22.039322370833414,20.639711299657094,6.587205219349522,6.5458027742397595
207,2222,0.0051923844058094915,0.005159355268652632,6.5374650999999995,3.302913715685918e-05,22.287521866934533,20.880318721839842,6.63946219791704,6.5972339133763995
208,2223,0.005224170159578989,0.005190592601049815,6.5567193,3.357755852917421e-05,22.51175874502021,21.097098470369698,6.68780514237406,6.644826133532279
209,2224,0.005255119896400373,0.00522104707841109,6.5716996,3.407281798928352e-05,22.708679975981287,21.286732667213403,6.73173636761288,6.68809542398592
210,2225,0.005283705848320608,0.005249185408004564,6.5837936,3.452044031604373e-05,22.887126399977706,21.45800921112371,6.77269380678304,6.7284511450256
211,2226,0.005307206124303576,0.005272301027851256,6.5930333,3.4905096452320095e-05,23.04696764576325,21.610788439570406,6.810675221759161,6.765887848749781
212,2227,0.005332899816441028,0.005297593050396898,6.6024442,3.5306766044129745e-05,23.208587439730163,21.76533462443941,6.848922418552961,6.803584696805238
213,2228,0.0053596348045736875,0.005323922769242984,6.6114364000000005,3.5712035330703884e-05,23.367948219746076,21.917632611245594,6.88679643741936,6.840914690351921
214,2229,0.005384243423353752,0.005348110382985993,6.6227789,3.613304036775844e-05,23.544181038133143,22.086685472499376,6.9273200250804,6.880837591357259
215,2230,0.005419682768380341,0.005383007797828299,6.6378326,3.667497055204194e-05,23.74706496806255,22.28219939824466,6.97201988053748,6.9248462987974
216,2231,0.005448975452335247,0.005411777477565494,6.654594400000001,3.719797476975373e-05,23.963030524619064,22.490701903932244,7.018734075956959,6.970826055166241
217,2232,0.005484970066692796,0.005447205727126203,6.670907499999999,3.776433956659275e-05,24.1770846219473,22.697297234738766,7.065099253652499,7.016461728581499
218,2233,0.00552139022699194,0.0054830485728274425,6.6875834,3.834165416449764e-05,24.39494386845518,22.90766144936903,7.112012603316719,7.0626314688504
219,2234,0.005549206168687704,0.005510376199307387,6.7016315,3.882996938031624e-05,24.595247935214886,23.10058377449502,7.1561397701536,7.1060716042954
220,2235,0.005581874707893064,0.005542543301952918,6.7137856,3.933140594014617e-05,24.782937841409122,23.280973336147675,7.1982692715648,7.147554489688319
221,2236,0.00561111445899698,0.005571344126238387,6.7227421000000005,3.9770332758592986e-05,24.948340190807464,23.439232736735946,7.236910238153363,7.185622839592301
222,2237,0.005637712589248167,0.005597525577133666,6.7311119999999995,4.018701211450093e-05,25.110084059679366,23.59384465485135,7.274969240324799,7.2231177028432
223,2238,0.005667234689013867,0.005626609922430248,6.7394509000000005,4.062476658361902e-05,25.27215331509742,23.748782352365637,7.313065481992101,7.26064909223078
224,2239,0.005693943416140712,0.005652887870926548,6.748704400000001,4.105554521416366e-05,25.441504655540346,23.910944913767317,7.352275681379442,7.299269227207121
225,2240,0.0057292463755374,0.005687667539731933,6.760123299999999,4.157883580546695e-05,25.627497944990285,24.08961988079006,7.394041782020118,7.340387380085817
226,2241,0.005762334012445081,0.0057201943880969,6.7756238,4.213962434818086e-05,25.844652674842163,24.29922739138765,7.440586574224,7.386180354655799
227,2242,0.005797092446051977,0.0057543430340167845,6.793764100000001,4.2749412035192336e-05,26.082745896020302,24.529610266372277,7.490305984958761,7.435076726110062
228,2243,0.005830747981228512,0.005787410533134363,6.810587400000001,4.333744809414952e-05,26.31233772167723,24.751543811045728,7.53866364770128,7.48263840990628
229,2244,0.005858960536802016,0.0058150974066784045,6.8254948,4.386313012361143e-05,26.52870266673595,24.96033955124065,7.584948990106801,7.5281706753904
230,2245,0.005891391574156302,0.005847017828749301,6.836597,4.437374540700034e-05,26.717156719920006,25.141426256860516,7.626934650076201,7.5694953240092
231,2246,0.00591814945514102,0.005873344374233369,6.844727499999999,4.480508090765056e-05,26.883615778550112,25.300678948079938,7.665545663240499,7.607517905767999
232,2247,0.00594347452146593,0.005898256429691884,6.852098,4.521809177404634e-05,27.04477584982007,25.454664606546338,7.703338248396,7.6447376009704
233,2248,0.005964554502003949,0.0059189724168611235,6.8581905,4.558208514282569e-05,27.19653279280022,25.599320386789646,7.7396897815168,7.6805483840212
234,2249,0.005992355676323058,0.005946360889119262,6.8640041,4.5994787203795795e-05,27.346520599309777,25.742218039601145,7.775765393807719,7.7160885016566
235,2250,0.006013220927908236,0.005966864897175128,6.8698792,4.63560307331079e-05,27.49736865611519,25.88596688675552,7.81196515357376,7.75174919279872
236,2251,0.006037152008651958,0.005990398439379874,6.876557400000001,4.6753569272084405e-05,27.654910133596072,26.036349499521275,7.849174235552842,7.7883944592392815
237,2252,0.006064534888142958,0.006017330776668217,6.8852768,4.720411147474124e-05,27.82899075395567,26.20314978755138,7.888879730911359,7.8274822718944
238,2253,0.006097097481088554,0.006049359295595025,6.8970050999999994,4.773818549352882e-05,28.027535592961897,26.394214041442563,7.932270665151381,7.870170413789861
239,2254,0.006129815926648519,0.006081502955868956,6.9114122,4.831297077956265e-05,28.24830905131388,26.60732095628612,7.978990820116721,7.916110063671239
240,2255,0.006161201266227323,0.006112331188365516,6.9251838,4.887007786180675e-05,28.465075718722915,26.816450072488117,8.025068714514559,7.961421371735242
241,2256,0.006193305097074386,0.006143870629195192,6.9388084,4.94344678791947e-05,28.681702410067192,27.025427152343447,8.071091043294002,8.00667502099336
242,2257,0.006222363628030081,0.006172410403554096,6.9508524000000005,4.9953224475984825e-05,28.886521483665526,27.22269335152765,8.11530709829216,8.050164103936401
243,2258,0.00625382110387207,0.0062033625457758035,6.960197,5.045855809626687e-05,29.070218420078394,27.398991877135508,8.1563351164134,8.090533084380201
244,2259,0.006276680962894687,0.0062258057548874035,6.968176799999999,5.0875208007283845e-05,29.243384669430927,27.564850183348934,8.19577114625744,8.129347748808318
245,2260,0.006304560183373553,0.006253259063313976,6.9736332999999995,5.130112005957699e-05,29.39633151455188,27.710640286738126,8.23217481454168,8.165195315329399
246,2261,0.00632792133268012,0.006276237313930011,6.9786463,5.168401875010886e-05,29.545967384802356,27.85314899132854,8.268077621333159,8.20055408713168
247,2262,0.006352337149600373,0.006300245291068762,6.9847746,5.2091858531611024e-05,29.705194662567642,28.00516841387429,8.30540638713728,8.23730549519432
248,2263,0.006378830922798784,0.006326294931778165,6.9922061,5.253599102061912e-05,29.875711532212637,28.168381876203487,8.344410871819662,8.2756933754325
249,2264,0.006407623222909109,0.006354576865881256,7.002910099999999,5.3046357027852764e-05,30.07417566280827,28.359308934562744,8.387562718598419,8.31813218825206
250,2265,0.006440791362415155,0.0063871448007049025,7.0172791,5.364656171025217e-05,30.304329957968065,28.581655859840975,8.43539803263298,8.365145057369421
251,2266,0.006474061729580427,0.006419785927484156,7.033464,5.427580209627081e-05,30.551009235011175,28.82038090077177,8.485641705329598,8.414508724155203
252,2267,0.006510188691144947,0.006455239602544793,7.0507927,5.494908860015357e-05,30.80875734158353,29.070066439404478,8.53747163504104,8.465418392017979
253,2268,0.006545038963324146,0.006489495880888541,7.063160400000001,5.554308243560513e-05,31.025324033457757,29.278914016877707,8.583175231159522,8.510343043881202
254,2269,0.006572606744949638,0.006516574295989841,7.0723753,5.603244895979742e-05,31.21562985519493,29.461717846086298,8.62498438213472,8.55146224074658
255,2270,0.006597103562334894,0.006540651101879291,7.0784035,5.6452460455602704e-05,31.378991886811736,29.61779898992982,8.6628156577317,8.5886937329397
256,2271,0.006621320236579464,0.006564468420403813,7.0832481,5.685181617565149e-05,31.53246177438105,29.764080282547933,8.69918527152938,8.624499734951
257,2272,0.006648208498859276,0.006590944707070889,7.087246400000001,5.72637917883867e-05,31.678861775671663,29.903345572410466,8.73451175537376,8.659284992995842
258,2273,0.006671866167597074,0.00661420079845243,7.0923967,5.766536914464382e-05,31.835627647541784,30.05288557355131,8.771356534389898,8.69555239418204
259,2274,0.006698522832358833,0.006640383500254643,7.1006026,5.813933210419009e-05,32.01966467835561,30.229452998525066,8.81219531916208,8.73571780976368
260,2275,0.006728482209837239,0.006669791031225003,7.112149700000001,5.869117861223572e-05,32.23386773041722,30.435924518847195,8.85743583459868,8.780181536964282
261,2276,0.006760109484552856,0.006700825650646891,7.1253538,5.9283833905965366e-05,32.463697608948834,30.657879609091157,8.9049331551104,8.8268472863744
262,2277,0.006791581424238302,0.006731719281422244,7.1374545,5.9862142816058395e-05,32.684684231645896,30.87105674987185,8.951108244463098,8.8722190223762
263,2278,0.006820994335626551,0.006760589004237261,7.1483445,6.0405331389290495e-05,32.89570126675296,31.074350910244565,8.9958031728053,8.9161455563444
264,2279,0.006848195189839146,0.006787298987070756,7.1569842999999995,6.089620276839014e-05,33.08719769709237,31.25829739942848,9.0376376560417,8.9572796782585
265,2280,0.006872347677834512,0.006811030992672329,7.162554300000001,6.13166851621827e-05,33.25145341055653,31.41523693913247,9.075501551987182,8.994535247401581
266,2281,0.0068956327837739195,0.006833914504611016,7.1672573,6.17182791629034e-05,33.408194607024136,31.564722443323017,9.112269220572719,9.030718746733259
267,2282,0.006923800600837637,0.006861632532942252,7.1722732,6.216806789538509e-05,33.56811024827938,31.71735631316463,9.149492104596,9.067347286051762
268,2283,0.006948853381153697,0.006886255824610998,7.1778121,6.259755654269838e-05,33.73317099369785,31.875091988899115,9.187455504426561,9.10469940968496
269,2284,0.006975273057356901,0.006912196489771816,7.185611200000001,6.307656758508529e-05,33.91947169009574,32.053862972638264,9.228488382818881,9.145043808179842
270,2285,0.007001088864463156,0.006937478439397182,7.197385799999999,6.361042506597414e-05,34.14318837328313,32.26971157813132,9.2749166419778,9.19065426339504
271,2286,0.007039528954649654,0.0069752183033173765,7.2124281,6.431065133227776e-05,34.39828068980816,32.51664277803822,9.32584249755326,9.24065248462764
272,2287,0.007074103846726132,0.007009128780083529,7.2272601,6.4975066642603e-05,34.65263089693119,32.76282932711074,9.37661712883682,9.290501276447998
273,2288,0.007106135220496412,0.007040540478811863,7.2404656,6.559474168454926e-05,34.89286561302851,32.99501630744163,9.425322447251201,9.33832756918336
274,2289,0.007132346366915954,0.0070662725314889485,7.2479448,6.607383542700518e-05,35.079917417076615,33.174510741421756,9.46636713517088,9.378678660293758
275,2290,0.007162439929118136,0.007095864063622059,7.254566199999999,6.657586549607686e-05,35.259352707154974,33.34646117516103,9.506309147959037,9.4179543836794
276,2291,0.007181988015091179,0.007115034996651559,7.2592449000000006,6.695301843961943e-05,35.42071983520104,33.5004984020648,9.5436559127687,9.45469430859474
277,2292,0.007204071104524701,0.007136736737528793,7.262701,6.733436699590811e-05,35.57068940012654,33.64324713942832,9.579366266886598,9.4898384467982
278,2293,0.007230940041367262,0.007163179261681307,7.2661481,6.776077968595473e-05,35.720802267958426,33.786137198408305,9.615094580336619,9.524999785271781
279,2294,0.007255089975778617,0.0071868962902357225,7.271605,6.81936855428944e-05,35.89054328628544,33.94847061151848,9.653626523449,9.562895775687
280,2295,0.0072845484508334835,0.007215804548948768,7.2812366,6.87439018847158e-05,36.10114442614778,34.15127016695658,9.69798692568016,9.606475361359
281,2296,0.007311060913821166,0.007241750966926475,7.293626299999999,6.930994689469117e-05,36.33934305446633,34.38140591413081,9.746260822635557,9.653872662155779
282,2297,0.007349816161628553,0.007279784984710602,7.308372,7.003117691795069e-05,36.60160611109517,34.63536971141505,9.7979259459456,9.704576336666399
283,2298,0.007382227569280531,0.007311555975931583,7.3216696,7.067159334894768e-05,36.850835298273225,34.87641520151843,9.847698698966559,9.753432525011199
284,2299,0.007410679777656526,0.007339463920132516,7.331162,7.121585752400961e-05,37.06348511739167,35.08122492965714,9.892252624736399,9.7971970194312
285,2300,0.0074390178339882596,0.007367334237521561,7.3358121,7.168359646669842e-05,37.228754343177,35.23910588168709,9.930080445819181,9.834400502232718
