temp,ref,yhat_comm,se_comm,lowerci_comm,upperci_comm,yhat_low,se_low,lowerci_low,upperci_low,yhat_high,se_high,lowerci_high,upperci_high,yhat_marg,se_marg,lowerci_marg,upperci_marg
45,27,-449.09933,130.18776,-704.26263,-193.936,-37.275944,18.978813,-74.473732,-.078155532,-65.206886,28.439505,-120.9473,-9.4664822,-27.930944,35.109093,-96.743507,40.881615
40,27,-236.83362,68.795357,-371.67001,-101.99719,-22.93572,11.796471,-46.056377,.18493645,-30.643456,17.829056,-65.587761,4.3008509,-7.7077355,21.794605,-50.424377,35.008904
35,27,-57.028343,16.896217,-90.144318,-23.912363,-9.7217636,5.2833481,-20.076935,.63340855,-.72841752,9.6460075,-19.634245,18.17741,8.9933453,10.994001,-12.554501,30.541191
30,27,-1.6945505,1.3296402,-4.3005977,.91149634,-1.2444472,1.2306652,-3.6565068,1.1676122,9.6372747,4.6311398,.5604077,18.714142,10.881722,4.7585382,1.555159,20.208286
10,27,-8.6565456,7.2795787,-22.924257,5.611166,-.075899333,6.9765716,-13.749728,13.59793,-84.029366,32.275452,-147.28809,-20.770643,-83.953468,33.043453,-148.71745,-19.189487
5,27,-11.202589,9.4206314,-29.666687,7.2615089,-.098222665,9.0285044,-17.793766,17.597321,-108.74389,41.768234,-190.60812,-26.879656,-108.64567,42.762119,-192.45787,-24.833454
0,27,-13.748631,11.561684,-36.409115,8.9118519,-.12054599,11.080438,-21.837805,21.596712,-133.4584,51.261013,-233.92815,-32.988667,-133.33786,52.480782,-236.1983,-30.477421
-5,27,-16.294676,13.702736,-43.151546,10.562195,-.14286932,13.13237,-25.881842,25.596104,-158.17293,60.753792,-277.24817,-39.097679,-158.03006,62.199444,-279.93872,-36.121387
-10,27,-18.840717,15.843789,-49.893974,12.212538,-.16519266,15.184303,-29.92588,29.595493,-182.88745,70.246574,-320.56821,-45.206692,-182.72226,71.918106,-323.67917,-41.765354
